"","cell1","cell2","cell3","cell4","cell5","cell6","cell7","cell8","cell9","cell10","cell11","cell12","cell13","cell14","cell15","cell16","cell17","cell18","cell19","cell20","cell21","cell22","cell23","cell24","cell25","cell26","cell27","cell28","cell29","cell30","cell31","cell32","cell33","cell34","cell35","cell36","cell37","cell38","cell39","cell40","cell41","cell42","cell43","cell44","cell45","cell46","cell47","cell48","cell49","cell50","cell51","cell52","cell53","cell54","cell55","cell56","cell57","cell58","cell59","cell60","cell61","cell62","cell63","cell64","cell65","cell66","cell67","cell68","cell69","cell70","cell71","cell72","cell73","cell74","cell75","cell76","cell77","cell78","cell79","cell80","cell81","cell82","cell83","cell84","cell85","cell86","cell87","cell88","cell89","cell90","cell91","cell92","cell93","cell94","cell95","cell96","cell97","cell98","cell99","cell100","cell101","cell102","cell103","cell104","cell105","cell106","cell107","cell108","cell109","cell110","cell111","cell112","cell113","cell114","cell115","cell116","cell117","cell118","cell119","cell120","cell121","cell122","cell123","cell124","cell125","cell126","cell127","cell128","cell129","cell130","cell131","cell132","cell133","cell134","cell135","cell136","cell137","cell138","cell139","cell140","cell141","cell142","cell143","cell144","cell145","cell146","cell147","cell148","cell149","cell150","cell151","cell152","cell153","cell154","cell155","cell156","cell157","cell158","cell159","cell160","cell161","cell162","cell163","cell164","cell165","cell166","cell167","cell168","cell169","cell170","cell171","cell172","cell173","cell174","cell175","cell176","cell177","cell178","cell179","cell180","cell181","cell182","cell183","cell184","cell185","cell186","cell187","cell188","cell189","cell190","cell191","cell192","cell193","cell194","cell195","cell196","cell197","cell198","cell199","cell200","cell201","cell202","cell203","cell204","cell205","cell206","cell207","cell208","cell209","cell210","cell211","cell212","cell213","cell214","cell215","cell216","cell217","cell218","cell219","cell220","cell221","cell222","cell223","cell224","cell225","cell226","cell227","cell228","cell229","cell230","cell231","cell232","cell233","cell234","cell235","cell236","cell237","cell238","cell239","cell240","cell241","cell242","cell243","cell244","cell245","cell246","cell247","cell248","cell249","cell250","cell251","cell252","cell253","cell254","cell255","cell256","cell257","cell258","cell259","cell260","cell261","cell262","cell263","cell264","cell265","cell266","cell267","cell268","cell269","cell270","cell271","cell272","cell273","cell274","cell275","cell276","cell277","cell278","cell279","cell280","cell281","cell282","cell283","cell284","cell285","cell286","cell287","cell288","cell289","cell290","cell291","cell292","cell293","cell294","cell295","cell296","cell297","cell298","cell299","cell300","cell301","cell302","cell303","cell304","cell305","cell306","cell307","cell308","cell309","cell310","cell311","cell312","cell313","cell314","cell315","cell316","cell317","cell318","cell319","cell320","cell321","cell322","cell323","cell324","cell325","cell326","cell327","cell328","cell329","cell330","cell331","cell332","cell333","cell334","cell335","cell336","cell337","cell338","cell339","cell340","cell341","cell342","cell343","cell344","cell345","cell346","cell347","cell348","cell349","cell350","cell351","cell352","cell353","cell354","cell355","cell356","cell357","cell358","cell359","cell360","cell361","cell362","cell363","cell364","cell365","cell366","cell367","cell368","cell369","cell370","cell371","cell372","cell373","cell374","cell375","cell376","cell377","cell378","cell379","cell380","cell381","cell382","cell383","cell384","cell385","cell386","cell387","cell388","cell389","cell390","cell391","cell392","cell393","cell394","cell395","cell396","cell397","cell398","cell399","cell400","cell401","cell402","cell403","cell404","cell405","cell406","cell407","cell408","cell409","cell410","cell411","cell412","cell413","cell414","cell415","cell416","cell417","cell418","cell419","cell420","cell421","cell422","cell423","cell424","cell425","cell426","cell427","cell428","cell429","cell430","cell431","cell432","cell433","cell434","cell435","cell436","cell437","cell438","cell439","cell440","cell441","cell442","cell443","cell444","cell445","cell446","cell447","cell448","cell449","cell450","cell451","cell452","cell453","cell454","cell455","cell456","cell457","cell458","cell459","cell460","cell461","cell462","cell463","cell464","cell465","cell466","cell467","cell468","cell469","cell470","cell471","cell472","cell473","cell474","cell475","cell476","cell477","cell478","cell479","cell480","cell481","cell482","cell483","cell484","cell485","cell486","cell487","cell488","cell489","cell490","cell491","cell492","cell493","cell494","cell495","cell496","cell497","cell498","cell499","cell500"
"Burn1_TF1",8,9,8,6,6,10,3,14,7,2,7,15,9,6,4,4,14,11,5,14,5,3,14,11,7,14,12,1,7,8,8,2,16,5,7,6,7,9,3,2,2,6,13,5,5,11,5,10,7,9,2,3,7,3,13,6,11,12,3,2,1,6,5,6,16,14,4,10,6,8,13,4,3,8,10,6,2,9,8,4,6,1,9,3,7,9,11,13,5,8,7,4,5,6,4,5,3,6,6,7,8,12,6,4,15,9,8,3,8,22,11,17,10,10,4,8,11,4,3,11,11,4,13,6,4,16,0,17,9,5,5,0,10,4,4,2,9,8,3,5,7,7,9,5,9,9,9,12,16,6,9,10,2,15,9,7,3,23,5,3,4,9,7,4,4,12,1,2,5,4,8,16,3,15,2,31,5,5,6,8,7,9,3,6,7,15,9,7,10,4,4,4,7,5,7,2,10,9,1,3,5,12,22,5,4,5,9,8,12,6,5,8,8,5,6,11,6,4,7,9,9,12,11,10,6,5,8,2,6,6,7,7,3,9,11,3,6,5,10,11,10,3,4,6,8,9,1,9,4,8,7,3,11,10,11,12,3,3,5,3,7,5,8,17,3,13,3,4,18,8,8,7,11,10,16,4,3,4,2,2,7,15,6,3,6,8,8,9,8,4,3,7,5,6,2,22,1,3,5,5,11,4,10,8,16,1,13,17,2,7,4,8,10,10,8,6,2,6,11,4,6,4,9,13,8,6,16,8,4,3,5,3,11,5,8,5,3,5,14,12,5,2,8,12,3,12,13,5,7,4,1,7,6,5,2,4,9,3,4,9,8,4,10,4,2,9,7,5,11,4,6,2,10,10,8,12,18,13,9,3,2,2,8,16,5,9,4,3,13,4,20,9,9,6,13,7,6,6,5,9,5,11,18,7,11,10,8,8,10,1,2,3,5,6,6,6,2,3,4,7,12,3,11,5,5,10,2,2,15,7,5,6,7,3,6,6,7,4,3,4,14,4,11,5,5,12,4,5,10,12,5,4,7,7,7,8,14,7,6,5,7,7,1,16,17,13,2,6,2,2,3,5,16,5,12,10,1,14,9,10,7,7,5,5,6,8,4,9,6,5,6,9,13,8,11,6,10,12,2,3
"Burn1_TF2",13,17,3,11,9,11,3,14,7,4,4,12,9,4,1,6,14,10,6,9,5,5,9,7,11,7,10,5,7,8,15,5,22,13,11,2,6,6,5,7,8,9,3,6,2,9,8,8,12,4,1,5,6,8,10,2,5,17,1,5,5,3,4,7,17,18,0,11,7,6,11,4,5,9,7,5,6,11,2,4,8,6,11,8,4,9,4,16,2,7,6,5,7,9,7,3,4,5,5,4,15,11,7,8,8,10,3,7,14,19,12,16,10,9,6,5,13,9,8,11,7,4,14,8,5,5,7,14,7,6,11,8,13,9,8,3,8,9,6,7,8,3,11,8,7,2,9,7,11,6,0,9,12,12,13,6,8,10,5,4,3,8,6,15,9,3,4,9,5,9,5,7,4,15,3,18,10,9,17,3,1,6,2,16,18,7,9,12,8,5,6,5,2,8,6,4,11,12,3,5,7,8,16,9,3,6,8,7,13,7,5,8,3,3,9,4,7,3,8,11,5,8,2,8,4,5,7,3,3,5,6,2,3,12,14,7,12,11,3,14,12,1,3,6,9,5,3,4,6,5,1,1,9,4,8,23,4,3,5,7,2,5,11,17,7,2,3,4,12,6,6,9,12,8,11,4,4,5,5,5,4,14,19,3,15,14,21,10,9,6,11,8,9,10,6,29,2,6,8,5,12,6,10,10,14,3,7,14,7,3,7,6,16,5,9,5,7,3,9,4,1,4,11,8,8,5,15,3,7,3,5,3,9,6,4,10,7,3,9,11,6,3,10,9,5,9,8,7,7,9,7,8,11,3,8,4,7,13,6,3,3,5,13,7,5,7,4,11,12,3,10,5,12,10,9,10,19,8,7,4,8,4,8,7,5,6,5,1,12,7,17,13,7,12,6,5,8,13,6,7,12,15,15,5,7,12,9,6,6,6,1,10,6,7,14,12,7,5,2,8,1,5,6,6,6,8,4,4,7,9,6,9,9,5,5,4,6,9,6,8,7,2,13,5,2,9,2,8,13,4,7,5,4,3,8,16,5,2,2,3,18,5,6,13,12,12,7,5,4,6,4,10,15,5,11,13,3,8,2,15,4,1,7,7,5,10,3,5,10,7,8,8,20,9,12,9,13,5,6,8
"Burn1_TF3",17,9,15,11,11,16,14,16,10,6,13,26,18,20,7,12,17,17,11,15,15,16,34,10,6,30,17,10,11,15,10,6,11,12,6,2,12,12,6,12,6,5,11,17,10,15,6,8,11,19,5,6,14,7,12,8,11,20,13,6,11,11,7,23,20,27,9,22,10,10,20,11,10,18,9,9,8,20,7,9,12,12,12,11,7,8,12,22,9,5,11,8,14,8,10,16,7,12,9,7,15,20,20,22,9,10,3,8,22,17,9,22,24,17,11,11,12,13,13,12,16,11,30,11,9,10,4,21,17,9,19,4,9,7,7,11,21,15,1,7,7,12,23,3,1,6,11,18,16,15,11,15,13,11,6,17,8,26,15,14,11,4,12,17,16,14,11,8,11,15,18,17,5,18,18,19,6,9,9,12,7,14,11,10,10,6,11,12,17,14,9,6,27,4,12,27,26,10,9,10,8,12,24,20,7,5,8,19,15,10,15,8,5,10,18,13,9,12,4,14,5,13,9,11,6,12,18,9,12,6,6,16,11,8,10,7,10,13,4,17,23,8,3,18,10,11,12,8,10,3,15,11,18,10,10,14,7,10,8,4,14,8,9,13,11,11,3,9,22,6,11,6,18,15,16,8,23,4,10,7,8,32,5,10,14,8,19,13,11,5,12,14,13,13,13,26,17,13,7,13,14,8,12,17,26,10,6,11,15,10,12,9,18,14,14,10,15,6,12,11,6,10,23,12,7,10,19,10,7,4,14,11,17,10,11,10,7,5,18,15,5,14,10,18,13,23,21,15,9,9,14,17,13,12,9,12,9,8,2,14,13,6,12,5,7,9,2,2,12,15,12,5,21,16,12,12,29,4,12,5,14,12,10,4,16,6,4,15,15,7,21,13,11,13,15,22,16,15,8,22,12,19,14,5,3,15,18,18,13,10,14,7,15,5,6,6,13,18,15,20,18,13,6,6,9,13,13,18,14,22,16,11,10,13,6,12,4,12,13,7,20,6,8,8,10,13,13,9,10,11,12,15,17,3,15,17,9,11,10,22,17,13,9,14,15,17,11,7,14,6,10,12,20,8,24,13,13,25,5,18,7,9,13,4,12,12,9,12,8,14,9,15,21,13,21,16,16,16,11,12
"Burn2_TF1",16,10,10,18,16,14,10,17,20,13,6,15,11,7,18,12,12,19,5,15,14,9,12,8,13,20,31,12,16,15,21,21,14,11,4,12,18,10,11,15,12,14,12,15,20,26,15,18,15,17,20,17,12,12,23,18,19,23,6,10,11,15,15,8,14,12,5,18,10,20,11,12,11,11,8,9,10,14,14,9,10,10,11,11,12,14,8,23,9,9,21,13,9,13,14,12,16,20,19,14,17,19,13,10,16,21,3,11,26,23,19,24,22,31,9,13,28,10,11,11,10,11,23,17,10,8,10,19,11,8,20,14,20,11,6,16,19,14,18,15,0,9,12,16,12,17,21,23,20,17,9,14,22,30,12,28,20,35,26,11,3,8,5,11,19,15,10,14,10,11,18,27,8,20,10,35,14,18,9,13,3,14,6,13,16,12,15,19,17,15,6,9,16,7,12,12,12,10,20,14,11,21,26,16,16,14,16,20,18,6,13,21,16,8,18,14,9,6,8,25,7,16,10,27,10,16,14,6,11,15,17,10,9,15,8,8,19,14,16,27,18,14,21,5,8,10,13,15,7,13,14,14,13,20,8,13,11,12,18,8,9,12,5,21,9,11,25,20,19,19,15,24,15,16,15,17,12,18,12,13,17,37,19,9,21,18,13,14,28,18,13,10,11,8,19,32,8,9,15,7,23,18,24,13,15,25,7,35,14,11,16,6,11,19,21,16,10,15,13,10,17,15,16,12,21,13,20,17,22,12,11,20,18,11,14,16,12,8,31,11,10,9,10,11,8,15,23,10,15,14,13,15,12,6,10,14,15,9,9,14,11,9,20,11,14,14,3,8,21,12,8,8,7,21,11,24,23,14,10,17,13,9,10,8,17,11,17,11,21,12,30,24,18,15,23,16,17,22,12,12,19,25,29,7,9,27,10,13,12,9,5,16,19,14,16,17,19,8,13,11,10,20,11,14,12,14,14,23,12,27,4,12,13,15,11,15,16,22,8,21,19,18,11,7,14,13,16,19,17,8,12,16,20,7,19,22,19,10,12,15,13,15,13,19,12,14,10,13,11,13,12,17,23,16,26,12,11,20,5,20,24,19,12,6,10,9,14,8,20,15,12,18,23,17,15,12,19,25,15,17
"Burn3_TF1",15,11,9,4,21,12,5,11,7,5,6,10,11,7,3,4,12,21,6,18,11,4,20,9,8,10,4,4,11,11,13,4,8,5,5,5,4,7,9,7,4,6,5,14,11,16,3,15,13,10,1,12,3,5,6,2,7,12,5,1,6,7,10,8,20,11,6,8,12,12,5,10,2,10,7,1,3,7,8,1,7,4,15,11,12,9,6,11,3,1,4,5,4,6,11,4,6,6,4,3,11,10,9,6,7,4,11,5,15,24,15,27,16,15,8,7,9,9,14,10,8,10,18,4,8,4,3,14,14,7,14,10,20,7,4,4,13,16,6,13,4,7,8,14,5,7,18,9,23,6,2,10,11,16,9,17,16,20,4,5,13,6,7,17,3,14,5,5,6,16,11,12,6,12,9,19,14,15,13,5,9,6,4,9,9,9,15,7,12,8,5,6,3,8,3,3,13,12,9,10,7,15,31,11,5,6,11,14,16,6,3,10,7,1,6,10,5,1,2,7,7,11,7,8,6,2,24,2,9,8,15,5,2,9,5,4,7,5,6,14,13,5,3,10,8,14,8,3,2,4,6,5,9,6,10,15,7,9,12,9,4,10,13,13,5,5,2,10,11,7,6,7,10,14,16,5,7,11,7,6,8,21,21,9,7,3,14,13,8,14,5,3,5,17,4,20,9,4,4,6,14,13,12,11,16,3,11,16,5,5,5,8,10,7,13,7,5,7,8,7,3,10,11,8,7,5,7,6,2,10,4,12,8,12,7,13,7,6,12,14,4,6,5,13,5,10,11,0,5,7,7,4,1,7,9,5,8,9,8,5,5,9,11,7,6,11,9,6,9,12,9,3,11,13,9,13,27,12,8,5,7,3,5,8,8,10,5,4,3,14,24,17,12,6,10,5,17,12,12,16,17,16,12,8,5,17,8,3,4,8,12,6,5,6,9,9,2,9,6,8,6,7,7,4,15,6,6,6,6,11,6,16,13,9,6,11,10,6,8,7,9,4,12,15,5,12,8,15,8,8,4,6,13,9,3,13,12,4,9,6,13,13,14,11,12,9,5,4,10,1,4,8,20,8,19,13,7,7,6,14,5,5,5,9,10,4,5,12,4,9,4,7,6,14,10,10,9,15,5,5
"Burn3_TF2",7,3,3,2,11,10,2,2,7,8,5,14,12,4,3,13,6,8,2,12,8,4,7,11,8,10,6,4,1,7,17,0,7,4,1,3,7,5,7,3,5,3,8,5,3,12,4,2,7,12,4,4,2,4,12,0,7,9,3,2,1,9,4,6,8,11,6,4,5,8,9,10,6,4,7,6,1,9,3,10,4,5,15,9,7,12,6,7,6,8,2,2,3,6,6,3,0,8,7,7,6,5,11,5,2,0,7,1,11,18,2,14,14,2,9,2,5,0,6,11,6,2,17,1,8,12,4,14,10,4,10,7,12,3,3,9,11,6,4,6,5,3,8,9,5,5,7,8,18,3,4,11,12,4,4,11,6,16,6,0,4,5,1,6,4,8,1,2,4,9,9,12,2,11,4,18,6,21,16,5,3,6,4,6,11,9,15,9,8,2,1,3,6,3,4,8,9,7,4,6,10,15,20,8,1,5,5,9,17,6,3,10,6,2,7,15,2,6,6,10,2,7,7,7,2,4,9,5,6,4,6,2,1,6,4,4,12,2,6,7,5,3,5,5,5,9,3,1,5,2,5,3,6,8,6,10,2,4,2,1,2,0,1,12,3,2,1,4,11,4,5,5,5,3,11,2,1,1,3,3,8,16,10,3,7,5,7,3,13,3,6,2,2,1,5,19,0,5,8,4,5,5,6,7,10,4,8,11,3,5,3,7,8,6,8,6,1,2,5,3,10,11,4,7,6,6,10,9,5,5,1,6,13,10,4,9,5,5,9,3,3,4,5,10,4,9,13,4,6,4,3,9,4,3,2,3,2,4,5,10,4,4,11,6,10,7,5,8,6,5,3,1,8,15,11,6,13,9,4,2,5,2,12,11,7,6,5,6,7,8,25,13,4,3,12,6,6,8,7,4,12,10,11,3,5,12,7,6,8,5,2,5,6,3,3,6,5,6,5,8,3,3,11,3,1,5,9,4,8,1,3,7,5,7,8,12,1,9,3,2,12,2,4,2,4,6,1,8,9,4,12,11,7,4,8,9,8,4,3,3,8,1,1,15,10,14,2,3,5,4,8,9,13,3,12,14,4,3,2,9,7,3,5,5,1,9,2,3,3,6,4,12,7,8,7,5,15,13,3,5
"Burn4_TF1",5,10,7,10,14,7,9,10,6,4,3,18,10,4,4,9,11,19,11,7,6,3,8,11,8,11,6,2,6,7,15,2,16,12,12,1,5,3,4,9,5,6,11,12,8,13,5,10,11,12,6,11,9,8,13,8,5,9,3,2,2,3,7,10,8,16,9,6,11,15,14,10,3,10,6,7,3,12,5,8,6,9,9,7,6,5,1,11,8,4,6,5,6,7,3,6,8,15,9,6,13,11,10,6,7,8,6,8,12,12,8,21,14,9,8,6,13,8,8,10,9,4,17,8,8,10,6,15,7,5,19,5,5,11,2,7,22,4,2,3,7,9,13,5,12,15,3,12,13,6,3,16,10,10,4,13,11,23,11,7,3,10,3,8,4,12,6,5,6,12,11,18,9,9,1,18,12,17,19,4,2,9,8,9,14,11,6,13,15,6,5,6,4,10,5,4,10,15,9,5,9,14,18,10,6,5,6,10,11,3,4,2,6,5,8,13,10,5,3,9,4,12,6,11,9,5,14,8,3,7,9,5,0,9,9,4,6,6,6,15,10,6,4,7,6,9,4,5,4,9,7,6,8,7,6,11,7,7,13,7,3,4,13,18,7,2,7,2,15,6,6,5,8,4,11,9,5,3,6,2,13,11,18,9,13,12,17,9,13,6,8,7,8,7,0,18,8,2,11,5,9,4,11,14,14,6,14,12,6,14,8,6,14,4,13,5,6,3,11,6,6,4,14,6,11,8,10,8,2,9,8,8,7,3,6,8,3,4,8,13,5,6,4,12,5,17,11,10,4,5,6,11,10,4,4,3,5,12,9,19,4,12,12,7,5,7,3,12,15,8,6,8,22,15,20,15,22,15,4,2,7,6,12,7,8,6,3,3,15,6,21,12,8,7,13,11,10,5,6,8,10,21,14,11,8,6,2,10,13,8,6,6,4,12,3,17,9,5,6,6,12,3,7,14,8,18,7,7,15,4,9,7,11,3,5,7,6,6,9,10,14,5,15,5,4,8,5,6,6,3,7,6,18,4,6,11,15,9,7,8,14,6,9,13,14,13,14,3,5,5,8,3,4,8,19,14,7,11,8,9,11,6,7,5,10,9,4,13,7,9,3,9,13,8,17,7,19,10,3,7
"Burn5_TF1",3,6,5,10,10,9,9,13,3,2,4,2,9,3,11,5,11,9,4,11,6,4,13,7,5,9,1,4,4,2,6,1,9,3,11,2,4,2,0,1,1,3,8,3,3,7,6,5,8,5,1,6,7,6,8,2,9,9,2,4,2,8,3,7,15,12,6,3,3,11,2,6,4,5,5,1,2,6,1,7,6,9,11,5,4,6,3,6,1,2,1,8,3,8,2,1,3,5,2,4,2,6,8,2,5,5,1,6,17,12,1,8,7,5,3,2,9,3,10,6,3,4,15,1,3,6,0,10,7,0,7,3,4,6,3,4,10,3,5,5,5,5,2,4,7,2,3,12,15,4,4,13,3,5,3,13,3,6,4,0,3,2,3,3,2,13,2,2,4,5,6,11,5,8,0,20,7,7,7,3,5,4,7,4,9,7,10,14,14,2,0,5,6,2,6,1,12,4,6,6,4,9,7,8,1,6,4,10,11,2,5,1,4,1,8,5,3,4,2,8,2,6,6,7,5,1,12,4,1,6,3,4,1,4,4,3,6,1,3,11,4,6,9,7,5,6,2,3,3,5,9,3,7,4,3,20,1,3,6,8,3,3,6,8,8,5,1,3,10,4,4,7,5,8,11,4,5,2,4,1,2,11,4,2,4,6,11,5,6,2,3,2,2,3,7,18,3,4,7,7,7,1,6,3,9,3,8,8,0,5,6,3,7,7,8,4,7,4,6,0,3,4,3,3,8,4,7,3,2,6,3,1,11,4,4,7,2,9,5,5,6,3,6,12,3,18,4,2,11,2,4,9,0,1,7,3,3,3,3,7,3,4,7,5,7,7,4,9,5,1,5,3,4,6,13,6,15,3,4,2,4,0,4,6,8,2,8,3,7,1,13,8,7,13,11,6,5,8,3,6,9,9,11,3,6,6,5,5,7,5,2,7,7,7,7,5,3,8,4,4,3,4,6,8,3,1,8,2,3,6,6,3,6,3,3,7,4,4,4,6,7,7,4,3,5,7,6,6,12,3,5,7,2,3,12,8,9,0,2,1,5,6,4,10,9,9,2,4,5,3,4,6,9,4,10,7,6,3,5,9,6,5,7,4,4,1,4,9,2,9,3,14,8,11,11,2,9,14,2,8
"A1_TF1",6,9,4,7,12,18,5,11,5,8,2,9,8,6,1,5,7,8,5,10,8,7,10,7,10,9,8,8,10,7,5,1,9,4,2,2,3,5,6,5,5,6,7,10,4,9,1,6,8,9,0,6,10,3,11,3,4,5,2,5,3,4,10,14,13,12,5,16,5,7,7,9,1,7,5,4,3,10,4,0,7,4,12,12,5,7,4,19,2,5,3,2,2,5,6,5,5,6,2,5,9,13,10,4,9,5,5,5,11,13,9,11,12,10,6,1,9,2,8,9,5,1,12,2,9,2,2,9,6,6,6,0,10,7,9,3,9,9,5,2,6,7,8,4,3,6,7,10,16,5,2,11,10,12,5,13,3,14,3,0,4,8,5,12,8,14,2,10,5,10,6,10,7,8,5,23,8,13,4,4,3,9,10,8,8,10,10,10,16,4,7,3,6,8,4,0,11,10,3,7,9,18,15,9,3,9,10,4,16,8,8,6,10,0,8,9,7,5,7,12,6,10,9,5,2,3,14,0,2,4,1,5,9,7,7,0,7,3,7,7,7,4,5,5,7,5,5,5,8,1,2,7,5,13,6,15,3,5,4,6,2,11,7,14,5,4,3,8,12,4,2,10,19,9,8,6,6,1,7,7,6,10,8,6,7,10,7,13,8,3,2,4,6,6,5,19,3,4,7,2,16,2,4,4,10,5,10,7,2,3,9,9,8,7,11,6,6,2,7,6,3,6,10,4,6,5,18,3,2,3,3,0,8,0,0,11,3,3,14,12,4,6,10,5,6,5,13,1,7,6,5,7,6,2,11,1,2,4,7,2,5,4,10,9,8,6,0,5,6,2,6,2,11,18,9,10,21,2,4,0,13,0,2,4,15,4,3,1,11,4,24,5,3,12,14,15,7,6,7,8,5,11,12,5,3,11,14,7,17,6,3,6,5,6,4,7,1,9,2,11,7,7,6,2,11,6,7,3,14,8,3,2,13,5,4,8,4,2,5,7,11,5,7,5,5,5,1,8,11,5,6,12,6,9,8,9,11,4,4,9,8,2,4,9,7,15,0,3,2,4,3,6,14,2,20,13,3,10,7,19,3,2,5,7,8,10,3,7,3,8,3,7,12,12,7,6,12,11,4,8
"A1_TF2",10,12,3,4,9,11,8,7,7,3,2,7,11,3,4,6,13,14,5,7,8,2,7,9,7,11,6,8,1,4,8,2,12,3,3,1,4,4,6,10,5,1,2,5,2,12,6,7,5,6,0,1,7,6,7,5,4,10,6,2,2,7,4,9,11,7,3,8,1,9,6,7,5,7,7,5,4,4,3,8,9,11,5,4,5,5,5,4,2,7,8,3,9,8,5,4,6,11,4,4,6,9,7,6,4,4,3,4,10,11,7,11,7,8,4,4,16,3,9,5,13,5,10,2,4,10,2,13,7,7,12,4,10,8,4,2,9,4,2,9,7,10,10,9,5,1,3,11,6,6,2,8,6,6,5,11,10,13,4,0,3,4,3,4,1,13,7,3,3,15,9,8,7,9,4,21,7,11,8,2,7,11,4,6,14,6,9,7,8,5,5,2,4,2,6,0,14,8,5,5,8,11,21,8,9,9,6,13,9,3,2,4,5,0,8,13,0,2,4,8,8,13,5,3,3,1,9,0,4,4,9,8,2,8,7,0,6,5,5,7,9,3,8,3,4,1,2,3,9,3,6,3,8,6,9,6,1,4,6,3,2,6,6,19,3,7,6,4,14,5,4,7,8,7,6,3,6,2,5,3,6,19,9,4,4,7,17,4,10,1,3,8,8,10,6,25,1,8,9,8,5,3,7,6,11,2,10,7,7,2,5,7,12,9,11,4,3,1,5,5,4,5,14,8,10,3,10,5,2,6,3,2,8,6,0,5,8,3,5,5,6,7,12,11,1,3,11,2,7,2,3,8,7,5,6,3,4,4,6,2,3,3,6,5,4,10,6,5,11,5,4,1,7,11,11,10,26,11,4,0,8,0,6,0,6,3,8,0,4,5,17,6,7,5,11,10,7,11,7,10,7,14,7,2,2,10,5,6,7,5,1,2,10,2,3,11,0,6,2,4,9,4,12,3,5,10,2,4,9,6,4,4,6,8,5,10,5,3,4,5,11,9,5,2,3,6,1,8,8,5,5,4,6,3,4,9,6,3,4,3,8,2,0,10,6,15,0,1,8,3,6,3,11,5,14,7,5,3,6,16,4,7,3,4,6,7,5,4,6,4,1,11,9,8,8,6,14,14,2,4
"A2_TF1",17,12,5,7,16,12,6,15,7,7,13,7,6,6,5,11,9,13,9,7,16,3,13,9,11,16,15,6,10,8,19,2,12,5,11,10,7,7,5,8,12,10,9,14,6,13,12,12,10,4,0,6,9,11,11,9,16,10,10,7,8,9,10,10,17,27,9,12,6,14,20,11,9,12,7,12,5,16,5,11,10,8,15,8,3,14,5,15,11,6,10,6,11,12,11,5,2,12,8,11,15,11,14,4,17,2,12,7,10,14,9,22,11,17,8,14,18,11,9,21,9,11,22,2,15,10,6,14,11,10,10,4,10,8,7,11,29,8,5,10,6,4,10,14,13,11,6,15,13,6,6,15,11,14,10,27,6,17,19,0,8,10,4,11,9,11,8,9,4,9,10,12,5,11,3,26,11,19,10,8,6,7,7,22,10,9,18,9,11,3,4,11,1,6,7,0,18,15,7,11,15,12,18,9,8,9,10,19,20,9,4,14,4,0,10,8,13,4,10,12,8,16,10,5,4,5,12,0,5,14,8,9,15,10,8,0,6,8,15,23,7,8,8,5,4,17,7,12,7,8,10,6,13,10,12,15,8,8,6,6,12,7,6,20,11,4,5,6,13,6,8,12,15,13,14,10,2,1,6,1,6,25,16,6,6,14,19,9,8,1,5,6,10,16,8,35,6,8,11,5,13,1,9,15,29,10,7,18,9,7,8,8,9,3,21,7,14,7,10,4,13,7,10,14,20,6,10,9,10,6,6,4,17,16,0,14,6,5,24,9,18,4,6,19,14,13,16,9,11,6,0,12,4,4,10,13,10,5,9,10,7,6,16,7,10,7,5,12,17,8,3,7,16,17,14,10,36,10,7,0,7,0,10,17,10,11,6,14,10,14,25,11,8,9,19,11,12,9,8,12,15,14,18,9,5,12,6,6,13,11,5,14,12,13,6,15,3,9,8,14,9,8,11,8,13,8,2,11,12,3,6,9,15,9,13,24,4,8,10,10,19,13,19,4,10,12,0,14,14,4,7,11,18,20,10,14,13,9,3,2,16,0,7,17,12,18,0,7,6,9,12,11,23,5,16,5,10,9,6,24,13,10,14,12,7,7,6,14,7,13,12,20,15,13,16,15,12,24,5,5
"A3_TF1",1,5,0,0,3,4,0,3,1,1,0,9,2,1,0,0,3,1,2,2,2,0,0,0,3,3,1,1,0,3,5,3,0,3,0,0,1,3,0,0,0,1,0,4,0,0,0,3,1,0,3,3,0,2,0,0,0,0,1,0,0,0,0,4,0,2,0,5,1,1,3,0,1,1,2,2,3,0,2,0,3,3,1,1,0,3,1,0,0,0,0,0,1,0,0,0,0,0,0,3,0,7,2,0,2,0,0,3,3,2,0,6,2,5,0,1,2,0,1,0,1,0,2,6,1,0,0,3,0,1,3,2,2,2,0,3,0,4,0,0,1,0,2,1,1,1,0,3,3,0,0,5,1,1,3,3,2,2,3,4,2,0,1,3,0,0,0,3,0,4,0,4,2,6,1,0,2,4,1,1,1,2,0,1,1,4,1,0,3,0,1,0,1,1,0,1,1,1,0,1,1,0,0,6,0,1,0,2,1,1,0,2,0,0,0,0,1,2,0,2,4,1,2,1,0,1,0,7,0,1,0,3,2,2,3,2,0,0,0,1,2,4,0,2,1,3,1,2,0,1,1,0,0,3,2,6,0,0,3,0,3,0,0,2,1,0,3,0,3,1,0,0,0,0,1,1,2,0,0,0,5,3,0,0,0,2,0,0,1,0,0,0,2,2,0,3,0,1,0,0,1,1,0,3,4,0,4,0,1,2,2,0,1,1,2,0,1,0,0,0,2,1,5,0,2,0,3,1,1,0,0,1,0,2,6,0,3,1,0,3,3,0,2,1,1,4,0,0,1,2,2,0,2,4,1,0,0,2,1,2,0,1,4,0,0,1,0,0,3,1,2,0,4,2,0,0,2,1,0,4,0,0,0,1,3,2,0,0,0,2,0,2,2,2,3,0,1,2,2,3,3,3,2,0,2,0,0,1,2,2,0,0,3,2,0,1,0,4,0,1,1,0,1,1,1,2,0,0,1,2,0,2,1,1,0,0,1,0,2,0,1,0,0,0,0,0,0,1,2,1,0,1,6,3,0,3,3,0,2,1,6,5,2,1,0,5,2,1,0,0,0,0,7,1,3,1,2,0,2,0,0,0,1,0,0,0,0,1,1,5,0,0,0,0,0,2,0,0,2,1
"A3_TF2",3,6,4,0,1,4,0,3,2,0,0,10,3,2,2,0,1,2,0,1,3,0,0,1,3,2,0,0,2,2,1,4,3,1,1,1,2,1,0,0,0,2,2,3,0,4,0,1,0,0,9,0,0,2,4,0,1,1,1,0,0,1,0,2,0,3,0,2,0,1,0,6,1,0,0,1,0,7,1,3,1,4,2,1,1,0,0,1,0,0,3,0,2,1,2,1,0,3,2,2,0,0,5,0,2,0,1,4,0,8,0,2,6,2,0,4,1,3,0,0,0,0,2,3,2,0,1,2,0,3,0,4,8,4,1,0,4,0,1,0,1,2,4,0,2,2,0,3,2,1,0,5,6,3,1,0,1,3,0,1,1,0,2,1,0,0,0,3,0,2,0,0,2,2,3,0,0,3,0,3,1,0,0,2,0,4,3,3,4,3,3,2,5,2,0,5,2,1,0,1,0,6,4,0,2,2,0,2,5,1,2,3,0,3,1,1,0,4,1,4,0,3,0,0,0,1,0,7,0,1,0,3,0,4,1,5,2,0,0,0,5,3,3,1,0,0,2,2,1,0,0,0,1,1,1,0,0,1,1,0,2,3,0,2,0,3,1,0,1,1,0,2,0,3,3,0,3,0,2,0,1,6,2,0,3,1,5,1,2,0,0,0,1,0,1,4,1,3,4,3,3,0,0,0,0,2,2,0,1,0,2,0,2,2,5,0,1,1,0,0,2,1,4,2,0,3,0,0,0,2,0,1,2,1,3,0,2,3,4,1,1,0,0,0,1,5,3,1,0,2,7,0,2,3,1,0,1,3,0,1,1,1,0,0,0,1,2,5,5,1,0,0,0,7,5,2,0,3,3,4,0,10,2,1,0,0,1,0,0,0,4,2,0,3,0,3,2,2,2,5,1,5,1,0,3,1,1,1,8,1,1,1,1,2,0,2,0,0,0,2,0,1,3,2,0,2,0,1,1,2,1,1,2,0,1,5,2,0,1,0,1,0,2,1,0,4,0,0,1,1,0,2,6,0,3,5,5,2,0,3,0,5,1,1,3,3,1,3,2,0,4,1,8,4,11,1,2,2,1,1,0,0,1,2,1,3,0,0,2,4,0,0,0,2,6,0,6,2,0,0
"A4_TF1",22,24,6,18,10,10,19,27,18,7,1,20,23,14,24,17,23,15,16,20,16,0,31,8,16,14,19,13,17,8,23,0,12,19,13,0,20,5,1,10,12,17,8,8,0,22,19,21,17,13,0,10,21,16,19,18,11,31,9,18,13,11,15,14,20,34,17,24,14,8,21,11,16,25,16,10,17,21,10,13,18,4,22,7,9,27,15,14,15,12,18,16,14,7,5,14,4,22,8,14,22,23,18,10,14,16,7,13,20,15,11,17,15,20,6,11,15,15,14,33,18,24,16,0,14,13,14,18,13,13,23,11,23,13,0,19,19,10,13,14,11,12,17,17,12,1,11,15,31,19,5,13,17,22,10,23,15,23,8,0,11,17,15,18,2,22,11,16,9,12,13,21,20,28,0,26,12,30,16,13,20,24,22,17,21,19,25,21,18,14,13,5,0,9,16,0,26,14,19,10,6,14,27,24,9,15,14,24,23,13,14,6,12,0,18,7,9,9,10,15,13,17,24,15,20,21,23,0,0,18,22,20,2,14,14,0,8,5,10,23,23,12,7,13,17,20,5,14,14,4,12,13,5,10,18,22,14,28,14,12,8,5,8,24,4,11,0,8,24,14,3,17,18,15,13,8,0,0,8,10,21,27,16,6,11,19,21,17,20,14,18,10,17,15,15,40,13,12,16,15,25,0,11,10,15,10,21,14,2,13,11,9,20,21,17,16,20,25,26,7,8,11,27,14,9,15,21,8,17,17,7,1,9,3,0,18,27,16,17,7,7,6,11,21,14,26,26,14,12,10,0,19,19,12,16,13,11,11,17,13,21,13,15,16,6,16,30,9,14,16,14,0,15,26,23,15,25,16,15,0,10,0,10,14,27,9,17,19,11,4,30,30,11,11,17,8,16,24,14,23,16,47,25,19,14,20,10,10,14,10,23,15,17,15,9,22,20,14,27,19,16,10,25,14,8,8,13,13,25,22,13,15,17,9,13,19,9,4,14,28,28,7,8,15,5,14,7,10,21,16,13,19,14,8,20,29,15,12,23,0,15,0,16,8,11,31,0,7,19,13,4,19,16,7,14,24,15,19,9,22,9,8,15,10,8,13,18,13,12,13,13,15,22,22,15,23,12,9,8,7
"A4_TF2",14,7,5,15,21,15,14,12,9,13,1,18,7,10,13,8,15,9,7,19,14,0,12,19,13,21,6,9,11,14,9,0,11,13,10,0,9,10,1,9,5,19,8,6,0,22,8,10,15,10,0,13,17,3,21,17,8,14,11,5,16,5,12,14,14,15,15,15,4,8,15,19,14,10,14,23,17,16,8,11,13,11,16,9,11,7,17,20,10,2,12,10,8,15,7,10,8,5,5,4,10,19,12,7,13,18,11,7,21,20,7,20,22,17,13,13,15,8,9,12,16,12,27,0,12,15,12,16,11,9,22,8,14,3,1,10,15,19,9,12,10,10,11,11,9,4,17,9,29,9,2,22,15,21,15,14,26,36,10,0,7,8,6,10,0,16,8,15,14,6,27,20,10,17,0,27,19,27,18,8,7,13,6,13,12,15,13,13,21,15,11,14,0,6,5,0,11,11,11,12,4,14,15,22,8,8,22,23,25,10,14,7,8,0,16,7,10,4,13,12,13,13,14,12,11,8,6,0,0,8,6,8,1,10,18,0,4,6,9,17,15,14,14,7,10,9,9,8,8,8,11,7,13,11,8,15,10,5,9,9,8,10,11,22,10,10,0,3,18,13,11,18,18,8,13,6,0,0,6,18,16,16,12,3,10,14,20,7,8,5,11,13,20,14,11,23,10,12,19,16,16,0,15,17,21,2,11,21,3,6,10,5,19,19,19,15,9,10,13,14,8,7,14,10,15,8,13,6,13,6,4,0,6,6,0,16,8,11,15,5,12,7,13,22,5,19,13,2,14,3,0,14,13,21,12,2,15,16,10,11,18,9,15,15,8,16,10,15,26,7,5,0,7,17,12,18,19,14,16,0,12,0,9,10,11,7,7,10,11,4,31,16,17,10,9,16,13,19,11,13,9,24,10,9,4,23,4,6,8,10,7,11,7,14,15,6,12,11,14,12,13,10,10,15,15,7,8,6,6,16,5,9,7,8,19,12,16,3,8,6,11,7,9,14,4,11,10,6,15,15,12,7,10,11,22,19,16,10,13,0,15,0,2,21,15,15,0,11,11,2,10,17,18,4,30,17,9,9,6,19,8,16,10,7,5,5,9,9,7,10,5,11,16,15,17,18,14,22,14,5
"B1_TF1",17,25,9,4,15,9,14,17,1,6,0,19,7,7,8,10,12,12,6,13,21,0,9,5,17,20,12,7,20,14,22,0,17,26,9,0,19,6,0,7,10,8,15,12,0,15,9,14,10,15,0,4,10,9,12,10,7,16,13,8,6,11,9,13,12,16,8,16,4,20,13,11,7,16,11,7,11,14,10,5,9,10,20,11,9,10,10,10,11,13,9,11,9,6,7,7,14,14,4,10,25,10,13,19,26,15,12,11,16,24,2,7,19,10,8,12,12,16,11,13,7,7,10,0,6,14,14,19,16,10,18,9,23,5,0,18,15,14,10,7,9,8,12,8,7,0,8,19,19,13,0,21,13,11,12,12,7,29,16,0,7,4,8,9,0,16,7,6,8,9,9,16,12,10,0,33,15,22,9,7,11,15,11,14,12,10,12,12,20,9,6,15,0,11,12,0,16,12,5,3,12,21,19,10,14,10,14,17,18,10,11,8,9,0,15,6,12,20,7,8,5,15,18,18,4,12,26,0,0,8,15,7,0,8,10,0,13,8,8,19,10,10,14,8,8,9,5,10,5,2,10,11,11,13,10,20,9,7,9,8,4,7,11,28,0,11,0,4,12,10,15,11,9,6,21,9,0,0,9,5,22,20,20,13,10,14,13,11,8,3,5,7,12,8,4,23,4,6,12,11,11,0,12,7,19,3,10,14,0,16,8,8,18,9,24,9,11,10,14,13,9,15,13,7,14,12,13,11,7,7,2,0,15,10,0,15,6,8,13,11,11,13,13,15,12,15,12,0,6,3,0,3,6,9,9,3,6,10,12,17,6,10,25,9,9,18,15,9,11,7,9,0,16,17,20,20,41,16,10,0,10,0,16,8,19,5,11,2,10,16,25,15,7,15,21,23,15,19,10,12,11,22,7,7,5,11,8,8,9,10,7,9,10,6,10,16,4,14,6,10,7,14,7,6,13,8,7,11,14,13,12,8,10,3,9,21,9,0,7,11,11,6,18,18,13,15,9,12,11,10,25,25,8,7,9,15,14,11,11,0,18,0,7,18,14,22,0,9,10,15,9,12,16,12,17,8,5,7,7,13,8,8,10,7,2,7,15,7,10,13,12,13,17,11,18,17,12,9,9,4
"B1_TF2",6,8,5,9,9,12,3,14,1,5,0,11,10,3,4,8,7,16,3,7,9,0,16,11,2,12,10,10,7,8,12,0,7,7,5,0,3,8,0,6,1,7,7,11,0,8,9,6,12,9,0,6,11,6,13,5,5,14,7,8,4,3,8,4,13,13,2,9,2,7,4,6,6,10,4,7,12,11,5,11,8,5,13,9,3,4,13,14,8,7,5,3,3,1,7,7,0,13,6,3,4,9,11,11,11,6,10,11,8,10,3,26,16,8,5,6,13,5,5,7,4,6,17,0,11,13,4,13,9,3,13,5,8,8,0,6,13,4,2,11,6,4,15,5,7,0,5,9,18,4,0,6,8,15,4,5,4,10,9,0,3,6,7,6,0,16,5,7,1,6,7,10,3,8,0,18,2,17,11,4,3,4,3,8,11,12,10,9,10,3,10,3,0,5,6,0,13,14,5,5,8,10,16,8,6,6,14,12,8,4,6,8,5,0,12,8,1,4,5,15,6,13,14,8,8,4,7,0,0,10,4,2,0,8,13,0,11,4,3,10,10,9,9,10,3,11,1,4,9,0,6,0,11,9,6,6,4,2,10,8,3,10,7,11,2,6,0,0,12,6,3,6,7,12,12,5,0,0,7,4,9,13,8,7,6,7,13,12,9,2,3,10,11,8,0,25,8,7,12,9,11,0,10,12,15,4,5,14,1,9,7,6,7,9,7,5,6,5,7,4,5,12,8,5,18,9,13,5,8,16,1,0,13,5,0,7,8,8,10,3,3,6,8,10,4,12,8,1,6,4,0,9,3,7,14,1,2,4,3,7,4,4,10,8,3,7,3,6,10,10,3,0,8,15,17,13,32,9,1,0,8,0,11,3,6,5,2,5,15,7,13,18,10,12,10,12,8,19,4,9,15,19,3,4,4,9,6,9,9,7,7,5,7,4,3,10,3,9,0,7,8,9,12,7,6,10,6,4,15,11,4,6,3,7,0,10,8,1,5,6,12,4,9,9,6,4,6,6,8,5,12,9,15,5,7,17,11,1,6,0,10,0,7,13,10,17,0,1,3,3,5,5,14,4,8,10,5,15,8,21,8,8,4,6,1,8,0,8,1,10,3,7,13,10,6,9,17,9,3,7
"B2_TF1",41,23,26,30,38,37,27,35,31,27,0,32,29,8,24,14,67,46,32,30,17,0,35,23,18,33,21,23,16,21,20,0,40,27,15,0,28,21,0,18,28,29,23,45,0,25,30,32,46,38,0,22,25,25,26,31,27,25,7,18,37,22,24,32,24,27,55,23,26,40,48,8,40,20,35,23,21,42,32,41,39,23,23,33,22,31,30,29,37,24,14,21,19,21,36,27,26,19,22,18,36,35,25,12,49,23,41,15,22,32,31,44,31,31,22,24,24,12,37,37,22,15,63,0,26,35,22,32,38,20,33,23,37,27,0,20,28,27,3,21,23,20,23,14,31,0,19,27,64,16,0,28,36,21,42,25,12,44,28,0,22,33,28,23,0,26,31,34,14,31,26,34,32,40,0,44,18,42,24,28,22,28,32,30,62,35,13,9,44,9,23,16,0,26,28,0,20,38,14,21,20,25,33,27,57,18,34,39,39,22,18,21,28,0,38,21,25,19,25,37,32,49,31,46,19,20,31,0,0,28,26,26,0,25,23,0,25,24,21,21,34,25,12,17,28,21,1,15,28,0,22,25,24,22,23,38,8,33,29,16,6,22,32,32,1,16,0,5,17,24,18,30,30,29,27,22,0,0,16,15,31,29,29,23,29,43,32,26,37,1,16,21,24,16,25,49,23,30,18,27,33,0,38,25,39,4,44,38,0,21,21,19,20,29,41,13,22,37,32,36,13,21,39,19,28,15,24,15,8,25,0,0,16,36,0,21,25,55,30,18,28,28,37,45,22,30,24,0,19,22,0,27,21,17,32,0,25,28,39,45,19,24,26,37,27,27,23,41,53,24,27,0,40,25,24,41,61,21,37,0,29,0,35,28,20,22,15,28,28,20,41,33,33,18,28,25,29,40,18,32,62,42,31,18,19,31,19,23,26,25,22,12,39,14,27,27,13,33,11,14,19,16,35,30,15,21,20,10,32,41,19,37,37,25,26,28,23,0,21,30,22,11,28,18,31,29,20,20,32,27,26,29,42,18,22,43,35,29,19,0,28,0,54,60,29,37,0,24,19,20,10,24,36,25,36,27,13,27,23,30,36,27,32,24,2,24,24,24,20,26,29,49,38,38,41,39,39,51,23,29
"B3_TF1",9,22,6,6,8,13,9,9,6,5,0,13,8,4,6,1,15,16,9,8,11,0,16,5,13,9,5,6,6,16,17,0,23,6,5,0,1,9,0,3,10,6,4,17,0,12,6,3,8,9,0,6,6,9,10,4,4,12,2,6,13,6,7,6,16,15,6,9,7,7,10,11,6,12,7,13,4,10,4,10,9,6,4,10,4,8,6,13,4,5,7,7,5,9,11,7,7,8,4,8,13,30,5,9,7,6,7,12,10,17,5,16,12,13,8,13,11,0,9,11,6,1,21,0,6,13,3,11,14,1,11,7,13,8,0,8,18,14,0,11,3,6,7,3,1,0,1,9,19,6,0,6,5,12,15,19,6,19,8,0,3,3,3,10,0,12,3,8,14,9,4,10,7,15,0,29,8,16,10,3,5,4,9,7,7,12,8,18,9,1,3,2,0,5,12,0,9,13,3,7,6,19,15,10,9,8,10,6,19,4,6,3,1,0,12,11,6,4,3,11,12,19,9,8,8,2,13,0,0,5,5,6,0,10,9,0,5,8,0,15,15,4,7,9,8,7,0,5,10,0,10,3,13,8,7,16,1,9,8,9,4,9,9,16,0,6,0,0,12,5,7,7,11,12,12,6,0,0,2,7,6,22,16,7,17,10,14,10,9,0,10,7,6,7,11,27,5,6,5,7,10,0,7,7,16,1,11,10,0,2,9,5,12,6,13,6,5,5,16,8,4,7,17,7,9,5,12,5,0,10,0,0,12,5,0,18,5,3,16,8,6,3,9,11,2,7,10,0,2,16,0,7,11,4,4,0,5,3,2,11,4,4,10,10,10,9,3,7,18,8,3,0,13,8,14,9,31,8,12,0,16,0,11,10,19,7,1,2,6,6,27,16,11,7,9,16,9,11,8,13,17,17,7,9,9,15,9,4,11,3,3,7,5,5,11,17,3,7,0,9,10,8,6,6,7,10,5,0,6,6,9,11,9,7,4,9,7,0,4,9,16,1,8,8,2,12,3,3,14,16,14,12,13,6,8,14,7,1,8,0,6,0,4,13,14,16,0,6,15,0,1,4,17,12,15,15,1,12,9,12,8,7,4,6,0,12,10,10,9,12,3,4,20,10,9,3,16,12,10,7
"B3_TF2",15,10,6,14,17,20,11,13,18,8,0,17,7,8,9,7,9,25,10,20,16,0,18,9,7,17,23,8,11,12,32,0,5,6,10,0,8,11,0,6,14,3,4,21,0,16,13,12,22,14,0,7,19,8,19,6,17,20,2,13,7,13,11,7,20,25,11,24,14,17,12,10,15,13,10,6,14,10,9,10,7,9,17,8,11,15,5,17,12,6,9,9,10,6,11,11,6,15,11,6,12,11,17,11,16,8,10,18,15,20,13,17,24,15,14,18,12,1,14,11,8,18,28,0,13,19,1,15,20,4,14,12,11,14,0,5,10,7,0,3,4,10,8,10,5,0,5,17,16,13,0,14,17,13,25,17,12,27,5,0,5,8,7,8,0,28,0,7,6,19,12,32,9,16,0,24,7,15,16,8,5,13,20,18,15,14,17,10,13,1,10,0,0,8,11,0,10,8,4,12,12,15,16,13,4,16,12,14,13,12,10,17,12,0,12,13,4,5,14,13,9,18,7,15,8,8,16,0,0,6,7,8,0,10,11,0,6,7,0,12,15,4,8,10,9,8,0,23,13,0,7,5,11,9,6,16,0,18,8,8,6,15,12,25,0,10,0,0,20,8,8,12,12,12,8,11,0,0,12,20,8,24,10,12,11,9,12,8,8,0,9,12,6,9,3,19,8,6,9,7,16,0,5,5,22,0,7,19,0,6,10,11,15,9,28,5,9,14,5,8,5,6,12,1,16,12,12,13,1,10,0,0,14,6,0,13,6,6,17,15,11,2,16,20,5,15,11,0,13,11,0,13,11,9,6,0,12,8,13,8,8,14,18,10,10,13,9,7,14,12,4,0,15,13,21,17,19,13,9,0,11,0,12,5,9,10,1,12,30,13,28,13,9,17,17,15,14,11,18,16,18,14,8,6,11,15,6,15,14,7,0,7,17,6,16,11,10,5,0,10,9,10,9,6,6,8,7,0,9,5,7,9,5,10,10,14,12,0,11,12,13,3,10,9,10,17,10,11,15,9,9,8,16,1,13,24,13,11,11,0,23,0,10,16,9,16,0,10,16,3,5,15,18,10,12,16,1,14,12,13,11,6,7,6,0,18,15,9,7,7,12,5,17,17,16,8,14,18,8,13
"B4_TF1",11,15,11,11,12,14,5,14,21,7,0,23,20,1,12,11,19,12,5,16,16,0,13,7,10,13,10,14,9,6,18,0,13,9,5,0,16,4,0,19,15,5,7,13,0,26,9,9,13,8,0,2,7,6,17,7,16,15,0,1,12,7,12,6,21,20,5,9,5,11,9,7,11,11,9,10,3,14,11,13,11,11,12,9,8,7,6,9,3,14,4,11,5,10,12,12,9,6,12,4,22,18,21,16,14,8,9,14,19,15,9,18,13,19,6,17,17,0,13,12,10,10,25,0,3,7,0,14,14,4,19,13,21,16,0,13,17,4,0,11,0,6,8,9,7,0,9,9,33,9,0,15,10,14,13,21,7,22,13,0,4,9,3,17,0,18,1,11,6,8,12,13,8,11,0,26,4,20,10,8,8,6,7,16,15,21,16,22,16,0,8,0,0,7,5,0,18,15,4,7,5,15,23,11,2,9,8,17,13,16,10,17,10,0,12,19,11,5,6,7,12,12,12,15,6,12,14,0,0,5,8,8,0,6,8,0,4,14,0,13,19,16,11,13,16,7,0,4,3,0,11,6,12,14,4,18,0,14,14,10,0,11,13,16,0,9,0,0,23,7,8,10,16,9,18,5,0,0,11,10,16,28,16,10,8,13,10,6,16,0,9,2,6,12,20,38,7,4,16,11,14,0,13,13,19,0,10,18,0,10,7,11,22,5,23,15,4,8,12,6,7,14,11,9,14,9,24,7,0,17,0,0,19,10,0,14,7,5,16,7,5,1,13,15,5,9,15,0,7,14,0,12,8,12,6,0,6,9,16,16,9,6,15,4,13,7,3,11,14,8,6,0,7,10,19,14,40,18,9,0,12,0,15,14,14,5,0,7,14,15,26,14,8,16,11,7,10,16,11,17,21,18,17,7,12,12,9,4,11,14,1,9,13,6,5,17,6,6,0,17,8,12,14,7,15,15,5,0,12,13,10,9,4,7,12,15,8,0,7,8,16,0,13,12,7,10,5,9,11,10,7,8,11,0,17,28,13,14,7,0,21,0,10,16,14,22,0,3,10,1,2,14,13,5,16,22,0,7,10,17,7,7,14,12,0,9,7,17,4,12,7,12,20,16,13,13,23,23,12,5
"B4_TF2",14,13,7,9,13,14,5,14,12,7,0,19,6,4,7,8,7,14,4,13,7,0,7,10,6,10,13,8,9,9,15,0,17,4,11,0,5,3,0,10,5,5,5,19,0,6,8,10,12,11,0,4,6,10,8,4,13,9,1,3,9,2,7,8,8,22,4,9,5,8,11,4,7,14,7,8,11,17,12,4,7,9,14,9,13,11,12,26,1,5,7,7,11,8,9,7,3,11,9,5,11,23,14,7,7,5,6,4,12,11,9,24,8,14,7,4,13,0,9,17,15,8,20,0,3,8,2,12,18,3,13,9,13,5,0,6,12,4,0,7,1,7,9,10,8,0,8,7,14,11,0,17,13,22,10,16,9,26,11,0,8,7,2,14,0,12,2,6,4,11,15,9,8,9,0,23,8,23,12,12,10,9,8,6,11,11,6,21,14,0,5,0,0,5,10,0,16,9,3,5,13,10,17,10,2,11,10,8,15,8,12,5,9,0,11,14,10,9,5,18,5,11,9,9,3,4,17,0,0,2,12,5,0,4,7,0,8,5,1,13,15,6,3,9,14,12,0,8,14,0,6,4,7,9,8,22,0,4,8,11,2,9,8,20,0,6,0,0,13,6,5,11,16,6,18,6,0,0,5,3,11,23,16,16,8,8,16,14,10,0,5,2,4,6,8,27,5,10,10,10,6,0,9,8,25,0,12,8,0,16,11,11,27,12,12,9,6,1,12,6,8,9,11,6,12,12,11,10,0,7,0,0,17,2,0,12,2,5,10,15,15,0,6,10,0,17,8,0,5,7,0,8,10,4,5,0,7,7,1,11,14,4,11,6,8,10,9,11,9,12,2,0,9,7,18,5,23,14,6,0,16,0,8,6,16,7,0,4,19,8,24,22,9,10,8,18,14,16,5,7,9,15,12,3,7,12,8,9,17,4,1,8,16,13,6,11,5,14,0,13,6,4,7,11,8,9,12,0,20,13,10,9,8,12,10,7,14,0,5,12,13,0,15,8,12,13,7,11,11,12,11,11,9,3,15,21,8,11,1,0,11,0,0,14,13,22,0,6,9,0,4,7,15,8,21,16,0,8,9,9,7,8,8,4,0,9,4,9,5,9,5,14,20,17,9,12,15,18,3,4
"B5_TF1",23,18,11,11,13,14,5,12,5,5,0,10,13,2,8,11,12,9,7,12,6,0,12,9,8,6,10,7,4,13,11,0,12,12,7,0,7,6,0,8,5,6,6,16,0,6,4,15,9,11,0,2,4,9,16,6,8,16,0,1,6,2,6,5,21,18,10,10,2,10,6,8,7,5,8,5,6,14,3,13,5,14,10,11,8,16,8,16,4,8,6,6,7,12,6,3,5,7,8,3,14,12,7,7,13,5,10,5,17,15,9,21,11,17,7,8,8,0,16,13,13,10,23,0,14,8,0,27,21,2,15,6,8,9,0,9,11,8,0,6,0,7,5,15,6,0,8,12,15,7,0,15,12,11,8,19,14,28,5,0,1,12,0,6,0,9,0,4,4,16,18,12,5,14,0,26,4,17,18,2,8,13,8,15,13,16,16,16,18,0,7,0,0,7,10,0,10,12,1,5,12,9,18,8,4,15,11,9,13,13,3,15,6,0,12,4,11,10,11,12,17,14,9,6,4,7,17,0,0,11,5,8,0,12,13,0,8,10,0,22,5,7,5,5,12,12,0,6,8,0,7,2,15,7,3,8,0,8,3,5,1,12,11,20,0,6,0,0,8,6,7,9,7,8,12,5,0,0,6,5,9,21,16,5,9,13,17,3,11,0,2,0,8,4,5,21,1,5,7,7,9,0,15,12,14,0,11,26,0,13,8,7,17,10,9,8,9,1,6,15,5,5,12,7,10,14,22,7,0,5,0,0,22,14,0,12,1,5,9,7,6,0,8,19,3,17,15,0,5,9,0,7,9,12,3,0,9,2,3,12,7,11,21,9,3,5,2,21,13,7,10,0,12,19,27,20,19,7,1,0,10,0,6,7,19,8,0,0,7,7,28,8,9,14,16,14,11,6,5,18,11,21,16,7,9,14,8,12,15,1,0,7,13,11,10,21,3,9,0,11,9,6,8,5,10,7,7,0,12,8,13,10,23,6,6,10,12,0,5,11,13,0,6,8,8,11,0,8,7,9,8,13,14,0,16,17,14,8,7,0,13,0,5,19,11,20,0,6,6,0,3,10,14,5,17,19,0,5,8,14,9,12,4,9,0,16,7,9,3,15,17,7,28,14,12,8,17,14,4,12
"B6_TF1",12,16,6,7,17,13,5,19,11,1,0,13,10,3,5,9,15,14,8,10,10,0,20,12,8,19,10,6,8,10,22,0,17,9,12,0,1,3,0,14,4,7,6,9,0,10,7,7,11,11,0,0,7,10,12,6,6,12,0,2,9,8,7,7,13,20,8,10,12,12,13,8,4,7,7,8,0,21,4,4,9,10,12,11,5,11,2,13,8,8,9,9,6,5,4,8,6,16,11,0,23,14,10,6,10,5,10,7,17,16,13,17,11,12,13,9,7,0,11,18,13,9,19,0,16,9,0,9,10,1,13,11,13,8,0,4,24,9,0,8,0,8,8,13,12,0,7,14,15,7,0,16,12,8,2,10,9,19,7,0,0,4,1,16,0,11,0,9,4,4,4,15,5,10,0,33,5,8,12,11,5,9,4,8,20,10,15,12,14,0,4,0,0,6,11,0,16,8,0,5,10,18,26,10,3,15,12,24,11,5,3,10,9,0,10,9,5,9,14,19,10,10,4,10,0,9,21,0,0,8,14,8,0,9,22,0,4,11,0,21,18,4,9,7,6,14,0,18,8,0,7,1,8,9,10,21,0,9,6,5,0,5,14,11,0,6,0,0,10,1,3,13,13,16,16,3,0,0,4,5,10,26,19,9,7,10,12,6,6,0,11,0,9,7,5,27,0,6,11,11,11,0,8,9,16,0,11,17,0,5,12,10,9,4,10,8,5,2,12,7,5,3,17,10,15,15,13,4,0,4,0,0,5,6,0,9,10,6,15,11,10,0,11,16,1,16,17,0,5,9,0,7,1,9,4,0,7,8,4,11,7,3,10,6,8,6,3,9,18,6,5,0,12,16,17,11,29,14,2,0,8,0,8,15,13,7,0,0,7,14,29,18,6,6,22,15,8,10,6,18,13,19,14,5,8,17,9,5,9,7,0,4,13,8,12,14,0,11,0,4,5,4,11,12,8,9,12,0,12,13,9,11,11,4,3,11,13,0,8,10,17,0,11,11,6,17,0,13,9,8,7,9,17,0,9,18,14,9,5,0,12,0,7,17,13,14,0,0,13,0,0,11,14,6,22,12,0,13,12,18,5,3,13,11,0,8,3,11,0,13,10,15,15,7,11,13,12,13,4,8
"C1_TF1",5,12,2,7,7,6,6,9,7,2,0,7,10,0,5,4,13,4,2,6,11,0,7,11,4,2,4,10,8,10,8,0,9,3,3,0,4,6,0,2,8,10,6,7,0,15,6,3,8,4,0,0,2,5,8,0,2,13,0,0,1,3,6,7,10,12,3,16,6,8,10,6,3,9,3,5,0,13,5,4,4,2,10,4,3,6,6,4,4,4,5,2,4,4,4,7,5,3,4,0,0,13,8,5,12,3,8,4,10,10,3,15,14,8,2,5,7,0,12,10,6,3,17,0,8,5,0,14,13,0,6,5,10,2,0,3,4,9,0,2,0,2,11,11,7,0,9,6,7,2,0,8,6,9,6,11,12,11,6,0,0,1,0,10,0,11,0,13,1,4,5,8,7,9,0,29,4,8,6,2,1,7,5,7,5,5,11,5,11,0,3,0,0,6,8,0,8,4,0,8,4,11,14,8,1,8,13,7,8,6,1,4,1,0,9,10,3,10,8,11,4,8,11,9,0,0,9,0,0,2,2,3,0,6,14,0,6,5,0,5,5,7,6,6,3,6,0,2,3,0,8,0,7,8,4,13,0,9,7,5,0,10,5,16,0,4,0,0,6,1,2,12,10,6,10,0,0,0,3,3,6,12,12,2,4,10,7,9,7,0,11,0,4,7,1,18,0,4,4,7,7,0,7,4,13,0,4,12,0,4,9,4,16,6,3,0,6,0,8,5,1,9,9,2,10,4,10,1,0,2,0,0,7,7,0,6,4,5,8,10,7,0,5,11,0,8,9,0,6,7,0,3,1,3,2,0,4,4,1,6,5,4,9,6,4,3,0,7,10,2,4,0,8,10,5,12,13,10,6,0,6,0,12,2,7,2,0,0,7,6,22,6,6,6,10,7,7,13,6,6,7,7,9,4,5,9,9,3,8,4,0,1,8,7,6,7,0,9,0,5,7,6,6,6,3,9,4,0,3,7,6,7,5,3,0,9,10,0,8,5,6,0,13,8,6,6,0,3,13,6,3,11,3,0,5,12,9,7,6,0,5,0,2,6,8,9,0,0,3,0,0,7,20,3,9,6,0,11,4,10,2,4,1,3,0,7,6,4,0,5,3,12,4,14,11,10,8,9,1,12
"C1_TF2",5,17,5,5,7,6,4,7,6,1,0,11,4,0,4,8,10,9,5,8,6,0,8,8,5,6,14,4,2,4,5,0,12,3,9,0,3,9,0,6,6,3,3,12,0,9,4,4,6,10,0,0,4,1,4,4,6,7,0,0,0,1,6,5,10,7,5,7,6,7,6,2,2,7,7,8,0,10,5,4,1,4,8,2,7,13,5,8,2,1,7,6,5,1,7,5,0,1,2,0,6,5,7,4,16,3,4,4,7,10,6,16,13,7,5,5,9,0,4,12,11,5,13,0,8,5,0,16,14,0,10,6,7,4,0,0,8,6,0,9,0,1,5,11,4,0,2,7,11,6,0,14,2,7,7,6,2,14,6,0,0,5,0,8,0,15,0,5,3,5,10,10,2,9,0,16,1,6,4,2,2,7,0,4,13,4,7,4,4,0,1,0,0,4,7,0,10,6,0,3,6,11,17,8,5,9,6,7,15,8,1,11,1,0,10,8,7,5,5,5,4,14,5,6,0,3,9,0,0,2,3,4,0,5,9,0,8,3,0,11,10,3,2,5,2,9,0,2,1,0,5,0,9,6,8,9,0,3,5,3,0,3,9,20,0,1,0,0,8,2,1,9,9,11,7,1,0,0,1,1,6,15,6,5,9,5,6,4,5,0,4,0,3,9,7,21,0,3,11,5,8,0,4,3,13,0,6,9,0,4,8,9,17,3,11,0,4,0,9,1,2,7,7,1,8,6,7,5,0,7,0,0,13,4,0,3,5,4,13,7,2,0,4,7,0,12,9,0,4,8,0,6,3,3,7,0,6,3,3,3,0,2,8,3,3,6,0,7,10,0,5,0,4,7,15,12,14,9,8,0,1,0,9,6,4,0,0,0,8,2,14,5,4,5,10,7,7,6,5,6,14,9,11,2,2,10,8,2,11,4,0,7,5,1,4,9,0,8,0,3,5,2,5,1,4,5,5,0,7,7,4,7,4,3,5,7,11,0,5,5,5,0,7,2,2,6,0,4,5,2,4,8,10,0,4,6,5,5,8,0,2,0,0,10,6,15,0,0,4,0,0,6,14,6,6,10,0,3,4,8,2,7,4,6,0,10,6,2,0,6,8,7,14,13,7,6,8,8,1,7
"C2_TF1",8,10,7,0,15,15,1,17,8,0,0,9,2,0,3,0,13,14,4,10,14,0,11,0,0,14,10,0,9,5,17,0,12,6,6,0,3,7,0,14,1,8,0,0,0,9,0,18,0,1,0,0,7,1,19,0,8,3,0,0,0,2,5,8,15,12,0,0,0,8,9,7,0,2,0,4,0,11,8,1,5,0,6,10,8,0,0,10,0,0,7,5,7,0,9,2,3,13,4,0,12,9,0,7,12,9,6,0,17,9,0,21,9,13,0,8,6,0,5,4,0,0,26,0,11,9,0,19,16,0,10,7,14,0,0,5,8,0,0,5,0,0,0,7,5,0,9,12,17,0,0,14,6,13,0,15,11,23,12,0,0,1,0,2,0,16,0,4,0,0,2,6,6,10,0,18,6,10,12,2,2,0,0,4,18,7,4,12,11,0,0,0,0,3,3,0,8,0,0,6,0,5,26,13,3,0,0,11,13,6,0,9,0,0,10,1,1,6,6,5,9,8,12,0,0,3,4,0,0,2,2,0,0,0,6,0,3,3,0,11,8,2,8,14,3,0,0,9,10,0,6,0,0,0,9,11,0,4,7,4,0,0,9,11,0,4,0,0,15,1,0,0,11,11,15,0,0,0,0,1,2,18,10,0,0,0,13,0,13,0,6,0,5,0,0,28,0,2,1,0,5,0,12,2,14,0,4,16,0,3,7,1,19,6,5,0,0,0,0,2,0,7,9,5,13,5,16,2,0,0,0,0,13,2,0,7,6,4,9,3,0,0,0,15,0,20,0,0,7,7,0,9,0,1,10,0,2,5,2,0,10,3,12,0,1,9,0,0,13,3,0,0,17,18,12,11,21,0,0,0,1,0,0,19,14,0,0,0,10,0,22,3,7,10,11,8,9,12,0,12,9,15,14,2,6,14,7,7,5,0,0,9,3,9,3,0,0,8,0,0,5,0,11,3,0,1,1,0,7,12,0,11,0,0,0,10,6,0,0,10,11,0,7,0,0,0,0,14,7,0,8,14,14,0,6,21,7,1,0,0,12,0,0,14,11,17,0,0,6,0,0,0,16,14,21,20,0,5,4,7,0,7,0,10,0,0,1,0,0,4,0,6,11,12,14,9,17,11,0,1
"C3_TF1",0,4,1,9,0,0,1,0,1,0,0,1,9,0,5,8,0,0,0,0,4,0,5,9,9,5,0,4,0,1,0,0,0,0,3,0,4,1,0,2,5,1,8,11,0,0,8,0,6,9,0,0,0,3,1,0,0,6,0,0,0,3,3,1,0,0,2,9,3,0,0,0,0,8,6,0,0,0,0,6,0,3,0,2,0,9,8,0,1,0,0,1,1,0,0,3,0,0,0,0,0,0,9,0,1,0,1,4,0,0,5,8,4,1,6,2,0,0,1,0,9,1,3,0,3,0,0,0,0,0,0,2,0,13,0,1,1,4,0,0,0,0,7,0,0,0,0,0,0,4,0,0,1,0,5,2,0,3,2,0,0,8,0,8,0,0,0,3,0,6,0,3,1,0,0,0,0,0,0,5,5,8,2,0,0,2,1,3,0,0,0,0,0,2,0,0,2,12,0,0,9,2,0,0,0,5,4,1,0,1,0,1,0,0,4,11,7,0,0,0,2,3,0,10,0,4,16,0,0,1,3,1,0,5,0,0,0,1,0,1,0,2,0,0,1,11,0,0,0,0,2,0,4,8,0,0,0,1,0,0,0,10,0,0,0,1,0,0,2,0,0,5,0,0,0,0,0,0,0,3,8,0,0,4,4,4,0,5,1,0,2,0,0,8,1,5,0,1,12,9,0,0,0,7,0,0,0,0,0,10,0,6,0,1,2,0,4,0,12,1,0,0,0,0,0,0,0,1,0,4,0,0,3,0,0,0,2,2,0,8,3,0,10,0,0,0,5,0,0,0,0,0,0,7,3,0,3,3,0,4,0,2,0,2,3,1,0,11,0,4,8,0,0,0,0,0,4,11,6,0,8,0,11,0,0,0,0,0,0,5,0,0,0,0,0,0,2,1,8,1,0,2,1,0,1,0,0,0,0,0,0,0,7,0,0,5,0,2,0,6,0,2,0,2,13,10,1,0,1,0,7,0,4,0,1,5,0,0,8,0,0,0,1,8,3,4,0,0,2,3,0,0,0,0,0,1,0,5,3,0,3,0,0,0,0,0,0,0,1,0,0,5,0,0,0,0,0,0,0,0,1,2,1,0,0,13,0,13,0,0,9,0,0,0,3,1,0,2,0,10
"C4_TF1",2,3,0,9,0,0,4,0,1,18,16,0,13,7,0,25,0,0,0,0,0,16,0,17,23,0,0,19,0,2,0,5,0,0,0,11,1,0,3,0,18,0,9,15,4,0,8,0,18,9,14,8,0,8,0,9,0,0,12,12,1,1,6,0,0,0,14,9,1,0,0,2,14,22,8,0,13,0,0,6,0,20,0,0,0,16,9,0,10,6,0,0,0,25,0,6,1,0,0,18,0,0,17,0,0,0,0,6,0,0,4,4,0,0,9,0,0,11,0,0,12,10,2,8,1,0,19,9,1,12,0,0,0,12,4,5,1,11,13,0,8,4,15,0,0,8,0,1,0,12,9,0,0,0,8,0,0,0,2,5,10,6,6,14,10,0,11,0,12,17,0,0,0,0,21,0,0,0,0,21,6,13,9,0,0,2,0,0,0,14,14,12,10,8,0,22,0,16,13,0,23,0,0,0,13,24,14,0,0,0,10,0,10,1,0,12,18,0,0,1,0,0,0,18,10,0,20,12,2,1,6,2,14,14,0,8,0,0,4,0,0,8,0,0,0,7,18,0,0,18,0,3,9,8,2,0,14,11,0,0,17,11,0,0,15,7,27,8,0,16,8,13,3,0,0,4,15,6,9,3,11,0,0,2,8,13,0,10,0,23,1,10,0,15,11,0,14,6,19,15,0,14,0,10,0,9,0,0,6,11,0,14,3,0,0,18,13,5,12,0,11,0,0,2,1,0,0,0,5,7,6,13,0,0,9,0,0,13,0,24,12,14,14,0,9,0,15,11,0,3,9,0,9,14,0,7,22,21,1,11,0,6,0,12,6,1,10,12,0,10,18,13,0,0,0,0,0,10,10,15,10,7,16,0,0,12,13,8,0,13,0,0,0,0,0,2,0,0,13,0,0,0,0,1,0,0,0,0,0,18,11,0,9,0,0,12,8,0,10,12,0,14,0,2,18,18,9,11,0,0,14,0,8,16,4,0,0,10,10,0,0,8,0,6,7,12,13,0,1,5,0,0,1,13,0,0,0,6,9,14,0,6,10,0,0,0,6,11,0,8,11,15,0,0,0,0,14,0,0,0,11,0,9,0,14,16,8,10,16,0,10,0,0,0,4,0,0,0,11,12
"C4_TF2",0,0,0,11,0,0,3,0,0,3,4,0,9,5,4,5,0,0,0,0,0,4,0,5,5,0,0,6,1,0,0,1,0,0,0,2,1,0,5,0,8,0,6,20,3,0,8,0,7,4,4,4,0,1,0,4,0,0,3,2,5,0,3,0,0,0,2,7,2,0,0,0,2,5,7,0,5,0,0,0,0,8,0,0,0,11,4,0,8,3,0,0,0,7,0,7,1,0,0,4,4,0,2,0,0,0,0,8,0,0,2,3,0,0,8,0,0,3,0,0,6,2,2,1,0,2,3,3,0,4,0,0,0,11,4,6,0,7,5,0,4,5,6,0,0,6,0,0,0,4,3,0,0,0,12,0,0,0,0,3,6,3,5,11,4,0,2,0,3,5,0,0,0,0,1,0,0,0,2,5,2,5,5,1,0,0,0,0,0,7,5,3,2,3,0,3,0,13,2,0,8,0,0,0,7,5,4,0,0,0,3,0,4,10,0,9,9,0,0,2,0,0,0,5,1,1,11,3,2,1,4,9,8,8,0,0,0,0,3,0,0,4,0,0,0,12,6,0,0,1,0,8,5,4,0,0,8,0,0,0,5,6,0,0,5,0,3,3,0,4,10,7,0,0,0,5,0,10,3,0,7,0,0,0,2,3,0,12,2,6,0,4,0,4,7,0,4,6,7,5,0,2,0,9,0,1,0,0,2,6,0,5,0,1,0,2,2,2,5,0,7,0,0,0,0,0,0,0,4,4,2,5,0,0,4,0,0,7,0,8,9,2,8,0,4,0,17,1,0,0,3,0,8,5,0,8,6,9,1,11,0,5,0,5,0,0,4,4,0,4,6,3,0,0,0,0,0,10,6,5,8,6,4,0,1,4,1,4,0,4,0,0,0,0,0,0,2,0,8,0,0,0,0,2,0,0,0,0,0,6,0,0,5,0,0,8,5,0,6,3,0,6,0,0,6,15,2,8,0,0,1,0,6,3,3,0,0,1,6,0,0,6,0,2,5,10,2,0,0,2,1,0,0,1,0,0,0,5,10,4,0,2,2,0,0,0,2,8,0,0,4,7,0,0,0,0,4,0,0,1,2,1,5,0,3,5,4,4,4,0,1,0,0,0,0,0,0,0,3,6
"C5_TF1",15,3,7,0,6,3,5,10,7,2,6,11,0,3,0,0,7,14,5,7,6,4,10,0,0,8,10,0,4,8,12,2,7,3,4,4,0,0,7,5,0,3,0,0,7,15,0,10,0,0,1,3,2,8,9,6,5,14,1,3,4,2,0,4,14,6,3,0,2,10,9,5,4,0,0,4,2,4,5,2,6,0,12,4,3,0,0,7,2,5,7,2,2,5,7,3,2,8,8,0,23,14,0,2,7,7,3,0,13,5,0,9,6,6,0,9,7,10,7,6,1,5,5,0,4,9,6,13,5,3,10,5,7,0,0,3,11,0,5,4,6,4,0,5,2,4,4,15,15,0,3,6,6,9,0,9,2,22,9,5,1,0,3,0,5,13,1,4,5,0,13,19,5,5,4,20,8,9,6,0,1,0,0,10,10,10,12,8,9,11,4,3,9,10,3,2,7,0,4,5,0,10,15,4,6,0,0,7,12,3,2,5,7,2,7,0,0,5,3,7,7,10,10,0,2,2,0,3,3,5,0,3,5,0,8,3,4,3,2,11,8,3,8,8,4,0,2,9,7,5,5,8,0,0,6,11,3,3,11,6,3,0,3,23,2,0,4,5,13,7,3,0,10,4,7,2,3,4,5,1,0,9,13,2,0,0,12,0,6,2,2,3,5,0,6,12,3,4,0,0,8,4,3,0,16,3,7,14,1,0,7,0,7,4,10,5,0,4,0,1,6,6,5,3,9,2,11,2,2,0,3,5,8,4,2,12,4,2,8,0,0,3,0,7,7,9,0,4,9,5,4,4,9,0,5,10,8,5,0,0,1,2,12,0,2,6,0,0,11,2,0,5,8,17,12,12,30,0,0,1,0,1,0,2,8,1,2,2,4,0,21,7,5,3,11,10,7,7,0,11,5,13,4,1,7,16,10,8,5,5,4,6,0,8,11,0,5,12,4,0,7,0,6,7,0,0,13,4,5,7,0,5,0,4,1,7,6,5,0,11,8,4,7,0,0,0,6,8,10,0,12,3,14,4,9,14,12,0,0,4,5,2,4,10,5,15,3,5,3,9,4,0,11,1,15,16,1,8,2,17,4,7,3,8,2,0,9,0,5,10,0,16,17,9,4,7,9,12,2,0
"C6_TF1",15,21,12,0,14,11,0,6,8,0,0,14,0,0,0,0,11,21,6,3,11,0,10,0,0,13,11,0,7,12,27,0,22,8,4,0,0,12,0,7,0,7,0,0,0,17,0,9,0,0,0,0,7,0,17,0,8,17,0,0,0,1,0,11,18,28,0,0,0,18,15,14,0,0,0,10,0,13,11,0,10,0,14,7,11,0,0,23,0,0,13,3,13,0,11,0,2,11,14,0,14,11,0,7,8,14,7,0,17,15,0,27,16,10,0,14,15,0,14,12,0,0,23,0,10,12,0,25,9,0,13,9,13,0,0,0,17,0,0,6,0,0,0,6,12,0,9,12,22,0,0,27,10,21,0,15,24,34,16,0,0,0,0,0,0,18,0,4,0,0,11,12,7,16,0,35,10,21,10,0,0,0,0,14,15,17,10,19,13,0,0,0,0,0,10,0,14,0,0,4,0,14,18,18,0,0,0,18,14,11,0,11,0,0,8,0,0,14,9,15,12,7,15,0,0,0,0,0,0,0,0,0,0,0,15,0,8,3,0,13,17,0,11,15,9,0,0,6,12,0,7,0,0,0,11,14,0,0,14,17,0,0,15,17,0,0,0,0,22,0,0,0,13,12,11,0,0,0,0,0,0,22,16,0,0,0,13,0,6,0,5,0,5,0,0,38,0,0,0,0,7,0,6,0,21,0,8,14,0,0,14,0,18,10,19,0,0,0,0,0,0,12,14,4,9,12,20,7,0,0,0,0,13,11,0,18,5,0,17,0,0,0,0,16,0,18,0,0,10,5,0,11,0,0,8,0,0,0,1,0,6,0,22,0,0,8,0,0,19,0,0,0,18,27,16,16,27,0,0,0,0,0,0,11,10,0,0,0,12,0,17,9,7,18,13,14,5,13,0,7,11,20,22,0,10,15,14,10,12,0,0,11,0,9,11,0,0,10,0,0,6,0,8,18,0,0,0,0,6,12,0,8,0,0,0,8,3,0,0,9,25,0,13,0,0,0,0,7,13,0,11,16,9,0,4,17,24,0,0,0,12,0,0,19,24,25,0,0,2,0,0,0,15,4,25,14,0,20,13,6,0,7,0,9,0,0,0,0,0,9,0,22,19,15,14,24,12,15,0,0
"C6_TF2",14,16,6,0,22,22,0,13,9,0,0,19,0,0,0,0,16,15,6,6,8,0,12,0,0,13,12,0,5,6,10,0,18,6,6,0,0,5,0,6,0,4,0,0,0,20,0,9,0,0,0,0,10,0,9,0,10,9,0,0,0,0,0,11,12,19,0,0,0,16,16,8,0,0,0,9,0,17,9,0,6,0,15,7,10,0,0,19,0,0,10,2,11,0,10,0,1,14,9,0,7,25,0,3,16,7,12,0,15,16,0,26,18,17,0,5,10,0,12,12,0,0,24,0,17,10,0,12,11,0,21,9,14,0,0,0,10,0,0,6,0,0,0,9,8,0,13,11,17,0,0,18,11,6,0,14,11,17,12,0,0,0,0,0,0,16,0,11,0,0,13,14,6,9,0,36,12,11,8,0,0,0,0,7,14,25,13,18,14,0,0,0,0,0,8,0,14,0,0,11,0,7,40,17,0,0,0,10,24,10,0,10,0,0,23,0,0,10,7,9,15,14,13,0,0,0,0,0,0,0,0,0,0,0,7,0,11,1,0,8,7,0,19,9,4,0,0,6,3,0,6,0,0,0,14,11,0,0,20,6,0,0,7,17,0,0,0,0,24,0,0,0,9,15,17,0,0,0,0,1,0,31,12,0,0,0,9,0,8,0,2,0,6,0,0,33,0,0,0,0,8,0,18,0,20,0,8,19,0,0,9,0,18,6,14,0,0,0,0,0,0,11,12,6,12,5,16,1,0,0,0,0,18,4,0,18,4,0,21,0,0,0,0,19,0,20,0,0,8,9,0,7,0,0,10,0,0,0,0,0,11,0,29,0,1,11,0,0,21,0,0,0,18,14,23,16,45,0,0,0,0,0,0,17,12,0,0,0,10,0,15,15,8,12,18,11,11,11,0,15,17,19,12,0,5,12,8,10,11,0,0,5,0,10,12,0,0,9,0,0,8,0,10,6,0,0,0,0,7,7,0,8,0,0,0,19,11,0,0,11,15,0,12,0,0,0,0,10,12,0,5,13,21,0,9,29,14,0,0,0,10,0,0,25,10,21,0,0,4,0,0,0,19,12,18,14,0,12,8,18,0,9,2,12,0,0,0,0,0,11,0,8,21,16,19,13,21,12,0,0
"C7_TF1",0,0,0,11,0,0,0,0,0,0,0,0,8,0,0,17,0,0,0,0,0,0,0,10,9,0,0,6,0,0,0,0,0,0,0,0,0,0,0,0,7,0,10,13,0,0,7,0,20,11,0,0,0,0,0,0,0,0,0,0,0,0,1,0,0,0,0,14,0,0,0,0,0,12,5,0,0,0,0,0,0,14,0,0,0,20,1,0,0,0,0,0,0,0,0,0,0,0,0,0,0,0,3,0,0,0,0,15,0,0,4,0,0,0,9,0,0,0,0,0,22,0,0,0,0,0,0,0,0,0,0,0,0,18,0,0,0,8,0,0,0,0,11,0,0,0,0,0,0,11,0,0,0,0,13,0,0,0,0,0,0,11,0,14,0,0,0,0,0,8,0,0,0,0,0,0,0,0,0,0,1,20,0,0,0,0,0,0,0,0,0,0,0,0,0,0,0,17,0,0,8,0,0,0,0,8,13,0,0,0,0,0,0,0,0,9,6,0,0,0,0,0,0,7,0,0,19,0,0,0,1,0,0,11,0,0,0,0,0,0,0,0,0,0,0,16,0,0,0,0,0,0,9,11,0,0,0,0,0,0,0,13,0,0,0,4,0,0,0,0,0,16,0,0,0,0,0,0,0,0,17,0,0,0,16,7,0,10,0,0,0,0,0,9,0,0,0,0,9,15,0,0,0,9,0,0,0,0,0,4,0,16,0,0,0,0,13,0,16,0,0,0,0,0,0,0,0,0,0,12,0,0,0,0,0,0,0,0,0,17,14,0,6,0,0,0,13,0,0,0,0,0,0,8,0,0,0,0,0,12,0,0,0,16,0,0,0,8,0,0,7,0,0,0,0,0,0,20,5,0,11,0,9,0,0,0,0,0,0,20,0,0,0,0,0,0,0,0,19,0,0,0,0,0,0,0,0,0,0,0,0,0,13,0,0,23,0,0,0,14,0,9,0,0,8,8,0,0,0,0,10,0,8,0,0,0,0,0,12,0,0,0,0,6,8,10,0,0,0,13,0,0,0,0,0,0,0,3,4,0,0,0,0,0,0,0,0,0,0,0,0,6,0,0,0,0,0,0,0,0,0,0,0,0,0,7,0,16,0,0,11,0,0,0,0,0,0,0,0,7
"C7_TF2",0,0,0,9,0,0,0,0,0,0,0,0,8,0,0,8,0,0,0,0,0,0,0,2,8,0,0,4,0,0,0,0,0,0,0,0,0,0,0,0,4,0,3,7,0,0,4,0,4,11,0,0,0,0,0,0,0,0,0,0,0,0,2,0,0,0,0,12,0,0,0,0,0,8,6,0,0,0,0,0,0,4,0,0,0,8,3,0,0,0,0,0,0,0,0,0,0,0,0,0,0,0,10,0,0,0,0,7,0,0,1,0,0,0,2,0,0,0,0,0,4,0,0,0,0,0,0,0,0,0,0,0,0,7,0,0,0,7,0,0,0,0,4,0,0,0,0,0,0,4,0,0,0,0,6,0,0,0,0,0,0,7,0,8,0,0,0,0,0,4,0,0,0,0,0,0,0,0,0,4,1,10,0,0,0,0,0,0,0,0,0,0,0,0,0,0,0,4,0,0,3,0,0,0,0,3,6,0,0,0,0,0,0,0,0,4,5,0,0,0,0,0,0,9,0,0,6,0,0,0,0,0,0,9,0,0,0,0,0,0,0,0,0,0,0,5,0,0,0,0,0,0,2,3,0,0,0,0,0,0,0,2,0,0,0,0,0,0,0,0,0,6,0,0,0,0,0,0,0,2,6,0,0,0,9,4,0,7,0,0,0,0,0,2,0,0,0,0,11,7,0,0,0,5,0,0,0,0,0,2,0,5,0,0,0,0,6,0,7,0,0,0,0,0,0,0,0,0,0,2,0,0,0,0,0,0,0,0,0,6,8,0,9,0,0,0,8,0,0,0,0,0,0,4,0,0,0,0,0,9,0,0,0,7,0,0,0,4,0,0,7,0,0,0,0,0,0,11,1,0,3,0,8,0,0,0,0,0,0,2,0,0,0,0,0,0,0,0,8,0,0,0,0,0,0,0,0,0,0,0,0,0,8,0,0,6,0,0,0,9,0,0,0,0,5,3,0,0,0,0,4,0,5,0,0,0,0,0,4,0,0,0,0,3,7,1,0,0,0,9,0,0,0,0,0,0,0,5,4,0,0,0,0,0,0,0,0,0,0,0,0,5,0,0,0,0,0,0,0,0,0,0,0,0,0,9,0,3,0,0,3,0,0,0,0,0,0,0,0,6
"C8_TF1",24,31,19,25,27,33,0,29,20,0,0,15,19,0,0,34,26,18,21,32,25,0,22,33,24,22,34,3,14,19,25,0,13,24,22,0,0,11,0,20,0,0,6,30,0,25,3,27,23,18,0,0,15,0,37,0,23,33,0,0,0,2,0,24,26,23,0,20,0,31,29,23,0,21,23,22,0,40,16,0,13,24,29,33,25,29,0,32,0,0,23,0,33,0,21,0,0,28,32,0,30,39,31,16,24,22,16,10,18,29,0,37,21,22,6,17,37,0,23,18,27,0,41,0,29,33,0,35,25,0,15,29,35,43,0,0,30,18,0,21,0,0,25,24,26,0,25,25,31,5,0,45,35,37,21,27,34,31,10,0,0,6,0,28,0,21,0,20,0,21,26,35,29,29,0,54,24,23,34,2,0,26,0,20,22,23,46,56,24,0,0,0,0,0,15,0,44,28,0,21,21,39,33,33,0,21,32,20,35,19,0,16,0,0,41,32,0,15,19,35,24,25,20,17,0,0,14,0,0,0,0,0,0,26,30,0,16,0,0,24,40,0,19,21,4,31,0,19,23,0,31,0,21,23,20,34,0,0,26,18,0,11,16,44,0,0,0,0,27,0,0,27,25,35,40,0,0,0,0,0,19,45,20,0,26,30,34,18,35,0,0,0,17,34,0,47,0,0,26,27,13,0,19,23,30,0,19,29,0,5,30,16,18,25,27,0,12,0,22,0,0,21,29,13,25,20,25,1,0,8,0,0,35,17,0,31,21,0,28,45,25,0,32,13,0,41,24,0,23,19,0,18,0,0,16,0,0,0,0,27,19,0,24,16,0,31,0,20,34,0,9,0,20,31,24,29,36,31,2,0,26,0,24,25,37,0,0,0,26,27,48,32,17,13,36,51,11,26,17,22,29,19,32,0,13,27,22,24,26,0,0,26,20,22,29,23,0,10,0,36,15,1,18,13,26,34,0,0,22,30,6,26,32,0,0,35,24,0,19,19,54,0,34,4,23,27,0,19,36,19,24,18,37,0,19,25,44,0,4,0,27,0,0,38,51,30,0,0,1,0,0,5,29,15,21,33,0,23,22,37,0,22,0,27,0,20,0,30,0,45,14,21,28,25,43,17,28,26,0,29
"C8_TF2",7,7,9,7,16,9,0,10,2,0,0,10,7,0,0,8,8,11,7,3,7,0,12,6,1,6,6,5,5,5,5,0,13,6,4,0,0,4,0,2,1,1,1,8,0,6,1,12,7,2,0,0,6,0,9,0,2,10,0,0,0,3,0,9,15,14,0,9,0,6,6,6,0,9,0,2,0,10,9,0,7,3,7,9,2,7,0,7,0,0,7,0,3,0,7,0,0,11,2,0,4,5,11,5,7,4,2,5,6,6,0,11,10,7,1,5,5,0,8,6,8,0,12,0,10,2,0,8,6,0,4,3,11,2,0,0,5,9,0,3,0,0,8,8,5,0,3,4,4,2,0,8,8,5,6,9,3,21,5,0,0,3,0,6,0,4,0,3,0,9,11,10,2,8,0,22,6,6,3,0,0,5,0,10,9,8,9,4,12,0,0,0,0,0,3,0,7,8,0,1,8,8,9,6,0,2,7,10,13,3,0,1,0,0,6,13,2,5,2,10,7,2,4,1,0,0,4,0,0,0,0,0,0,2,2,0,5,0,0,9,5,0,1,2,2,3,0,6,4,0,4,0,1,4,8,6,0,0,2,4,0,3,8,11,0,0,0,0,9,0,0,6,11,5,7,0,0,0,0,0,4,23,11,0,5,3,5,7,9,0,0,0,12,14,0,22,0,0,1,6,6,0,3,8,8,0,10,9,0,2,3,6,8,2,11,0,5,0,7,0,0,4,5,6,8,7,8,0,0,3,0,0,15,4,0,4,5,0,11,8,3,0,5,10,0,10,5,0,8,1,0,3,0,0,5,0,0,0,0,8,3,0,15,4,0,2,0,7,6,0,5,0,4,13,10,7,18,7,1,0,5,0,9,4,10,0,0,0,4,4,19,1,4,4,10,7,7,11,6,9,8,10,6,0,4,5,1,5,8,0,0,3,5,5,5,5,0,5,0,7,5,0,8,3,8,4,0,0,5,2,3,8,1,0,0,9,7,0,2,7,13,0,2,0,3,6,0,7,6,3,7,6,10,0,5,9,10,0,1,0,9,0,0,5,10,7,0,0,0,0,0,4,10,5,13,7,0,9,2,6,0,2,0,1,0,4,0,8,0,4,3,4,14,3,2,9,7,9,0,4
"C8_TF3",27,24,14,19,18,12,0,23,24,0,0,18,12,0,0,8,25,23,14,20,11,0,23,11,22,21,11,3,10,13,31,0,27,7,9,0,0,16,0,13,0,2,10,28,0,24,2,11,34,12,0,0,4,0,21,0,10,24,0,0,0,0,0,17,25,24,0,15,0,30,18,13,0,18,12,11,0,18,15,0,11,14,24,15,7,17,0,26,0,0,18,0,14,0,24,0,0,21,15,0,18,23,14,11,19,26,13,15,24,28,2,34,25,19,4,18,30,0,23,19,17,0,31,0,17,19,0,44,12,0,21,15,27,20,0,0,24,15,0,11,0,0,21,26,6,0,20,25,15,6,0,21,9,27,18,18,22,32,12,0,0,5,0,23,0,14,0,15,0,13,8,22,12,20,0,53,13,26,23,1,0,20,0,24,27,23,24,13,21,0,0,0,0,0,15,0,19,19,0,11,24,14,13,20,0,24,18,23,27,10,0,30,0,0,16,19,3,6,7,24,18,20,19,23,0,0,14,0,0,0,0,0,0,11,17,0,11,0,0,13,18,0,12,24,1,22,0,8,6,0,12,0,10,26,15,19,0,0,16,8,0,7,21,23,0,0,0,0,36,0,0,20,19,13,25,0,0,0,0,0,39,32,23,0,26,15,31,21,26,0,0,0,12,10,0,36,0,0,19,13,15,0,5,14,16,0,20,15,0,2,15,16,31,28,21,0,15,0,10,0,0,20,23,10,22,11,21,3,0,6,0,0,17,11,0,14,12,0,26,25,14,0,20,28,0,19,19,0,19,14,0,28,0,0,18,0,0,0,0,17,16,0,23,14,0,11,0,24,12,0,14,0,25,18,23,18,42,20,1,0,21,0,22,10,20,0,0,0,10,15,28,14,18,14,15,24,13,23,10,20,25,29,14,0,12,18,17,19,24,0,0,18,19,14,9,36,0,15,0,26,10,0,10,11,17,27,0,0,35,24,5,17,8,0,0,21,16,0,8,24,23,0,21,1,30,26,0,11,15,9,15,20,29,0,22,19,22,0,2,0,31,0,0,13,12,24,0,0,3,0,0,11,19,16,26,21,0,16,10,17,0,8,0,17,0,15,0,15,0,17,9,33,30,23,24,17,19,15,0,11
"C9_TF1",11,15,7,0,18,16,0,19,9,0,0,12,0,0,0,0,13,14,3,6,4,0,11,0,0,10,12,0,3,10,29,0,13,7,8,0,0,7,0,7,0,0,0,0,0,6,0,8,0,0,0,0,4,0,10,0,11,15,0,0,0,0,0,9,11,14,0,0,0,11,8,10,0,0,0,9,0,7,3,0,7,0,3,3,7,0,0,11,0,0,11,0,4,0,9,0,0,12,5,0,6,14,0,2,12,7,2,0,5,8,0,17,6,5,0,6,11,0,10,6,0,0,23,0,7,12,0,13,10,0,6,3,13,0,0,0,13,0,0,2,0,0,0,7,3,0,11,4,12,0,0,14,15,10,0,12,7,19,8,0,0,0,0,0,0,10,0,5,0,0,9,11,6,6,0,21,3,9,9,0,0,0,0,10,12,9,7,12,7,0,0,0,0,0,4,0,14,0,0,0,0,14,23,7,0,0,0,12,13,6,0,6,0,0,14,0,0,3,4,10,7,8,12,0,0,0,0,0,0,0,0,0,0,0,5,0,10,0,0,11,13,0,15,12,0,0,0,4,11,0,7,0,0,0,4,10,0,0,6,7,0,0,7,13,0,0,0,0,14,0,0,0,11,9,9,0,0,0,0,0,0,23,11,0,0,0,12,0,6,0,0,0,7,0,0,20,0,0,0,0,6,0,12,0,15,0,3,11,0,0,5,0,9,2,16,0,0,0,0,0,0,5,10,5,4,12,14,0,0,0,0,0,8,7,0,19,6,0,13,0,0,0,0,13,0,12,0,0,8,10,0,8,0,0,7,0,0,0,0,0,7,0,15,0,0,12,0,0,11,0,0,0,5,17,8,13,23,0,0,0,0,0,0,6,9,0,0,0,11,0,25,12,9,6,12,6,10,9,0,13,14,21,12,0,5,13,4,4,8,0,0,3,0,10,5,0,0,10,0,0,2,0,4,1,0,0,0,0,8,12,0,4,0,0,0,12,6,0,0,15,8,0,12,0,0,0,0,10,14,0,11,12,13,0,11,17,11,0,0,0,7,0,0,4,10,18,0,0,0,0,0,0,10,8,24,13,0,5,5,8,0,7,0,6,0,0,0,0,0,8,0,14,20,9,16,7,13,11,0,0
"C9_TF2",3,5,0,0,15,6,0,7,3,0,0,9,0,0,0,0,2,3,5,7,2,0,11,0,0,5,3,0,2,5,7,0,8,3,2,0,0,0,0,5,0,0,0,0,0,6,0,5,0,0,0,0,1,0,4,0,4,7,0,0,0,0,0,5,14,10,0,0,0,3,1,7,0,0,0,5,0,6,3,0,3,0,5,6,2,0,0,5,0,0,4,0,1,0,3,0,0,3,3,0,6,5,0,1,4,5,4,0,15,12,0,10,5,7,0,9,13,0,3,1,0,0,8,0,2,8,0,8,4,0,4,2,7,0,0,0,4,0,0,2,0,0,0,3,5,0,0,10,7,0,0,8,3,7,0,8,8,18,3,0,0,0,0,0,0,5,0,5,0,0,4,9,3,8,0,9,3,3,7,0,0,0,0,3,8,3,6,5,3,0,0,0,0,0,2,0,5,0,0,0,0,8,10,4,0,0,0,15,7,0,0,4,0,0,8,0,0,5,3,7,3,6,3,0,0,0,0,0,0,0,0,0,0,0,8,0,4,0,0,4,6,0,2,8,0,0,0,4,3,0,6,0,0,0,3,8,0,0,2,1,0,0,4,11,0,0,0,0,6,0,0,0,8,10,9,0,0,0,0,0,0,10,7,0,0,0,13,0,7,0,0,0,9,0,0,18,0,0,0,0,3,0,5,0,8,0,2,2,0,0,4,0,5,5,6,0,0,0,0,0,0,4,5,3,5,3,5,0,0,0,0,0,6,1,0,7,2,0,8,0,0,0,0,2,0,5,0,0,1,4,0,8,0,0,2,0,0,0,0,0,1,0,8,0,0,4,0,0,5,0,0,0,5,10,5,8,15,0,0,0,0,0,0,3,8,0,0,0,6,0,9,4,3,8,4,9,2,5,0,6,7,13,6,0,5,8,3,7,4,0,0,2,0,2,6,0,0,1,0,0,3,0,4,4,0,0,0,0,3,4,0,3,0,0,0,2,3,0,0,8,6,0,2,0,0,0,0,4,2,0,3,3,2,0,5,7,3,0,0,0,4,0,0,8,6,7,0,0,0,0,0,0,9,4,8,5,0,4,4,6,0,1,0,1,0,0,0,0,0,8,0,3,9,4,2,6,4,3,0,0
"C10_TF1",18,12,9,0,11,25,0,15,21,0,0,21,0,0,0,0,27,12,12,12,20,0,21,0,0,15,18,0,8,16,17,0,12,8,9,0,0,8,0,4,0,0,0,0,0,11,0,10,0,0,0,0,6,0,13,0,15,13,0,0,0,0,0,6,19,25,0,0,0,19,14,10,0,0,0,11,0,19,2,0,8,0,11,11,10,0,0,14,0,0,4,0,4,0,14,0,0,9,12,0,11,18,0,3,9,9,4,0,13,26,0,17,14,7,0,11,17,0,12,10,0,0,20,0,9,10,0,14,11,0,7,6,17,0,0,0,12,0,0,8,0,0,0,10,10,0,10,19,14,0,0,19,12,16,0,16,16,36,10,0,0,0,0,0,0,19,0,8,0,0,21,11,13,15,0,34,7,13,25,0,0,0,0,11,22,14,16,22,16,0,0,0,0,0,0,0,14,0,0,6,0,14,28,9,0,0,0,13,18,9,0,10,0,0,18,0,0,14,8,17,13,12,8,0,0,0,0,0,0,0,0,0,0,0,23,0,7,0,0,9,11,0,5,13,0,0,0,6,8,0,4,0,0,0,16,12,0,0,14,11,0,0,10,20,0,0,0,0,15,0,0,0,9,17,14,0,0,0,0,0,0,26,15,0,0,0,20,0,8,0,0,0,9,0,0,30,0,0,0,0,14,0,8,0,25,0,11,17,0,0,10,0,11,16,20,0,0,0,0,0,0,17,19,8,12,7,15,0,0,0,0,0,19,3,0,9,3,0,22,0,0,0,0,18,0,6,0,0,6,12,0,24,0,0,13,0,0,0,0,0,6,0,17,0,0,20,0,0,24,0,0,0,15,23,23,12,33,0,0,0,0,0,0,12,11,0,0,0,17,0,23,21,7,9,18,13,11,10,0,11,23,16,16,0,5,19,10,4,15,0,0,10,0,9,10,0,0,11,0,0,8,0,8,1,0,0,0,0,13,10,0,26,0,0,0,14,8,0,0,14,18,0,13,0,0,0,0,15,10,0,10,11,13,0,14,11,15,0,0,0,11,0,0,30,19,21,0,0,0,0,0,0,24,10,22,13,0,24,9,17,0,9,0,11,0,0,0,0,0,9,0,16,24,13,24,9,22,19,0,0
"C10_TF2",5,8,3,0,14,10,0,8,5,0,0,7,0,0,0,0,10,8,8,8,3,0,8,0,0,6,5,0,3,5,12,0,8,4,4,0,0,1,0,4,0,0,0,0,0,7,0,5,0,0,0,0,3,0,8,0,8,10,0,0,0,0,0,3,9,8,0,0,0,8,7,4,0,0,0,3,0,5,0,0,5,0,9,3,5,0,0,14,0,0,2,0,0,0,3,0,0,4,5,0,4,6,0,4,4,3,5,0,12,3,0,17,8,7,0,2,9,0,2,5,0,0,12,0,7,12,0,10,4,0,10,2,8,0,0,0,5,0,0,5,0,0,0,2,2,0,2,10,3,0,0,4,8,8,0,4,6,19,7,0,0,0,0,0,0,13,0,8,0,0,7,5,6,12,0,12,1,11,11,0,0,0,0,3,5,13,5,9,7,0,0,0,0,0,3,0,12,0,0,4,0,9,6,8,0,0,0,7,8,4,0,1,0,0,6,0,0,4,1,9,7,9,8,0,0,0,0,0,0,0,0,0,0,0,6,0,5,0,0,8,8,0,4,6,0,0,0,4,6,0,2,0,0,0,6,4,0,0,2,7,0,0,4,4,0,0,0,0,9,0,0,0,8,1,4,0,0,0,0,0,0,14,6,0,0,0,6,0,7,0,0,0,5,0,0,17,0,0,0,0,0,0,9,0,10,0,3,8,0,0,7,0,16,3,10,0,0,0,0,0,0,9,10,6,11,9,8,0,0,0,0,0,16,2,0,6,3,0,5,0,0,0,0,7,0,5,0,0,6,3,0,7,0,0,3,0,0,0,0,0,3,0,4,0,0,4,0,0,16,0,0,0,8,17,11,7,21,0,0,0,0,0,0,3,5,0,0,0,8,0,16,5,5,5,5,6,4,6,0,8,6,12,7,0,4,11,1,6,2,0,0,1,0,3,5,0,0,5,0,0,7,0,9,3,0,0,0,0,6,13,0,4,0,0,0,9,3,0,0,8,5,0,9,0,0,0,0,7,8,0,7,6,10,0,6,11,5,0,0,0,1,0,0,16,7,17,0,0,0,0,0,0,13,9,13,11,0,5,5,13,0,4,0,3,0,0,0,0,0,8,0,10,14,9,13,3,9,14,0,0
"C11_TF1",12,8,3,0,7,10,0,13,12,0,0,10,0,0,0,0,6,18,3,8,8,0,8,0,0,7,5,0,5,3,13,0,12,10,2,0,0,5,0,11,0,0,0,0,0,3,0,6,0,0,0,0,4,0,8,0,6,11,0,0,0,0,0,4,8,17,0,0,0,12,10,9,0,0,0,7,0,6,3,0,2,0,7,2,5,0,0,11,0,0,7,0,6,0,3,0,0,8,2,0,10,12,0,2,13,6,2,0,18,9,0,13,8,13,0,5,6,0,8,6,0,0,16,0,5,12,0,13,9,0,6,5,11,0,0,0,10,0,0,5,0,0,0,4,5,0,5,10,10,0,0,13,3,9,0,6,3,21,6,0,0,0,0,0,0,10,0,0,0,0,8,4,8,6,0,26,7,4,9,0,0,0,0,6,12,12,6,14,13,0,0,0,0,0,2,0,8,0,0,2,0,7,12,8,0,0,0,11,12,5,0,12,0,0,5,0,0,4,1,4,7,5,8,0,0,0,0,0,0,0,0,0,0,0,6,0,0,0,0,11,10,0,1,3,0,0,0,6,6,0,8,0,0,0,11,16,0,0,2,4,0,0,2,14,0,0,0,0,12,0,0,0,8,4,17,0,0,0,0,0,0,21,12,0,0,0,6,0,10,0,0,0,4,0,0,10,0,0,0,0,4,0,5,0,10,0,4,6,0,0,4,0,12,5,13,0,0,0,0,0,0,6,8,6,3,6,15,0,0,0,0,0,12,2,0,8,2,0,9,0,0,0,0,7,0,7,0,0,5,8,0,6,0,0,7,0,0,0,0,0,5,0,11,0,0,8,0,0,10,0,0,0,6,9,7,12,15,0,0,0,0,0,0,7,6,0,0,0,6,0,17,6,6,10,12,12,3,5,0,7,9,9,12,0,2,9,3,4,6,0,0,4,0,9,7,0,0,5,0,0,5,0,3,0,0,0,0,0,4,10,0,5,0,0,0,7,3,0,0,6,16,0,11,0,0,0,0,9,8,0,6,13,7,0,3,8,8,0,0,0,7,0,0,9,7,7,0,0,0,0,0,0,24,3,8,11,0,9,6,10,0,4,0,4,0,0,0,0,0,13,0,5,18,3,13,9,8,15,0,0
"C12_TF1",0,0,0,5,0,0,0,0,0,0,0,0,4,0,0,5,0,0,0,0,0,0,0,7,10,0,0,0,0,0,0,0,0,0,0,0,0,0,0,0,0,0,6,10,0,0,0,0,10,11,0,0,0,0,0,0,0,0,0,0,0,0,0,0,0,0,0,14,0,0,0,0,0,8,2,0,0,0,0,0,0,4,0,0,0,4,0,0,0,0,0,0,0,0,0,0,0,0,0,0,0,0,5,0,0,0,0,5,0,0,0,0,0,0,0,0,0,0,0,0,4,0,0,0,0,0,0,0,0,0,0,0,0,8,0,0,0,8,0,0,0,0,4,0,0,0,0,0,0,0,0,0,0,0,8,0,0,0,0,0,0,0,0,4,0,0,0,0,0,6,0,0,0,0,0,0,0,0,0,0,0,12,0,0,0,0,0,0,0,0,0,0,0,0,0,0,0,3,0,0,10,0,0,0,0,4,4,0,0,0,0,0,0,0,0,8,0,0,0,0,0,0,0,2,0,0,8,0,0,0,0,0,0,5,0,0,0,0,0,0,0,0,0,0,0,4,0,0,0,0,0,0,2,11,0,0,0,0,0,0,0,4,0,0,0,0,0,0,0,0,0,6,0,0,0,0,0,0,0,0,4,0,0,0,7,5,0,0,0,0,0,0,0,4,0,0,0,0,4,7,0,0,0,6,0,0,0,0,0,0,0,5,0,0,0,0,6,0,6,0,0,0,0,0,0,0,0,0,0,0,0,0,0,0,0,0,0,0,0,6,5,0,6,0,0,0,6,0,0,0,0,0,0,0,0,0,0,0,0,5,0,0,0,5,0,0,0,3,0,0,7,0,0,0,0,0,0,4,0,0,8,0,2,0,0,0,0,0,0,7,0,0,0,0,0,0,0,0,6,0,0,0,0,0,0,0,0,0,0,0,0,0,5,0,0,3,0,0,0,1,0,0,0,0,4,7,0,0,0,0,0,0,7,0,0,0,0,0,4,0,0,0,0,0,3,7,0,0,0,2,0,0,0,0,0,0,0,0,0,0,0,0,0,0,0,0,0,0,0,0,0,1,0,0,0,0,0,0,0,0,0,0,0,0,0,8,0,4,0,0,3,0,0,0,0,0,0,0,0,6
"C12_TF2",0,0,0,7,0,0,0,0,0,0,0,0,16,0,0,4,0,0,0,0,0,0,0,13,8,0,0,0,0,0,0,0,0,0,0,0,0,0,0,0,0,0,1,8,0,0,0,0,8,12,0,0,0,0,0,0,0,0,0,0,0,0,0,0,0,0,0,4,0,0,0,0,0,13,7,0,0,0,0,0,0,11,0,0,0,8,0,0,0,0,0,0,0,0,0,0,0,0,0,0,0,0,4,0,0,0,0,2,0,0,0,0,0,0,0,0,0,0,0,0,8,0,0,0,0,0,0,0,0,0,0,0,0,4,0,0,0,9,0,0,0,0,6,0,0,0,0,0,0,0,0,0,0,0,11,0,0,0,0,0,0,0,0,9,0,0,0,0,0,7,0,0,0,0,0,0,0,0,0,0,0,4,0,0,0,0,0,0,0,0,0,0,0,0,0,0,0,13,0,0,4,0,0,0,0,19,10,0,0,0,0,0,0,0,0,13,0,0,0,0,0,0,0,13,0,0,14,0,0,0,0,0,0,9,0,0,0,0,0,0,0,0,0,0,0,4,0,0,0,0,0,0,10,5,0,0,0,0,0,0,0,0,0,0,0,0,0,0,0,0,0,12,0,0,0,0,0,0,0,0,13,0,0,0,6,6,0,8,0,0,0,0,0,6,0,0,0,0,6,2,0,0,0,8,0,0,0,0,0,0,0,11,0,0,0,0,3,0,8,0,0,0,0,0,0,0,0,0,0,2,0,0,0,0,0,0,0,0,0,6,15,0,7,0,0,0,6,0,0,0,0,0,0,0,0,0,0,0,0,8,0,0,0,6,0,0,0,8,0,0,7,0,0,0,0,0,0,7,0,0,7,0,9,0,0,0,0,0,0,9,0,0,0,0,0,0,0,0,7,0,0,0,0,0,0,0,0,0,0,0,0,0,7,0,0,9,0,0,0,3,0,0,0,0,6,5,0,0,0,0,0,0,3,0,0,0,0,0,4,0,0,0,0,0,4,11,0,0,0,4,0,0,0,0,0,0,0,0,0,0,0,0,0,0,0,0,0,0,0,0,0,2,0,0,0,0,0,0,0,0,0,0,0,0,0,10,0,10,0,0,3,0,0,0,0,0,0,0,0,6
"C13_TF1",0,0,0,8,0,0,0,0,0,0,0,0,12,0,0,20,0,0,0,0,0,0,0,13,11,0,0,0,0,0,0,0,0,0,0,0,0,0,0,0,0,0,5,16,0,0,0,0,21,7,0,0,0,0,0,0,0,0,0,0,0,0,0,0,0,0,0,14,0,0,0,0,0,30,12,0,0,0,0,0,0,12,0,0,0,22,0,0,0,0,0,0,0,0,0,0,0,0,0,0,0,0,6,0,0,0,0,6,0,0,0,0,0,0,0,0,0,0,0,0,16,0,0,0,0,0,0,0,0,0,0,0,0,5,0,0,0,18,0,0,0,0,13,0,0,0,0,0,0,0,0,0,0,0,7,0,0,0,0,0,0,0,0,10,0,0,0,0,0,13,0,0,0,0,0,0,0,0,0,0,0,11,0,0,0,0,0,0,0,0,0,0,0,0,0,0,0,18,0,0,10,0,0,0,0,13,13,0,0,0,0,0,0,0,0,12,0,0,0,0,0,0,0,18,0,0,10,0,0,0,0,0,0,11,0,0,0,0,0,0,0,0,0,0,0,18,0,0,0,0,0,0,16,6,0,0,0,0,0,0,0,8,0,0,0,0,0,0,0,0,0,9,0,0,0,0,0,0,0,0,7,0,0,0,11,13,0,5,0,0,0,0,0,25,0,0,0,0,7,11,0,0,0,14,0,0,0,0,0,0,0,10,0,0,0,0,5,0,10,0,0,0,0,0,0,0,0,0,0,0,0,0,0,0,0,0,0,0,0,10,12,0,12,0,0,0,15,0,0,0,0,0,0,0,0,0,0,0,0,12,0,0,0,10,0,0,0,10,0,0,4,0,0,0,0,0,0,6,0,0,9,0,10,0,0,0,0,0,0,10,0,0,0,0,0,0,0,0,14,0,0,0,0,0,0,0,0,0,0,0,0,0,15,0,0,11,0,0,0,13,0,0,0,0,32,12,0,0,0,0,0,0,8,0,0,0,0,0,4,0,0,0,0,0,5,15,0,0,0,1,0,0,0,0,0,0,0,0,0,0,0,0,0,0,0,0,0,0,0,0,0,0,0,0,0,0,0,0,0,0,0,0,0,0,0,8,0,29,0,0,5,0,0,0,0,0,0,0,0,25
"C14_TF1",0,0,0,5,0,0,0,0,0,0,0,0,5,0,0,11,0,0,0,0,0,0,0,15,14,0,0,0,0,0,0,0,0,0,0,0,0,0,0,0,0,0,3,8,0,0,0,0,4,5,0,0,0,0,0,0,0,0,0,0,0,0,0,0,0,0,0,13,0,0,0,0,0,14,6,0,0,0,0,0,0,10,0,0,0,8,0,0,0,0,0,0,0,0,0,0,0,0,0,0,0,0,10,0,0,0,0,7,0,0,0,0,0,0,0,0,0,0,0,0,11,0,0,0,0,0,0,0,0,0,0,0,0,7,0,0,0,6,0,0,0,0,12,0,0,0,0,0,0,0,0,0,0,0,12,0,0,0,0,0,0,0,0,4,0,0,0,0,0,8,0,0,0,0,0,0,0,0,0,0,0,13,0,0,0,0,0,0,0,0,0,0,0,0,0,0,0,7,0,0,7,0,0,0,0,9,7,0,0,0,0,0,0,0,0,16,0,0,0,0,0,0,0,13,0,0,15,0,0,0,0,0,0,9,0,0,0,0,0,0,0,0,0,0,0,10,0,0,0,0,0,0,11,8,0,0,0,0,0,0,0,6,0,0,0,0,0,0,0,0,0,9,0,0,0,0,0,0,0,0,9,0,0,0,14,7,0,9,0,0,0,0,0,18,0,0,0,0,7,6,0,0,0,12,0,0,0,0,0,0,0,2,0,0,0,0,2,0,11,0,0,0,0,0,0,0,0,0,0,3,0,0,0,0,0,0,0,0,0,3,9,0,13,0,0,0,10,0,0,0,0,0,0,0,0,0,0,0,0,14,0,0,0,4,0,0,0,6,0,0,7,0,0,0,0,0,0,11,0,0,6,0,7,0,0,0,0,0,0,9,0,0,0,0,0,0,0,0,6,0,0,0,0,0,0,0,0,0,0,0,0,0,7,0,0,14,0,0,0,12,0,0,0,0,8,10,0,0,0,0,0,0,7,0,0,0,0,0,0,0,0,0,0,0,11,12,0,0,0,3,0,0,0,0,0,0,0,0,0,0,0,0,0,0,0,0,0,0,0,0,0,1,0,0,0,0,0,0,0,0,0,0,0,0,0,4,0,19,0,0,1,0,0,0,0,0,0,0,0,10
"C14_TF2",0,0,0,7,0,0,0,0,0,0,0,0,9,0,0,8,0,0,0,0,0,0,0,8,8,0,0,0,0,0,0,0,0,0,0,0,0,0,0,0,0,0,2,6,0,0,0,0,7,10,0,0,0,0,0,0,0,0,0,0,0,0,0,0,0,0,0,6,0,0,0,0,0,9,4,0,0,0,0,0,0,10,0,0,0,15,0,0,0,0,0,0,0,0,0,0,0,0,0,0,0,0,7,0,0,0,0,3,0,0,0,0,0,0,0,0,0,0,0,0,5,0,0,0,0,0,0,0,0,0,0,0,0,6,0,0,0,10,0,0,0,0,6,0,0,0,0,0,0,0,0,0,0,0,7,0,0,0,0,0,0,0,0,7,0,0,0,0,0,8,0,0,0,0,0,0,0,0,0,0,0,7,0,0,0,0,0,0,0,0,0,0,0,0,0,0,0,3,0,0,13,0,0,0,0,6,14,0,0,0,0,0,0,0,0,12,0,0,0,0,0,0,0,5,0,0,7,0,0,0,0,0,0,5,0,0,0,0,0,0,0,0,0,0,0,7,0,0,0,0,0,0,13,7,0,0,0,0,0,0,0,6,0,0,0,0,0,0,0,0,0,12,0,0,0,0,0,0,0,0,7,0,0,0,5,5,0,8,0,0,0,0,0,7,0,0,0,0,3,6,0,0,0,9,0,0,0,0,0,0,0,7,0,0,0,0,1,0,10,0,0,0,0,0,0,0,0,0,0,1,0,0,0,0,0,0,0,0,0,5,7,0,15,0,0,0,7,0,0,0,0,0,0,0,0,0,0,0,0,9,0,0,0,6,0,0,0,6,0,0,6,0,0,0,0,0,0,16,0,0,5,0,11,0,0,0,0,0,0,7,0,0,0,0,0,0,0,0,6,0,0,0,0,0,0,0,0,0,0,0,0,0,13,0,0,7,0,0,0,6,0,0,0,0,14,10,0,0,0,0,0,0,4,0,0,0,0,0,4,0,0,0,0,0,2,4,0,0,0,2,0,0,0,0,0,0,0,0,0,0,0,0,0,0,0,0,0,0,0,0,0,1,0,0,0,0,0,0,0,0,0,0,0,0,0,5,0,10,0,0,3,0,0,0,0,0,0,0,0,10
"D1_TF1",9,17,11,0,18,12,0,8,7,0,0,14,0,0,0,0,11,13,8,8,1,0,9,0,0,15,12,0,6,3,13,0,20,3,14,0,0,5,0,6,0,0,0,0,0,18,0,20,0,0,0,0,1,0,16,0,17,21,0,0,0,0,0,6,19,30,0,0,0,12,18,5,0,0,0,4,0,14,0,0,11,0,15,4,12,0,0,15,0,0,4,0,5,0,11,0,0,12,12,0,7,7,0,0,16,4,1,0,9,11,0,19,13,13,0,1,9,0,8,12,0,0,30,0,13,5,0,18,9,0,11,7,9,0,0,0,12,0,0,5,0,0,0,8,12,0,9,6,18,0,0,13,6,19,0,12,7,26,7,0,0,0,0,0,0,11,0,18,0,0,17,10,12,13,0,29,7,22,8,0,0,0,0,12,12,17,9,12,13,0,0,0,0,0,0,0,10,0,0,0,0,15,15,13,0,0,0,11,19,15,0,6,0,0,10,0,0,12,11,12,4,14,3,0,0,0,0,0,0,0,0,0,0,0,4,0,0,0,0,9,14,0,8,6,0,0,0,12,10,0,16,0,0,0,9,11,0,0,7,14,0,0,10,16,0,0,0,0,19,0,0,0,9,8,19,0,0,0,0,0,0,28,16,0,0,0,14,0,11,0,0,0,1,0,0,14,0,0,0,0,11,0,9,0,33,0,9,7,0,0,3,0,12,6,12,0,0,0,0,0,0,14,11,8,17,7,16,0,0,0,0,0,21,1,0,13,7,0,16,0,0,0,0,14,0,14,0,0,9,3,0,4,0,0,7,0,0,0,0,0,6,0,12,0,0,11,0,0,7,0,0,0,13,6,7,11,31,0,0,0,0,0,0,7,9,0,0,0,13,0,15,12,5,12,7,6,8,14,0,16,7,22,16,0,1,7,4,10,11,0,0,2,0,10,3,0,0,3,0,0,6,0,9,0,0,0,0,0,4,12,0,9,0,0,0,14,9,0,0,8,13,0,9,0,0,0,0,9,15,0,10,7,12,0,4,17,12,0,0,0,12,0,0,10,9,12,0,0,0,0,0,0,12,1,14,15,0,16,14,13,0,6,0,10,0,0,0,0,0,12,0,5,21,15,6,8,18,15,0,0
"D2_TF1",13,6,1,0,0,16,0,12,0,0,0,3,0,0,0,0,9,3,11,7,3,0,1,0,0,15,15,0,4,6,20,0,0,2,3,0,0,0,0,6,0,0,0,0,0,9,0,12,0,0,0,0,0,0,11,0,5,0,0,0,0,0,0,1,2,12,0,0,0,17,16,2,0,0,0,4,0,2,0,0,0,0,12,7,5,0,0,17,0,0,4,0,0,0,1,0,0,12,0,0,14,2,0,0,9,2,0,0,0,0,0,0,1,13,0,0,21,0,0,7,0,0,0,0,0,7,0,0,14,0,0,1,0,0,0,0,0,0,0,0,0,0,0,3,2,0,0,0,0,0,0,9,0,13,0,12,0,2,2,0,0,0,0,0,0,12,0,6,0,0,0,14,5,15,0,0,1,0,7,0,0,0,0,13,15,12,20,7,0,0,0,0,0,0,0,0,0,0,0,0,0,0,0,9,0,0,0,0,1,2,0,0,0,0,11,0,0,4,7,0,3,10,2,0,0,0,0,0,0,0,0,0,0,0,2,0,0,0,0,5,11,0,1,4,0,0,0,6,8,0,8,0,0,0,1,5,0,0,3,4,0,0,1,6,0,0,0,0,3,0,0,0,9,11,0,0,0,0,0,0,0,0,0,0,0,0,0,0,0,0,0,0,0,0,0,0,0,0,0,0,14,0,2,0,2,0,8,18,0,0,0,0,26,1,0,0,0,0,0,0,0,5,16,2,12,2,0,0,0,0,0,0,0,0,0,15,3,0,1,0,0,0,0,0,0,16,0,0,0,0,0,6,0,0,3,0,0,0,0,0,3,0,0,0,0,1,0,0,17,0,0,0,20,0,0,2,5,0,0,0,0,0,0,4,17,0,0,0,6,0,0,4,1,11,18,11,5,17,0,13,9,3,7,0,0,3,0,10,7,0,0,0,0,8,1,0,0,0,0,0,1,0,6,0,0,0,0,0,16,0,0,5,0,0,0,0,1,0,0,0,15,0,9,0,0,0,0,2,0,0,0,1,10,0,8,0,20,0,0,0,15,0,0,16,14,0,0,0,0,0,0,0,0,0,0,0,0,18,3,1,0,3,0,5,0,0,0,0,0,10,0,0,0,22,14,3,0,0,0,0
"D3_TF1",0,18,2,0,6,0,0,3,1,0,0,11,0,0,0,0,0,7,1,0,0,0,8,0,0,0,0,0,1,0,0,0,16,2,3,0,0,0,0,0,0,0,0,0,0,0,0,2,0,0,0,0,0,0,0,0,5,9,0,0,0,0,0,4,16,9,0,0,0,0,1,14,0,0,0,0,0,6,0,0,13,0,0,0,0,0,0,0,0,0,1,0,0,0,2,0,0,0,3,0,0,24,0,0,0,2,0,0,12,12,0,25,7,0,0,0,2,0,8,0,0,0,18,0,11,4,0,10,0,0,8,1,12,0,0,0,14,0,0,0,0,0,0,2,3,0,7,6,12,0,0,0,9,2,0,0,3,22,1,0,0,0,0,0,0,0,0,1,0,0,10,0,1,0,0,21,2,16,0,0,0,0,0,0,0,0,0,12,6,0,0,0,0,0,0,0,11,0,0,0,0,10,16,1,0,0,0,14,24,7,0,0,0,0,0,0,0,1,2,8,9,0,0,0,0,0,0,0,0,0,0,0,0,0,6,0,0,0,0,12,0,0,0,3,0,0,0,2,0,0,0,0,0,0,5,12,0,0,5,1,0,0,1,12,0,0,0,0,7,0,0,0,0,2,13,0,0,0,0,0,0,19,9,0,0,0,14,0,8,0,0,0,0,0,0,23,0,0,0,0,0,0,8,0,13,0,0,2,0,0,0,0,0,0,4,0,0,0,0,0,0,3,0,3,1,3,20,0,0,0,0,0,12,0,0,0,0,0,9,0,0,0,0,14,0,0,0,0,6,0,0,0,0,0,3,0,0,0,0,0,0,0,10,0,0,0,0,0,0,0,0,0,0,8,13,7,30,0,0,0,0,0,0,1,0,0,0,0,0,0,24,6,4,0,0,0,0,0,0,0,0,18,0,0,0,14,5,0,1,0,0,0,0,1,6,0,0,10,0,0,6,0,0,0,0,0,0,0,0,7,0,2,0,0,0,18,4,0,0,9,0,0,0,0,0,0,0,3,11,0,10,4,5,0,0,11,0,0,0,0,0,0,0,0,0,9,0,0,0,0,0,0,6,0,19,14,0,0,1,19,0,2,0,0,0,0,0,0,0,0,0,6,16,0,0,6,8,12,0,0
"D4_TF1",0,20,1,13,16,0,13,0,11,10,14,20,6,16,12,8,0,19,1,0,0,9,22,12,13,3,0,8,2,0,0,3,23,0,5,13,8,16,21,0,11,14,12,17,8,0,9,0,9,17,11,9,19,10,0,13,11,16,11,7,16,11,20,13,22,16,13,14,13,0,0,12,5,14,19,10,12,13,10,6,13,13,0,0,2,14,11,0,16,6,5,16,21,10,7,18,18,0,1,14,0,20,12,9,0,4,10,11,20,18,15,19,16,0,13,15,0,8,20,0,13,23,24,4,19,2,4,21,0,10,13,0,12,15,13,6,17,17,10,10,6,13,11,7,13,19,15,23,30,6,17,0,17,0,10,0,17,32,3,8,6,7,12,20,13,0,13,1,7,19,11,0,0,0,11,26,9,19,0,20,11,13,11,0,0,0,0,20,23,8,19,15,9,16,12,9,17,11,8,4,16,20,31,0,9,15,9,18,23,5,3,10,7,9,0,24,14,7,0,9,4,0,9,17,17,10,14,7,12,13,12,16,9,10,13,13,5,12,5,25,0,15,12,19,14,6,7,6,0,12,2,10,11,10,4,24,14,7,13,3,13,9,17,24,10,14,8,13,21,9,11,14,0,0,17,15,11,8,3,18,10,17,24,20,17,16,17,6,10,6,7,23,17,11,10,39,13,9,19,17,0,7,18,3,28,11,0,0,15,10,13,11,0,9,18,12,12,2,6,9,15,15,0,16,0,7,14,9,4,18,14,14,11,11,14,0,5,7,24,12,13,9,18,18,10,0,16,10,5,13,12,0,8,16,9,16,13,10,6,19,0,11,17,12,6,13,5,7,0,14,8,7,0,14,19,18,31,22,9,4,12,11,19,7,0,13,7,17,0,21,40,21,15,0,0,0,0,0,14,0,0,26,0,13,14,10,10,0,0,12,14,14,13,0,9,14,22,19,7,17,5,24,0,12,12,16,19,4,0,13,10,4,13,8,10,18,6,10,13,12,0,14,0,9,5,10,12,18,15,8,12,13,1,12,0,9,0,10,10,18,1,10,13,0,0,17,4,7,7,16,8,6,15,9,38,16,9,0,3,19,10,6,3,0,16,11,12,10,10,0,7,23,22,0,0,11,21,12,13,15
"D4_TF2",0,20,1,4,16,2,11,1,12,11,5,12,5,11,7,7,0,11,0,0,2,6,25,4,17,0,0,5,2,0,0,8,16,0,6,5,5,7,10,0,5,9,6,11,2,0,4,0,14,16,9,6,4,9,0,8,3,23,4,8,17,4,6,8,12,19,8,13,8,5,0,7,5,7,7,7,9,12,11,13,4,8,3,3,0,9,6,0,10,7,7,14,17,6,3,5,7,0,2,4,0,24,12,5,0,11,8,6,14,22,7,20,9,0,8,5,0,11,14,0,20,4,22,13,9,0,12,24,0,6,19,1,18,14,10,3,16,5,7,13,12,7,13,7,9,12,5,15,15,7,16,0,5,0,8,0,13,24,4,4,10,4,5,12,8,0,6,0,12,13,7,0,0,0,9,25,9,12,0,5,5,13,5,0,0,0,0,22,12,5,6,8,11,3,6,6,15,8,2,12,3,24,19,0,8,11,10,16,15,3,6,9,15,7,0,10,7,3,0,18,1,0,7,17,10,14,11,9,3,15,11,15,11,19,7,2,9,6,14,12,0,13,28,3,6,12,11,6,0,12,0,14,6,13,4,9,9,8,9,3,11,7,9,26,9,5,11,6,15,4,7,4,0,0,12,8,10,10,16,6,8,27,15,9,13,9,21,16,13,4,9,5,9,12,6,30,8,6,14,10,0,6,5,14,18,9,0,0,8,6,10,9,0,14,11,2,7,10,11,7,7,9,0,3,0,3,14,5,2,6,7,10,14,10,8,0,5,8,16,9,10,3,7,18,7,0,15,7,5,10,8,0,7,13,12,5,6,9,5,11,1,5,19,7,4,9,14,17,0,6,12,6,0,18,18,8,32,9,12,8,16,9,11,6,0,7,10,9,0,8,27,6,7,0,0,0,0,1,10,0,0,24,0,6,11,13,1,0,0,5,4,9,13,1,9,6,13,10,14,9,5,13,0,7,10,10,4,9,0,10,11,7,11,10,3,21,13,10,8,9,0,10,0,7,12,11,10,10,6,9,15,11,3,8,0,16,5,10,17,10,0,11,16,0,0,16,6,10,9,16,8,9,1,10,16,18,16,0,3,24,8,4,13,1,4,12,9,6,3,0,12,17,15,0,0,12,19,20,6,12
"D5_TF1",14,0,1,10,0,16,8,16,9,5,13,0,9,10,8,8,10,0,11,10,11,4,0,7,6,18,9,6,4,8,13,10,0,5,3,3,3,6,10,7,4,12,12,14,2,7,5,10,13,12,3,5,7,4,13,12,9,0,1,3,10,5,3,0,0,0,3,4,7,15,10,0,5,7,6,8,6,0,7,3,0,7,14,7,4,6,8,16,3,2,5,3,5,8,2,9,10,11,0,6,13,0,9,6,10,7,7,7,1,0,7,0,0,5,5,4,15,2,0,11,7,8,1,11,0,12,14,0,10,3,0,1,0,3,6,3,0,9,11,9,6,6,4,4,7,7,0,0,0,8,9,10,0,10,8,9,0,0,1,5,6,8,2,8,3,15,9,2,4,11,0,11,4,8,5,0,6,0,9,10,7,14,5,6,12,12,8,0,0,2,3,7,3,6,10,7,0,8,8,4,5,0,0,11,4,9,5,0,0,2,5,3,5,4,12,13,10,2,7,0,1,11,7,4,6,5,8,5,6,7,9,3,5,10,10,5,7,7,4,0,10,4,5,8,6,7,8,6,2,12,3,6,10,6,0,0,6,3,8,3,5,4,8,0,8,8,4,1,0,10,2,6,11,10,0,3,2,1,7,9,6,0,0,1,11,15,0,17,0,7,11,5,4,8,12,0,10,7,4,4,9,6,0,7,0,4,6,21,8,12,11,10,7,5,0,10,10,4,12,7,4,6,14,14,14,3,0,6,3,3,6,9,0,3,7,16,5,5,0,11,8,5,7,0,3,6,9,9,0,4,4,3,4,4,5,6,2,5,8,3,1,4,0,3,4,11,4,8,5,8,7,3,5,0,0,0,7,15,10,3,9,12,16,6,8,2,6,7,9,6,0,0,0,5,12,14,10,7,7,11,19,0,11,3,4,0,0,7,11,7,8,8,5,3,0,11,2,0,2,15,1,5,13,5,13,8,5,3,9,0,5,11,3,9,9,0,0,6,13,0,21,7,8,4,3,5,3,6,0,5,0,8,14,6,6,0,7,5,8,3,14,8,4,10,17,0,1,10,12,3,7,3,0,12,0,0,3,8,1,0,5,0,4,7,5,6,5,7,4,11,8,0,0,9,20,6,0,0,5,9
"D5_TF2",10,0,2,6,0,7,5,15,6,3,4,0,7,0,9,9,7,0,7,8,14,4,0,11,4,15,10,5,0,6,8,12,0,4,4,4,6,9,5,5,7,5,9,18,9,12,8,8,9,9,5,1,8,6,9,4,5,0,4,4,4,6,4,0,0,0,5,9,4,14,8,1,7,4,3,10,4,3,8,6,0,10,10,8,10,11,12,4,11,9,4,5,6,6,0,4,7,8,1,5,10,0,13,5,10,3,6,8,0,0,4,0,0,12,8,12,14,5,0,10,7,3,0,12,0,7,11,0,12,5,0,2,0,7,3,5,0,17,3,10,3,1,5,4,5,2,0,0,0,3,5,17,0,9,9,10,0,0,4,6,6,6,1,7,1,13,8,1,6,8,0,9,7,8,10,0,8,0,9,6,2,9,11,14,6,17,12,2,0,6,6,10,5,6,7,4,0,13,3,7,2,0,0,10,3,9,5,0,0,0,7,3,3,11,9,7,5,5,3,0,1,15,4,5,7,3,11,3,4,7,1,3,1,4,9,3,6,7,1,0,10,5,4,6,6,7,4,2,8,6,4,6,7,8,0,0,7,5,11,2,11,4,9,0,10,8,5,7,0,7,4,6,12,8,0,5,1,5,9,2,18,0,0,4,11,5,0,10,0,3,3,3,8,6,8,0,5,4,10,5,10,5,0,9,0,10,12,17,5,6,5,9,4,5,0,4,10,5,7,3,7,10,10,8,14,7,0,4,7,4,4,1,0,5,6,10,2,3,1,7,2,5,9,0,1,13,6,4,6,4,11,4,4,2,6,5,5,4,2,8,1,6,0,6,4,7,3,6,14,7,9,5,7,0,0,0,0,13,6,1,8,3,8,5,19,5,3,5,10,6,5,0,0,10,14,7,8,9,2,9,6,0,11,5,5,0,0,5,10,6,7,4,5,3,0,8,10,0,5,7,1,1,10,2,3,9,9,8,15,0,9,3,4,7,7,0,0,2,7,0,12,4,4,4,9,11,2,7,0,6,1,7,7,2,8,0,15,7,5,10,10,7,4,11,16,0,3,5,4,4,9,14,0,9,0,0,7,12,1,0,1,0,5,7,3,8,9,5,7,12,3,0,0,19,16,3,0,0,4,10
"D6_TF1",7,0,1,0,0,10,0,12,0,0,0,0,0,0,0,0,5,0,5,6,3,0,0,0,0,8,4,0,2,4,12,0,0,0,0,0,0,0,0,2,0,0,0,0,0,9,0,8,0,0,0,0,0,0,9,0,0,0,0,0,0,0,0,0,0,0,0,0,0,11,7,0,0,0,0,0,0,0,0,0,0,0,17,11,1,0,0,7,0,0,0,0,0,0,0,0,0,5,0,0,14,0,0,0,8,0,0,0,0,0,0,0,0,12,0,0,21,0,0,12,0,0,0,0,0,3,0,0,10,0,0,1,0,0,0,0,0,0,0,0,0,0,0,0,0,0,0,0,0,0,0,8,0,8,0,7,0,0,1,0,0,0,0,0,0,7,0,0,0,0,0,10,4,12,0,0,0,0,3,0,0,0,0,3,8,10,3,0,0,0,0,0,0,0,0,0,0,0,0,0,0,0,0,6,0,0,0,0,0,0,0,0,0,0,7,0,0,0,1,0,0,18,0,0,0,0,0,0,0,0,0,0,0,0,0,0,0,0,0,0,10,0,0,0,0,0,0,0,7,0,6,0,0,0,0,0,0,0,0,0,0,0,0,0,0,0,0,0,0,0,0,0,8,8,0,0,0,0,0,0,0,0,0,0,0,0,0,0,0,0,0,0,0,0,0,0,0,0,0,0,7,0,0,0,0,0,4,12,0,0,0,0,11,0,0,0,0,0,0,0,0,0,11,0,10,6,0,0,0,0,0,0,0,0,0,14,0,0,0,0,0,0,0,0,0,10,0,0,0,0,0,4,0,0,0,0,0,0,0,0,0,0,0,0,0,0,0,0,16,0,0,0,4,0,0,0,0,0,0,0,0,0,0,0,7,0,0,0,9,0,0,0,0,11,10,4,9,8,0,4,8,0,8,0,0,0,0,7,6,0,0,0,0,3,0,0,0,0,0,0,0,0,6,0,0,0,0,0,13,0,0,0,0,0,0,0,0,0,0,0,20,0,9,0,0,0,0,0,0,0,0,0,6,0,6,0,10,0,0,0,7,0,0,12,6,0,0,0,0,0,0,0,0,0,0,0,0,8,0,0,0,0,0,2,0,0,0,0,0,9,0,0,0,12,12,0,0,0,0,0
"D7_TF1",0,32,1,0,13,0,0,0,0,0,0,20,0,0,0,0,0,19,0,0,0,0,14,0,0,0,0,0,0,0,0,0,25,0,0,0,0,0,0,0,0,0,0,0,0,0,0,0,0,0,0,0,0,0,0,0,0,13,0,0,0,0,0,3,21,24,0,0,0,0,0,4,0,0,0,0,0,23,0,0,17,0,0,0,0,0,0,0,0,0,0,0,0,0,7,0,0,0,1,0,0,17,0,0,0,0,0,0,23,16,0,29,10,0,0,0,0,0,10,0,0,0,24,0,13,0,0,24,0,0,13,3,23,0,0,0,13,0,0,0,0,0,0,1,0,0,1,23,25,0,0,0,16,0,0,0,14,20,1,0,0,0,0,0,0,0,0,0,0,0,17,0,0,0,0,35,0,21,0,0,0,0,0,0,0,0,0,15,16,0,0,0,0,0,0,0,18,0,0,0,0,14,24,0,0,0,0,20,14,0,0,0,0,0,0,0,0,0,0,21,5,0,0,0,0,0,0,0,0,0,0,0,0,0,0,0,0,0,0,15,0,0,0,0,0,0,0,0,0,0,0,0,0,0,1,11,0,0,0,1,0,0,0,22,0,0,0,0,10,0,0,0,0,0,22,0,0,0,0,0,0,27,18,0,0,0,16,0,15,0,0,0,0,0,0,31,0,0,0,0,0,0,3,0,23,0,0,0,0,0,0,0,0,0,13,0,0,0,0,0,0,0,0,0,0,0,23,0,0,0,0,0,17,0,0,0,2,0,18,0,0,0,0,23,0,0,0,0,1,0,0,0,0,0,0,0,0,0,0,0,0,0,17,0,0,0,0,0,0,0,0,0,0,16,19,16,37,0,0,0,0,0,0,4,0,0,0,0,0,0,24,14,2,0,0,0,0,0,0,0,0,21,0,0,0,19,8,0,0,0,0,0,0,0,8,0,0,8,0,0,1,0,0,0,0,0,0,0,0,18,0,0,0,0,0,19,7,0,0,13,0,0,0,0,0,0,0,0,12,0,11,0,0,0,0,9,0,0,0,0,0,0,0,0,0,23,0,0,0,0,0,0,21,0,39,22,0,0,0,17,0,1,0,0,0,0,0,0,0,0,0,9,23,0,0,0,18,16,0,0
"D7_TF2",0,18,2,0,25,0,0,0,0,0,0,12,0,0,0,0,0,16,0,0,0,0,14,0,0,0,0,0,1,0,0,0,21,0,0,0,0,0,0,0,0,0,0,0,0,0,0,0,0,0,0,0,0,0,0,0,0,22,0,0,0,0,0,1,28,31,0,0,0,0,0,4,0,0,0,0,0,11,0,0,18,0,0,0,0,0,0,0,0,0,0,0,0,0,5,0,0,0,2,0,0,23,0,0,0,0,0,0,36,13,0,23,20,0,0,0,0,0,22,0,0,0,34,0,14,0,0,20,0,0,25,2,20,0,0,0,31,0,0,0,0,0,0,3,0,0,7,22,23,0,0,0,13,0,0,0,9,29,2,0,0,0,0,0,0,0,0,0,0,0,15,0,0,0,0,34,0,28,0,0,0,0,0,0,0,0,0,25,11,0,0,0,0,0,0,0,40,0,0,0,0,22,27,0,0,0,0,25,24,1,0,0,0,0,0,0,0,0,0,18,4,0,0,0,0,0,0,0,0,0,0,0,0,0,0,0,0,0,0,14,0,0,0,1,0,0,0,0,0,0,0,0,0,0,2,16,0,0,1,3,0,0,0,26,0,0,0,0,27,0,0,0,0,0,25,0,0,0,0,0,0,48,21,0,0,0,15,0,9,0,0,0,0,0,0,40,0,0,0,0,0,0,8,0,29,0,0,0,0,0,0,0,0,0,28,0,0,0,0,0,0,0,0,0,0,1,26,0,0,0,0,0,23,0,0,0,1,0,19,0,0,0,0,34,0,0,0,0,2,0,0,0,0,0,0,0,0,0,0,0,0,0,19,0,0,0,0,0,0,0,0,0,0,29,15,18,39,0,0,0,0,0,0,0,0,0,0,0,0,0,28,12,2,0,0,0,0,0,0,0,0,21,0,0,0,15,8,0,0,0,0,0,0,1,4,0,0,15,0,0,0,0,0,0,0,0,0,0,0,21,0,0,0,0,0,22,8,0,0,7,0,0,0,0,0,0,0,0,19,0,15,0,0,0,0,25,0,0,0,0,0,0,0,0,0,31,0,0,0,0,0,0,20,0,29,28,0,0,1,37,0,0,0,0,0,0,0,0,0,0,0,11,32,0,0,2,20,31,0,0
"D8_TF1",12,12,0,0,11,8,0,12,0,0,0,10,0,0,0,0,9,23,1,6,8,0,8,0,0,10,9,0,0,4,8,0,27,0,0,0,0,0,0,0,0,0,0,0,0,13,0,6,0,0,0,0,0,0,4,0,0,16,0,0,0,0,0,0,21,20,0,0,0,8,6,0,0,0,0,0,0,16,0,0,9,0,8,5,0,0,0,17,0,0,0,0,0,0,0,0,0,4,0,0,12,12,0,0,17,0,0,0,9,16,0,14,9,9,0,0,8,0,7,5,0,0,16,0,10,9,0,12,5,0,16,0,12,0,0,0,18,0,0,0,0,0,0,0,0,0,0,11,11,0,0,11,9,4,0,3,1,19,0,0,0,0,0,0,0,13,0,0,0,0,8,13,2,7,0,22,0,17,7,0,0,0,0,4,10,9,17,5,14,0,0,0,0,0,0,0,18,0,0,0,0,9,20,6,0,0,0,11,8,0,0,0,0,0,6,0,0,0,0,11,0,7,0,0,0,0,0,0,0,0,0,0,0,0,0,0,0,0,0,11,10,0,0,0,0,0,0,0,3,0,4,0,0,0,0,13,0,0,0,0,0,0,0,11,0,0,0,0,12,0,0,0,9,3,15,0,0,0,0,0,0,17,16,0,0,0,8,0,3,0,0,0,0,0,0,30,0,0,0,0,8,0,0,0,16,0,14,18,0,0,0,0,14,0,16,0,0,0,0,0,0,0,10,0,7,0,15,0,0,0,0,0,16,0,0,14,0,0,12,0,0,0,0,8,0,12,0,0,0,0,0,5,0,0,0,0,0,0,0,0,0,0,9,0,0,0,0,0,11,0,0,0,6,9,17,15,18,0,0,0,0,0,0,0,9,0,0,0,4,0,29,14,0,5,11,7,2,11,0,16,8,14,3,0,0,14,1,1,12,0,0,0,0,0,1,0,0,5,0,0,0,0,22,0,0,0,0,0,7,11,0,0,0,0,0,12,0,0,0,4,11,0,4,0,0,0,0,0,10,0,8,0,12,0,8,17,5,0,0,0,8,0,0,10,10,12,0,0,0,0,0,0,17,0,16,11,0,8,0,13,0,0,0,0,0,0,0,0,0,6,0,3,17,9,13,0,15,17,0,0
"D9_TF1",15,0,0,0,0,12,0,13,0,0,0,0,0,0,0,0,12,0,0,3,3,0,0,0,0,6,7,0,0,3,6,0,0,0,0,0,0,0,0,0,0,0,0,0,0,12,0,6,0,0,0,0,0,0,9,0,0,0,0,0,0,0,0,0,0,0,0,0,0,14,9,0,0,0,0,0,0,0,0,0,0,0,20,5,0,0,0,6,0,0,0,0,0,0,0,0,0,0,0,0,4,0,0,0,7,0,0,0,0,0,0,0,0,3,0,0,17,0,0,4,0,0,0,0,0,2,0,0,8,0,0,0,0,0,0,0,0,0,0,0,0,0,0,0,0,0,0,0,0,0,0,7,0,14,0,12,0,0,0,0,0,0,0,0,0,11,0,0,0,0,0,7,0,9,0,0,0,0,5,0,0,0,0,5,10,3,8,0,0,0,0,0,0,0,0,0,0,0,0,0,0,0,0,8,0,0,0,0,0,0,0,0,0,0,6,0,0,0,0,0,0,2,0,0,0,0,0,0,0,0,0,0,0,0,0,0,0,0,0,0,7,0,0,0,0,0,0,0,0,0,1,0,0,0,0,0,0,0,0,0,0,0,0,0,0,0,0,0,0,0,0,0,8,6,0,0,0,0,0,0,0,0,0,0,0,0,0,0,0,0,0,0,0,0,0,0,0,0,0,0,5,0,0,0,0,0,7,7,0,0,0,0,9,0,0,0,0,0,0,0,0,0,9,0,10,0,0,0,0,0,0,0,0,0,0,8,0,0,0,0,0,0,0,0,0,8,0,0,0,0,0,8,0,0,0,0,0,0,0,0,0,0,0,0,0,0,0,0,20,0,0,0,6,0,0,0,0,0,0,0,0,0,0,0,14,0,0,0,4,0,0,0,0,5,8,8,8,9,0,12,8,0,10,0,0,0,0,2,12,0,0,0,0,0,0,0,0,0,0,0,0,0,4,0,0,0,0,0,7,0,0,0,0,0,0,0,0,0,0,0,14,0,3,0,0,0,0,0,0,0,0,0,4,0,8,0,12,0,0,0,8,0,0,6,10,0,0,0,0,0,0,0,0,0,0,0,0,5,0,0,0,0,0,0,0,0,0,0,0,13,0,0,0,14,6,0,0,0,0,0
"D9_TF2",13,0,0,0,0,36,0,21,0,0,0,0,0,0,0,0,13,0,0,16,1,0,0,0,0,19,14,0,0,19,20,0,0,0,0,0,0,0,0,0,0,0,0,0,0,25,0,4,0,0,0,0,0,0,22,0,0,0,0,0,0,0,0,0,0,0,0,0,0,21,9,0,0,0,0,0,0,0,0,0,0,0,35,7,0,0,0,30,0,0,0,0,0,0,0,0,0,0,0,0,22,0,0,0,17,0,0,0,0,0,0,0,0,18,0,0,26,0,0,15,0,0,0,0,0,3,0,0,13,0,0,0,0,0,0,0,0,0,0,0,0,0,0,0,0,0,0,0,0,0,0,41,0,24,0,22,0,0,0,0,0,0,0,0,0,17,0,0,0,0,0,22,0,15,0,0,0,0,10,0,0,0,0,16,14,27,14,0,0,0,0,0,0,0,0,0,0,0,0,0,0,0,0,12,0,0,0,0,0,0,0,0,0,0,11,0,0,0,0,0,0,19,0,0,0,0,0,0,0,0,0,0,0,0,0,0,0,0,0,0,16,0,0,0,0,0,0,0,1,0,3,0,0,0,0,0,0,0,0,0,0,0,0,0,0,0,0,0,0,0,0,0,13,4,0,0,0,0,0,0,0,0,0,0,0,0,0,0,0,0,0,0,0,0,0,0,0,0,0,0,12,0,0,0,0,0,13,26,0,0,0,0,17,0,0,0,0,0,0,0,0,0,24,0,8,0,0,0,0,0,0,0,0,0,0,13,0,0,0,0,0,0,0,0,0,33,0,0,0,0,0,12,0,0,0,0,0,0,0,0,0,0,0,0,0,0,0,0,29,0,0,0,14,0,0,0,0,0,0,0,0,0,0,0,32,0,0,0,14,0,0,0,0,10,24,19,5,24,0,21,23,0,26,0,0,0,0,2,7,0,0,0,0,0,0,0,0,0,0,0,0,0,23,0,0,0,0,0,21,0,0,0,0,0,0,0,0,0,0,0,10,0,15,0,0,0,0,0,0,0,0,0,21,0,16,0,21,0,0,0,30,0,0,30,28,0,0,0,0,0,0,0,0,0,0,0,0,8,0,0,0,0,0,0,0,0,0,0,0,20,0,0,0,12,15,0,0,0,0,0
"D10_TF1",12,0,0,0,0,25,0,26,0,0,0,0,0,0,0,0,30,0,0,23,3,0,0,0,0,16,18,0,0,19,21,0,0,0,0,0,0,0,0,0,0,0,0,0,0,23,0,8,0,0,0,0,0,0,32,0,0,0,0,0,0,0,0,0,0,0,0,0,0,27,13,0,0,0,0,0,0,0,0,0,0,0,24,20,0,0,0,33,0,0,0,0,0,0,0,0,0,4,0,0,22,0,0,0,38,0,0,0,0,0,0,0,0,39,0,0,27,0,0,25,0,0,0,0,0,10,0,0,20,0,0,0,0,0,0,0,0,0,0,0,0,0,0,0,0,0,0,0,0,0,0,21,0,37,0,23,0,0,0,0,0,0,0,0,0,28,0,0,0,0,0,25,0,29,0,0,0,0,14,0,0,0,0,16,28,45,16,0,0,0,0,0,0,0,0,0,0,0,0,0,0,0,0,11,0,0,0,0,0,0,0,0,0,0,19,0,0,0,0,0,0,31,0,0,0,0,0,0,0,0,0,0,0,0,0,0,0,0,0,0,10,0,0,0,0,0,0,0,0,0,3,0,0,0,0,0,0,0,0,0,0,0,0,0,0,0,0,0,0,0,0,0,12,8,0,0,0,0,0,0,0,0,0,0,0,0,0,0,0,0,0,0,0,0,0,0,0,0,0,0,15,0,0,0,0,0,14,38,0,0,0,0,28,0,0,0,0,0,0,0,0,0,38,0,24,0,0,0,0,0,0,0,0,0,0,21,0,0,0,0,0,0,0,0,0,28,0,0,0,0,0,15,0,0,0,0,0,0,0,0,0,0,0,0,0,0,0,0,25,0,0,0,19,0,0,0,0,0,0,0,0,0,0,0,33,0,0,0,21,0,0,0,0,16,26,19,4,15,0,37,21,0,20,0,0,0,0,2,8,0,0,0,0,0,0,0,0,0,0,0,0,0,10,0,0,0,0,0,34,0,0,0,0,0,0,0,0,0,0,0,19,0,11,0,0,0,0,0,0,0,0,0,14,0,8,0,27,0,0,0,28,0,0,28,21,0,0,0,0,0,0,0,0,0,0,0,0,15,0,0,0,0,0,0,0,0,0,0,0,11,0,0,0,16,32,0,0,0,0,0
"D11_TF1",15,0,0,0,0,20,0,7,0,0,0,0,0,0,0,0,16,0,0,12,3,0,0,0,0,12,18,0,0,7,15,0,0,0,0,0,0,0,0,0,0,0,0,0,0,5,0,3,0,0,0,0,0,0,10,0,0,0,0,0,0,0,0,0,0,0,0,0,0,18,6,0,0,0,0,0,0,0,0,0,0,0,8,6,0,0,0,12,0,0,0,0,0,0,0,0,0,0,0,0,13,0,0,0,8,0,0,0,0,0,0,0,0,13,0,0,11,0,0,9,0,0,0,0,0,5,0,0,8,0,0,0,0,0,0,0,0,0,0,0,0,0,0,0,0,0,0,0,0,0,0,9,0,12,0,12,0,0,0,0,0,0,0,0,0,13,0,0,0,0,0,7,0,5,0,0,0,0,7,0,0,0,0,5,11,9,6,0,0,0,0,0,0,0,0,0,0,0,0,0,0,0,0,13,0,0,0,0,0,0,0,0,0,0,5,0,0,0,0,0,0,11,0,0,0,0,0,0,0,0,0,0,0,0,0,0,0,0,0,0,11,0,0,0,0,0,0,0,0,0,1,0,0,0,0,0,0,0,0,0,0,0,0,0,0,0,0,0,0,0,0,0,7,2,0,0,0,0,0,0,0,0,0,0,0,0,0,0,0,0,0,0,0,0,0,0,0,0,0,0,10,0,0,0,0,0,9,14,0,0,0,0,13,0,0,0,0,0,0,0,0,0,9,0,5,0,0,0,0,0,0,0,0,0,0,14,0,0,0,0,0,0,0,0,0,19,0,0,0,0,0,8,0,0,0,0,0,0,0,0,0,0,0,0,0,0,0,0,14,0,0,0,5,0,0,0,0,0,0,0,0,0,0,0,8,0,0,0,10,0,0,0,0,5,19,5,3,7,0,14,11,0,12,0,0,0,0,2,7,0,0,0,0,0,0,0,0,0,0,0,0,0,13,0,0,0,0,0,11,0,0,0,0,0,0,0,0,0,0,0,21,0,7,0,0,0,0,0,0,0,0,0,12,0,4,0,6,0,0,0,10,0,0,20,16,0,0,0,0,0,0,0,0,0,0,0,0,6,0,0,0,0,0,0,0,0,0,0,0,5,0,0,0,12,13,0,0,0,0,0
"D11_TF2",5,0,0,0,0,14,0,10,0,0,0,0,0,0,0,0,10,0,0,6,5,0,0,0,0,12,10,0,0,13,15,0,0,0,0,0,0,0,0,0,0,0,0,0,0,13,0,4,0,0,0,0,0,0,17,0,0,0,0,0,0,0,0,0,0,0,0,0,0,8,12,0,0,0,0,0,0,0,0,0,0,0,17,7,0,0,0,15,0,0,0,0,0,0,0,0,0,0,0,0,9,0,0,0,8,0,0,0,0,0,0,0,0,25,0,0,11,0,0,13,0,0,0,0,0,3,0,0,9,0,0,0,0,0,0,0,0,0,0,0,0,0,0,0,0,0,0,0,0,0,0,14,0,19,0,15,0,0,0,0,0,0,0,0,0,9,0,0,0,0,0,7,0,11,0,0,0,0,9,0,0,0,0,11,14,8,8,0,0,0,0,0,0,0,0,0,0,0,0,0,0,0,0,12,0,0,0,0,0,0,0,0,0,0,13,0,0,0,0,0,0,18,0,0,0,0,0,0,0,0,0,0,0,0,0,0,0,0,0,0,6,0,0,0,0,0,0,0,0,0,1,0,0,0,0,0,0,0,0,0,0,0,0,0,0,0,0,0,0,0,0,0,12,3,0,0,0,0,0,0,0,0,0,0,0,0,0,0,0,0,0,0,0,0,0,0,0,0,0,0,10,0,0,0,0,0,14,8,0,0,0,0,6,0,0,0,0,0,0,0,0,0,20,0,5,0,0,0,0,0,0,0,0,0,0,11,0,0,0,0,0,0,0,0,0,10,0,0,0,0,0,7,0,0,0,0,0,0,0,0,0,0,0,0,0,0,0,0,17,0,0,0,9,0,0,0,0,0,0,0,0,0,0,0,15,0,0,0,7,0,0,0,0,6,19,11,5,11,0,7,12,0,17,0,0,0,0,0,7,0,0,0,0,0,0,0,0,0,0,0,0,0,13,0,0,0,0,0,15,0,0,0,0,0,0,0,0,0,0,0,25,0,8,0,0,0,0,0,0,0,0,0,12,0,8,0,18,0,0,0,18,0,0,15,13,0,0,0,0,0,0,0,0,0,0,0,0,7,0,0,0,0,0,0,0,0,0,0,0,5,0,0,0,17,14,0,0,0,0,0
"D12_TF1",0,19,0,0,21,0,0,0,0,0,0,20,0,0,0,0,0,16,0,0,0,0,8,0,0,0,0,0,0,0,0,0,25,0,0,0,0,0,0,0,0,0,0,0,0,0,0,0,0,0,0,0,0,0,0,0,0,15,0,0,0,0,0,0,18,27,0,0,0,0,0,0,0,0,0,0,0,14,0,0,7,0,0,0,0,0,0,0,0,0,0,0,0,0,0,0,0,0,0,0,0,12,0,0,0,0,0,0,26,35,0,24,22,0,0,0,0,0,1,0,0,0,29,0,0,0,0,29,0,0,18,0,10,0,0,0,30,0,0,0,0,0,0,0,0,0,0,21,33,0,0,0,6,0,0,0,0,32,0,0,0,0,0,0,0,0,0,0,0,0,4,0,0,0,0,44,0,35,0,0,0,0,0,0,0,0,0,14,16,0,0,0,0,0,0,0,14,0,0,0,0,17,29,0,0,0,0,24,21,0,0,0,0,0,0,0,0,0,0,22,0,0,0,0,0,0,0,0,0,0,0,0,0,0,0,0,0,0,0,17,0,0,0,0,0,0,0,0,0,0,0,0,0,0,0,19,0,0,0,0,0,0,0,39,0,0,0,0,19,0,0,0,0,0,28,0,0,0,0,0,0,42,39,0,0,0,36,0,0,0,0,0,0,0,0,35,0,0,0,0,0,0,0,0,36,0,0,0,0,0,0,0,0,0,16,0,0,0,0,0,0,0,0,0,0,0,27,0,0,0,0,0,27,0,0,0,0,0,13,0,0,0,0,17,0,0,0,0,0,0,0,0,0,0,0,0,0,0,0,0,0,0,27,0,0,0,0,0,0,0,0,0,0,32,21,18,40,0,0,0,0,0,0,0,0,0,0,0,0,0,42,12,0,0,0,0,0,0,0,0,0,19,0,0,0,14,0,0,0,0,0,0,0,0,0,0,0,3,0,0,0,0,0,0,0,0,0,0,0,4,0,0,0,0,0,28,0,0,0,0,0,0,0,0,0,0,0,0,1,0,0,0,0,0,0,17,0,0,0,0,0,0,0,0,0,19,0,0,0,0,0,0,16,0,29,14,0,0,0,20,0,0,0,0,0,0,0,0,0,0,0,0,28,0,0,0,26,36,0,0
"D12_TF2",0,15,0,0,13,0,0,0,0,0,0,15,0,0,0,0,0,19,0,0,0,0,12,0,0,0,0,0,0,0,0,0,14,0,0,0,0,0,0,0,0,0,0,0,0,0,0,0,0,0,0,0,0,0,0,0,0,23,0,0,0,0,0,0,14,25,0,0,0,0,0,0,0,0,0,0,0,14,0,0,1,0,0,0,0,0,0,0,0,0,0,0,0,0,0,0,0,0,0,0,0,17,0,0,0,0,0,0,10,16,0,34,15,0,0,0,0,0,1,0,0,0,20,0,3,0,0,20,0,0,13,0,15,0,0,0,19,0,0,0,0,0,0,0,0,0,0,13,34,0,0,0,3,0,0,0,0,30,0,0,0,0,0,0,0,0,0,0,0,0,6,0,0,0,0,30,0,10,0,0,0,0,0,0,0,0,0,11,17,0,0,0,0,0,0,0,19,0,0,0,0,14,15,0,0,0,0,22,25,0,0,0,0,0,0,0,0,0,0,20,0,0,0,0,0,0,0,0,0,0,0,0,0,0,0,0,0,0,0,12,0,0,0,0,0,0,0,0,0,0,0,0,0,0,0,12,0,0,0,0,0,0,0,12,0,0,0,0,14,0,0,0,0,0,17,0,0,0,0,0,0,24,14,0,0,0,16,0,0,0,0,0,0,0,0,28,0,0,0,0,0,0,0,0,23,0,0,0,0,0,0,0,0,0,9,0,0,0,0,0,0,0,0,0,0,0,16,0,0,0,0,0,7,0,0,0,0,0,6,0,0,0,0,11,0,0,0,0,0,0,0,0,0,0,0,0,0,0,0,0,0,0,11,0,0,0,0,0,0,0,0,0,0,22,20,20,29,0,0,0,0,0,0,0,0,0,0,0,0,0,29,12,0,0,0,0,0,0,0,0,0,14,0,0,0,7,0,0,0,0,0,0,0,0,0,0,0,4,0,0,0,0,0,0,0,0,0,0,0,5,0,0,0,0,0,21,0,0,0,0,0,0,0,0,0,0,0,0,2,0,0,0,0,0,0,23,0,0,0,0,0,0,0,0,0,21,0,0,0,0,0,0,26,0,26,22,0,0,0,16,0,0,0,0,0,0,0,0,0,0,0,0,19,0,0,0,19,16,0,0
"D12_TF3",0,14,0,0,10,0,0,0,0,0,0,10,0,0,0,0,0,10,0,0,0,0,11,0,0,0,0,0,0,0,0,0,15,0,0,0,0,0,0,0,0,0,0,0,0,0,0,0,0,0,0,0,0,0,0,0,0,10,0,0,0,0,0,0,10,12,0,0,0,0,0,0,0,0,0,0,0,5,0,0,2,0,0,0,0,0,0,0,0,0,0,0,0,0,0,0,0,0,0,0,0,6,0,0,0,0,0,0,9,20,0,14,8,0,0,0,0,0,3,0,0,0,15,0,0,0,0,8,0,0,11,0,10,0,0,0,10,0,0,0,0,0,0,0,0,0,0,6,8,0,0,0,9,0,0,0,0,14,0,0,0,0,0,0,0,0,0,0,0,0,5,0,0,0,0,13,0,12,0,0,0,0,0,0,0,0,0,8,9,0,0,0,0,0,0,0,8,0,0,0,0,9,12,0,0,0,0,9,13,0,0,0,0,0,0,0,0,0,0,10,0,0,0,0,0,0,0,0,0,0,0,0,0,0,0,0,0,0,0,12,0,0,0,0,0,0,0,0,0,0,0,0,0,0,0,12,0,0,0,0,0,0,0,12,0,0,0,0,10,0,0,0,0,0,8,0,0,0,0,0,0,28,13,0,0,0,12,0,0,0,0,0,0,0,0,14,0,0,0,0,0,0,0,0,10,0,0,0,0,0,0,0,0,0,8,0,0,0,0,0,0,0,0,0,0,0,10,0,0,0,0,0,9,0,0,0,0,0,7,0,0,0,0,8,0,0,0,0,0,0,0,0,0,0,0,0,0,0,0,0,0,0,11,0,0,0,0,0,0,0,0,0,0,9,5,13,19,0,0,0,0,0,0,0,0,0,0,0,0,0,22,10,0,0,0,0,0,0,0,0,0,8,0,0,0,10,0,0,0,0,0,0,0,0,0,0,0,4,0,0,0,0,0,0,0,0,0,0,0,2,0,0,0,0,0,6,0,0,0,0,0,0,0,0,0,0,0,0,6,0,0,0,0,0,0,10,0,0,0,0,0,0,0,0,0,18,0,0,0,0,0,0,9,0,9,14,0,0,0,10,0,0,0,0,0,0,0,0,0,0,0,0,12,0,0,0,9,10,0,0
"D13_TF1",0,5,0,0,7,0,0,0,0,0,0,12,0,0,0,0,0,5,0,0,0,0,14,0,0,0,0,0,0,0,0,0,9,0,0,0,0,0,0,0,0,0,0,0,0,0,0,0,0,0,0,0,0,0,0,0,0,6,0,0,0,0,0,0,12,9,0,0,0,0,0,0,0,0,0,0,0,8,0,0,1,0,0,0,0,0,0,0,0,0,0,0,0,0,0,0,0,0,0,0,0,14,0,0,0,0,0,0,3,16,0,13,7,0,0,0,0,0,1,0,0,0,15,0,2,0,0,10,0,0,7,0,6,0,0,0,6,0,0,0,0,0,0,0,0,0,0,15,17,0,0,0,1,0,0,0,0,14,0,0,0,0,0,0,0,0,0,0,0,0,3,0,0,0,0,17,0,13,0,0,0,0,0,0,0,0,0,7,10,0,0,0,0,0,0,0,10,0,0,0,0,12,18,0,0,0,0,13,6,0,0,0,0,0,0,0,0,0,0,8,0,0,0,0,0,0,0,0,0,0,0,0,0,0,0,0,0,0,0,11,0,0,0,0,0,0,0,0,0,0,0,0,0,0,0,7,0,0,0,0,0,0,0,11,0,0,0,0,6,0,0,0,0,0,6,0,0,0,0,0,0,12,11,0,0,0,10,0,0,0,0,0,0,0,0,21,0,0,0,0,0,0,0,0,12,0,0,0,0,0,0,0,0,0,4,0,0,0,0,0,0,0,0,0,0,0,9,0,0,0,0,0,14,0,0,0,0,0,3,0,0,0,0,4,0,0,0,0,0,0,0,0,0,0,0,0,0,0,0,0,0,0,9,0,0,0,0,0,0,0,0,0,0,7,11,11,17,0,0,0,0,0,0,0,0,0,0,0,0,0,18,8,0,0,0,0,0,0,0,0,0,16,0,0,0,11,0,0,0,0,0,0,0,0,0,0,0,5,0,0,0,0,0,0,0,0,0,0,0,1,0,0,0,0,0,6,0,0,0,0,0,0,0,0,0,0,0,0,3,0,0,0,0,0,0,14,0,0,0,0,0,0,0,0,0,15,0,0,0,0,0,0,9,0,11,5,0,0,0,15,0,0,0,0,0,0,0,0,0,0,0,0,16,0,0,0,12,20,0,0
"D13_TF2",0,22,0,0,10,0,0,0,0,0,0,12,0,0,0,0,0,11,0,0,0,0,11,0,0,0,0,0,0,0,0,0,14,0,0,0,0,0,0,0,0,0,0,0,0,0,0,0,0,0,0,0,0,0,0,0,0,32,0,0,0,0,0,0,18,18,0,0,0,0,0,0,0,0,0,0,0,23,0,0,4,0,0,0,0,0,0,0,0,0,0,0,0,0,0,0,0,0,0,0,0,14,0,0,0,0,0,0,13,13,0,25,16,0,0,0,0,0,3,0,0,0,23,0,3,0,0,20,0,0,11,0,11,0,0,0,6,0,0,0,0,0,0,0,0,0,0,15,18,0,0,0,2,0,0,0,0,32,0,0,0,0,0,0,0,0,0,0,0,0,2,0,0,0,0,19,0,20,0,0,0,0,0,0,0,0,0,13,8,0,0,0,0,0,0,0,11,0,0,0,0,9,22,0,0,0,0,17,11,0,0,0,0,0,0,0,0,0,0,11,0,0,0,0,0,0,0,0,0,0,0,0,0,0,0,0,0,0,0,14,0,0,0,0,0,0,0,0,0,0,0,0,0,0,0,10,0,0,0,0,0,0,0,18,0,0,0,0,14,0,0,0,0,0,11,0,0,0,0,0,0,31,9,0,0,0,16,0,0,0,0,0,0,0,0,27,0,0,0,0,0,0,0,0,24,0,0,0,0,0,0,0,0,0,14,0,0,0,0,0,0,0,0,0,0,0,22,0,0,0,0,0,9,0,0,0,0,0,12,0,0,0,0,9,0,0,0,0,0,0,0,0,0,0,0,0,0,0,0,0,0,0,12,0,0,0,0,0,0,0,0,0,0,12,14,17,23,0,0,0,0,0,0,0,0,0,0,0,0,0,34,15,0,0,0,0,0,0,0,0,0,15,0,0,0,17,0,0,0,0,0,0,0,0,0,0,0,4,0,0,0,0,0,0,0,0,0,0,0,2,0,0,0,0,0,15,0,0,0,0,0,0,0,0,0,0,0,0,4,0,0,0,0,0,0,14,0,0,0,0,0,0,0,0,0,17,0,0,0,0,0,0,13,0,18,13,0,0,0,23,0,0,0,0,0,0,0,0,0,0,0,3,24,0,0,0,12,26,0,0
"D14_TF1",0,19,0,0,15,0,0,0,0,0,0,14,0,0,0,0,0,8,0,0,0,0,12,0,0,0,0,0,0,0,0,0,8,0,0,0,0,0,0,0,0,0,0,0,0,0,0,0,0,0,0,0,0,0,0,0,0,7,0,0,0,0,0,0,10,22,0,0,0,0,0,0,0,0,0,0,0,16,0,0,5,0,0,0,0,0,0,0,0,0,0,0,0,0,0,0,0,0,0,0,0,25,0,0,0,0,0,0,24,14,0,32,7,0,0,0,0,0,0,0,0,0,26,0,0,0,0,23,0,0,13,0,15,0,0,0,11,0,0,0,0,0,0,0,0,0,0,12,26,0,0,0,5,0,0,0,0,15,0,0,0,0,0,0,0,0,0,0,0,0,6,0,0,0,0,27,0,12,0,0,0,0,0,0,0,0,0,14,15,0,0,0,0,0,0,0,13,0,0,0,0,18,17,0,0,0,0,11,21,0,0,0,0,0,0,0,0,0,0,24,0,0,0,0,0,0,0,0,0,0,0,0,0,0,0,0,0,0,0,9,0,0,0,0,0,0,0,0,0,0,0,0,0,0,0,11,0,0,0,0,0,0,0,19,0,0,0,0,17,0,0,0,0,0,18,0,0,0,0,0,0,15,16,0,0,0,19,0,0,0,0,0,0,0,0,50,0,0,0,0,0,0,0,0,28,0,0,0,0,0,0,0,0,0,8,0,0,0,0,0,0,0,0,0,0,0,15,0,0,0,0,0,10,0,0,0,0,0,8,0,0,0,0,13,0,0,0,0,0,0,0,0,0,0,0,0,0,0,0,0,0,0,21,0,0,0,0,0,0,0,0,0,0,30,16,15,27,0,0,0,0,0,0,0,0,0,0,0,0,0,34,10,0,0,0,0,0,0,0,0,0,20,0,0,0,13,0,0,0,0,0,0,0,0,0,0,0,3,0,0,0,0,0,0,0,0,0,0,0,1,0,0,0,0,0,12,0,0,0,0,0,0,0,0,0,0,0,0,6,0,0,0,0,0,0,25,0,0,0,0,0,0,0,0,0,16,0,0,0,0,0,0,9,0,22,18,0,0,0,21,0,0,0,0,0,0,0,0,0,0,0,0,22,0,0,0,13,18,0,0
"D14_TF2",0,9,0,0,18,0,0,0,0,0,0,7,0,0,0,0,0,8,0,0,0,0,5,0,0,0,0,0,0,0,0,0,11,0,0,0,0,0,0,0,0,0,0,0,0,0,0,0,0,0,0,0,0,0,0,0,0,3,0,0,0,0,0,0,9,7,0,0,0,0,0,0,0,0,0,0,0,5,0,0,0,0,0,0,0,0,0,0,0,0,0,0,0,0,0,0,0,0,0,0,0,7,0,0,0,0,0,0,9,10,0,13,6,0,0,0,0,0,7,0,0,0,12,0,0,0,0,13,0,0,12,0,5,0,0,0,7,0,0,0,0,0,0,0,0,0,0,5,8,0,0,0,5,0,0,0,0,10,0,0,0,0,0,0,0,0,0,0,0,0,6,0,0,0,0,15,0,6,0,0,0,0,0,0,0,0,0,8,12,0,0,0,0,0,0,0,4,0,0,0,0,8,20,0,0,0,0,11,14,0,0,0,0,0,0,0,0,0,0,8,0,0,0,0,0,0,0,0,0,0,0,0,0,0,0,0,0,0,0,10,0,0,0,0,0,0,0,0,0,0,0,0,0,0,0,5,0,0,0,0,0,0,0,7,0,0,0,0,10,0,0,0,0,0,9,0,0,0,0,0,0,11,5,0,0,0,8,0,0,0,0,0,0,0,0,17,0,0,0,0,0,0,0,0,12,0,0,0,0,0,0,0,0,0,9,0,0,0,0,0,0,0,0,0,0,0,10,0,0,0,0,0,5,0,0,0,0,0,4,0,0,0,0,3,0,0,0,0,0,0,0,0,0,0,0,0,0,0,0,0,0,0,12,0,0,0,0,0,0,0,0,0,0,14,9,11,11,0,0,0,0,0,0,0,0,0,0,0,0,0,15,11,0,0,0,0,0,0,0,0,0,9,0,0,0,6,0,0,0,0,0,0,0,0,0,0,0,1,0,0,0,0,0,0,0,0,0,0,0,1,0,0,0,0,0,7,0,0,0,0,0,0,0,0,0,0,0,0,9,0,0,0,0,0,0,1,0,0,0,0,0,0,0,0,0,12,0,0,0,0,0,0,14,0,10,9,0,0,0,8,0,0,0,0,0,0,0,0,0,0,0,0,10,0,0,0,8,12,0,0
"E1_TF1",0,0,0,4,0,0,0,0,0,0,0,0,4,0,0,6,0,0,0,0,0,0,0,3,10,0,0,0,0,0,0,0,0,0,0,0,0,0,0,0,0,0,0,10,0,0,0,0,8,6,0,0,0,0,0,0,0,0,0,0,0,0,0,0,0,0,0,4,0,0,0,0,0,4,0,0,0,0,0,0,0,5,0,0,0,4,0,0,0,0,0,0,0,0,0,0,0,0,0,0,0,0,7,0,0,0,0,3,0,0,0,0,0,0,0,0,0,0,0,0,3,0,0,0,0,0,0,0,0,0,0,0,0,3,0,0,0,9,0,0,0,0,4,0,0,0,0,0,0,0,0,0,0,0,5,0,0,0,0,0,0,0,0,9,0,0,0,0,0,4,0,0,0,0,0,0,0,0,0,0,0,0,0,0,0,0,0,0,0,0,0,0,0,0,0,0,0,7,0,0,6,0,0,0,0,6,8,0,0,0,0,0,0,0,0,8,0,0,0,0,0,0,0,10,0,0,10,0,0,0,0,0,0,2,0,0,0,0,0,0,0,0,0,0,0,8,0,0,0,0,0,0,5,5,0,0,0,0,0,0,0,7,0,0,0,0,0,0,0,0,0,5,0,0,0,0,0,0,0,0,9,0,0,0,8,5,0,3,0,0,0,0,0,6,0,0,0,0,4,9,0,0,0,10,0,0,0,0,0,0,0,6,0,0,0,0,0,0,3,0,0,0,0,0,0,0,0,0,0,0,0,0,0,0,0,0,0,0,0,2,2,0,7,0,0,0,8,0,0,0,0,0,0,0,0,0,0,0,0,2,0,0,0,5,0,0,0,8,0,0,1,0,0,0,0,0,0,4,0,0,4,0,12,0,0,0,0,0,0,7,0,0,0,0,0,0,0,0,7,0,0,0,0,0,0,0,0,0,0,0,0,0,6,0,0,9,0,0,0,13,0,0,0,0,8,4,0,0,0,0,0,0,4,0,0,0,0,0,0,0,0,0,0,0,3,6,0,0,0,0,0,0,0,0,0,0,0,0,0,0,0,0,0,0,0,0,0,0,0,0,0,0,0,0,0,0,0,0,0,0,0,0,0,0,0,2,0,2,0,0,0,0,0,0,0,0,0,0,0,3
"E2_TF1",15,12,16,2,12,13,14,17,18,12,14,17,5,14,10,2,18,26,19,17,23,15,21,2,1,20,13,16,16,14,13,22,19,9,18,55,16,14,14,23,12,17,18,0,10,15,12,17,4,4,32,15,8,18,12,14,8,19,15,22,13,16,15,9,25,26,18,0,13,18,13,9,12,1,5,13,11,32,14,9,28,1,20,11,9,5,9,26,9,13,17,21,12,9,14,15,15,16,20,4,16,20,0,10,17,13,19,13,14,22,6,23,20,25,15,13,22,7,14,20,4,17,20,19,18,14,13,22,13,12,15,16,26,2,12,29,19,4,6,11,20,17,10,16,21,11,12,21,22,9,7,13,18,22,7,24,10,27,18,17,19,14,20,0,9,26,7,14,13,0,20,19,22,18,11,31,23,21,16,16,23,8,16,23,16,14,21,23,15,11,14,10,9,21,14,0,22,1,14,7,15,21,33,20,19,6,5,27,13,13,13,13,18,18,19,3,18,16,12,28,17,25,15,2,6,11,2,22,9,14,23,5,11,8,11,25,6,9,16,20,13,20,22,14,24,1,10,14,23,14,18,14,0,6,15,26,19,19,11,15,14,12,15,27,10,16,1,15,20,22,16,2,15,10,9,11,13,15,20,10,1,30,18,7,5,11,15,15,11,17,8,14,11,1,16,34,13,17,1,1,18,15,18,4,29,13,16,16,17,14,8,2,22,15,14,11,13,9,0,17,13,12,22,7,14,13,28,13,15,8,11,17,10,10,16,42,17,4,23,1,2,17,4,21,11,19,0,13,22,11,21,18,11,11,23,11,8,8,6,6,18,12,14,2,13,9,11,7,23,17,13,18,13,25,18,16,29,3,14,35,6,24,1,13,21,14,16,16,10,4,29,30,7,8,20,21,12,14,0,15,26,25,15,19,12,15,5,15,13,20,21,17,0,17,16,3,5,12,15,3,14,8,12,10,4,3,13,13,21,24,12,14,3,15,18,19,16,15,9,17,15,14,13,18,1,1,6,10,19,12,15,21,9,8,16,20,12,16,14,12,15,11,13,15,17,20,15,17,16,19,16,4,21,10,24,20,12,11,23,27,18,4,11,22,13,11,10,6,7,18,10,17,24,26,20,16,12,21,10,3
"E3_TF1",2,9,0,8,1,3,0,5,1,0,1,2,5,0,0,1,2,2,0,2,0,1,4,1,7,4,2,0,1,3,3,0,3,3,0,0,2,2,0,1,0,1,0,17,0,0,0,2,17,7,0,0,0,1,2,2,0,4,1,0,0,2,0,1,3,0,0,23,0,2,0,2,0,1,2,1,0,2,2,0,1,3,3,1,2,11,1,1,1,1,1,0,0,0,3,0,0,0,0,0,3,3,15,2,4,6,1,1,0,2,0,9,0,1,1,3,1,0,1,2,5,0,6,0,0,1,1,3,3,3,1,3,4,2,0,1,3,7,1,3,0,0,3,2,0,0,2,3,3,3,0,1,3,1,15,6,2,1,3,0,0,1,0,13,0,0,0,3,0,17,0,1,0,3,1,4,1,2,1,2,3,1,0,2,1,1,4,2,1,2,0,0,1,2,3,0,2,14,0,3,0,1,2,5,1,2,8,0,0,1,1,2,3,0,1,13,1,3,2,1,1,2,0,10,0,0,16,0,1,1,0,0,0,2,1,1,0,1,0,0,0,0,0,1,0,10,0,5,2,0,0,0,4,2,2,5,1,0,4,5,1,4,0,2,1,2,0,0,2,0,0,8,2,4,4,0,0,1,3,0,10,4,3,0,5,7,2,3,0,0,3,0,1,8,0,6,1,0,8,5,4,0,0,6,3,0,2,0,0,0,0,1,2,1,0,0,1,1,18,0,0,0,0,0,0,2,3,2,0,2,0,0,2,2,0,0,0,3,2,4,0,1,3,1,0,2,16,0,0,1,0,1,0,1,1,0,0,1,0,1,1,3,4,0,1,3,1,1,0,1,0,0,0,4,5,3,0,20,1,0,2,0,10,0,3,0,0,0,0,2,8,2,2,0,2,5,0,2,5,1,0,2,3,1,2,1,0,0,1,2,0,6,10,0,1,12,0,0,0,9,0,1,2,1,5,5,1,0,3,1,0,1,1,1,1,0,3,0,0,2,3,2,4,2,0,6,0,0,1,1,2,5,2,0,2,1,3,0,0,0,3,0,1,0,5,5,2,0,3,0,4,3,2,0,0,2,0,1,0,3,0,0,2,0,0,0,1,5,1,2,1,0,6,0,0,2,1,3,0,3
"E3_TF2",7,2,2,30,3,2,0,1,3,0,0,5,1,0,1,3,7,1,0,2,5,0,5,1,8,2,0,2,2,3,0,0,3,0,2,0,1,3,1,0,1,4,1,29,1,5,1,4,30,19,1,0,0,0,3,0,0,1,0,0,0,0,1,4,2,2,0,12,0,1,1,1,2,12,4,1,1,5,1,1,1,4,1,0,0,18,0,2,1,1,1,0,2,0,2,0,1,2,0,0,1,3,9,0,3,4,5,4,4,4,1,4,4,3,1,1,0,0,3,4,14,0,3,0,2,2,2,5,3,2,5,1,3,1,2,3,2,8,0,1,0,0,1,0,2,0,2,2,6,0,0,0,1,0,24,0,0,4,0,0,0,0,0,25,0,0,1,0,0,14,3,0,0,4,0,3,0,2,4,0,4,2,1,2,1,4,1,2,6,0,0,0,1,0,1,0,2,21,0,3,1,4,9,3,3,3,19,0,7,0,3,3,0,0,1,28,2,0,2,3,0,6,3,15,1,3,22,0,0,1,0,0,1,1,1,0,3,0,0,7,2,0,1,1,0,15,0,1,3,0,3,0,6,3,2,0,0,1,3,1,1,2,1,3,0,0,0,0,2,1,3,12,3,1,3,0,2,0,0,0,17,6,4,0,3,0,0,2,0,0,2,1,3,2,0,3,0,0,19,6,0,0,4,17,4,0,7,1,0,2,3,5,0,0,2,1,4,0,25,0,1,0,3,0,1,0,7,2,0,2,0,2,6,2,1,5,2,2,1,10,2,0,4,4,2,1,23,0,1,1,0,0,0,0,2,0,0,2,2,2,1,0,5,2,0,0,1,4,4,0,0,0,2,2,4,5,8,21,0,0,1,0,15,0,0,1,3,0,2,3,4,4,3,1,1,2,0,2,5,4,5,1,0,0,2,5,1,2,0,0,0,1,6,1,0,23,0,0,1,11,3,1,7,0,2,14,0,1,2,3,1,2,3,0,1,0,2,1,3,0,2,0,1,1,3,12,2,2,1,0,1,0,5,0,3,7,2,1,1,0,5,0,0,3,2,5,0,0,0,2,1,1,4,1,5,4,0,2,0,1,2,2,1,1,1,0,0,5,2,2,4,0,4,4,1,2,7,3,1,3
"E3_TF3",0,4,1,15,11,3,3,1,0,0,0,1,2,1,0,3,1,4,1,2,1,0,2,7,6,2,2,0,0,2,3,0,8,3,3,0,1,0,0,2,1,1,1,21,1,3,2,0,17,13,0,0,1,3,4,0,0,2,2,1,3,1,1,0,2,2,0,26,0,1,0,3,1,8,3,0,0,3,0,0,1,4,8,0,3,8,3,0,3,3,1,3,3,1,2,0,2,2,1,0,3,4,14,1,1,0,2,2,5,7,1,6,3,3,1,1,5,0,3,1,10,1,7,0,3,1,0,1,3,0,4,0,2,2,1,0,4,6,0,2,0,0,1,2,0,1,0,3,6,1,0,1,0,2,19,6,1,2,2,0,1,1,0,16,2,2,2,0,2,12,4,1,0,7,1,3,0,2,3,0,1,3,1,1,1,1,1,1,4,0,0,1,2,1,0,2,0,15,1,2,3,1,10,0,0,7,21,3,4,0,2,3,2,1,1,10,2,0,0,3,0,0,3,18,0,0,18,1,0,0,0,3,1,8,4,0,1,0,0,1,2,0,1,1,0,18,1,1,2,0,0,0,14,3,2,2,1,1,2,1,1,0,3,4,1,0,0,0,2,2,0,8,2,2,5,1,0,1,2,0,7,9,5,0,8,2,2,2,3,1,0,1,1,6,1,11,1,2,19,7,3,1,1,12,8,0,1,0,0,0,2,4,6,1,4,0,1,1,12,0,0,0,5,0,0,3,3,1,2,1,1,0,3,0,0,0,0,1,4,14,0,1,5,1,0,1,9,1,0,0,0,4,1,0,5,0,0,1,0,0,0,2,4,3,1,1,0,4,6,1,4,0,1,3,3,0,0,24,2,0,3,1,16,3,1,0,0,0,2,0,4,4,1,1,0,0,2,5,1,2,3,1,3,0,0,3,1,0,0,0,0,2,7,0,2,15,1,3,0,15,0,0,1,0,3,10,0,0,1,2,0,1,1,1,1,0,1,0,5,3,4,3,2,3,6,10,2,0,1,3,0,0,0,1,4,3,1,0,1,2,3,0,0,6,4,2,0,0,1,0,1,1,6,1,3,2,0,0,0,2,0,0,2,0,0,0,0,4,1,2,1,1,1,2,1,0,2,0,0,0
"E4_TF1",22,20,10,0,16,20,20,14,9,9,14,13,11,6,11,10,15,15,9,8,15,16,13,6,0,10,17,5,5,5,15,7,23,10,18,12,8,18,9,15,13,4,3,0,13,15,8,13,0,2,9,7,14,9,18,10,9,24,7,7,5,3,12,6,19,15,7,0,9,26,5,8,12,1,10,13,5,12,5,11,10,5,13,14,21,0,14,15,8,15,6,13,12,7,11,17,10,10,9,5,15,12,0,13,13,5,10,7,19,14,5,13,14,19,11,5,7,2,14,15,3,12,14,6,12,16,6,23,30,8,22,9,18,15,8,7,19,1,8,4,9,16,14,12,5,2,10,17,13,7,19,19,18,17,0,24,12,22,16,8,15,11,7,0,9,11,7,6,19,0,15,13,7,13,10,27,13,14,11,10,12,10,11,13,19,14,15,21,8,3,7,10,3,7,4,9,16,0,11,6,10,13,17,15,9,6,0,23,25,4,1,6,7,13,14,0,8,14,7,19,9,23,10,0,8,5,0,11,19,10,3,13,10,15,9,4,9,8,11,21,5,11,15,22,10,0,14,7,14,10,16,10,0,3,13,14,10,9,12,13,6,9,8,11,11,10,8,10,14,8,9,3,17,12,16,10,14,14,11,12,3,21,7,16,8,16,15,14,7,10,8,7,9,2,14,20,15,13,0,3,18,22,4,0,14,12,5,16,9,10,7,7,17,15,13,18,6,10,0,10,10,10,8,13,8,10,17,8,10,7,22,8,20,13,6,16,10,8,18,2,10,6,10,18,5,14,0,3,3,10,1,5,14,5,13,6,11,5,6,11,9,10,16,10,11,8,15,1,12,20,11,10,4,14,19,8,34,0,4,17,9,3,0,8,20,10,8,8,13,7,32,12,14,6,7,18,12,13,10,13,17,16,37,8,7,14,9,14,12,9,9,13,4,9,6,0,11,11,12,0,12,5,13,12,6,3,14,7,12,14,12,12,11,5,13,16,3,10,10,16,15,15,10,7,8,4,12,8,14,5,13,8,15,7,5,16,16,11,6,6,11,9,7,13,13,17,8,8,20,8,6,12,10,10,21,13,9,11,6,23,12,13,7,11,10,11,4,1,9,23,9,10,18,16,13,6,15,14,13,5
"E5_TF1",1,1,2,9,2,0,0,3,0,0,0,3,6,0,0,0,1,9,0,2,0,0,1,2,4,2,0,0,0,1,0,0,1,0,1,0,0,3,1,0,1,1,1,19,0,3,1,3,12,11,1,0,2,1,1,0,0,4,0,0,1,0,3,1,2,4,1,12,1,2,1,2,0,0,0,1,1,2,0,0,2,0,3,3,1,15,1,1,0,0,0,0,2,0,0,0,3,3,1,1,5,6,9,0,4,1,1,0,2,0,0,4,4,4,0,4,0,0,0,4,4,1,2,0,2,0,0,6,2,0,2,2,1,0,0,0,4,2,0,0,0,1,1,0,2,0,0,1,1,0,0,3,3,0,14,0,5,3,0,0,0,2,1,10,1,5,0,0,2,4,0,3,0,1,0,9,0,7,2,0,0,4,0,0,1,0,0,1,4,1,0,0,0,4,1,0,0,16,1,2,1,5,0,6,1,3,5,3,11,2,1,3,1,0,2,20,0,2,1,0,4,0,2,16,1,0,17,0,0,0,0,0,0,0,0,0,2,0,0,4,2,0,1,2,1,9,1,1,0,1,3,0,3,1,1,2,0,0,1,2,3,0,1,1,1,1,0,1,1,0,0,3,4,4,2,0,0,0,1,0,5,3,2,1,4,0,2,3,1,0,0,0,1,3,1,4,2,2,5,2,0,0,1,14,1,1,4,3,0,1,1,0,0,1,4,0,1,0,12,0,0,1,3,5,2,1,3,3,2,1,1,0,8,1,0,1,0,0,0,3,1,1,3,2,0,7,11,1,1,6,0,1,1,0,0,0,2,1,0,0,0,0,5,3,1,4,0,4,5,0,1,0,2,3,5,0,11,9,1,1,0,2,12,1,4,1,1,0,1,0,0,7,2,5,2,3,3,9,1,1,2,4,0,0,0,2,3,1,3,1,0,1,2,0,2,5,1,3,1,5,2,1,1,3,7,4,1,0,1,4,0,1,0,0,1,2,0,0,1,1,2,0,4,4,3,1,0,1,1,2,3,0,0,0,3,9,1,0,0,3,2,1,1,10,3,2,0,0,1,1,2,2,3,0,0,2,0,0,1,1,0,0,2,2,0,0,0,4,0,4,0,4,5,2,0,4,1,7,2,0
"F1_TF1",7,0,0,0,0,24,0,20,0,0,0,0,0,0,0,0,19,0,0,0,0,0,0,0,0,21,14,0,0,24,13,0,0,0,0,0,0,0,0,0,0,0,0,0,0,17,0,0,0,0,0,0,0,0,21,0,0,0,0,0,0,0,0,0,0,0,0,0,0,27,15,0,0,0,0,0,0,0,0,0,0,0,22,17,0,0,0,22,0,0,0,0,0,0,0,0,0,0,0,0,35,0,0,0,28,0,0,0,0,0,0,0,0,35,0,0,17,0,0,8,0,0,0,0,0,3,0,0,11,0,0,0,0,0,0,0,0,0,0,0,0,0,0,0,0,0,0,0,0,0,0,27,0,13,0,14,0,0,0,0,0,0,0,0,0,19,0,0,0,0,0,15,0,27,0,0,0,0,9,0,0,0,0,3,19,11,17,0,0,0,0,0,0,0,0,0,0,0,0,0,0,0,0,13,0,0,0,0,0,0,0,0,0,0,4,0,0,0,0,0,0,13,0,0,0,0,0,0,0,0,0,0,0,0,0,0,0,0,0,0,4,0,0,0,0,0,0,0,0,0,0,0,0,0,0,0,0,0,0,0,0,0,0,0,0,0,0,0,0,0,0,0,12,0,0,0,0,0,0,0,0,0,0,0,0,0,0,0,0,0,0,0,0,0,0,0,0,0,0,0,1,0,0,0,0,0,17,21,0,0,0,0,16,0,0,0,0,0,0,0,0,0,45,0,24,0,0,0,0,0,0,0,0,0,0,19,0,0,0,0,0,0,0,0,0,32,0,0,0,0,0,26,0,0,0,0,0,0,0,0,0,0,0,0,0,0,0,0,15,0,0,0,8,0,0,0,0,0,0,0,0,0,0,0,23,0,0,0,14,0,0,0,0,13,19,19,0,3,0,11,14,0,17,0,0,0,0,0,0,0,0,0,0,0,0,0,0,0,0,0,0,0,16,0,0,0,0,0,17,0,0,0,0,0,0,0,0,0,0,0,23,0,8,0,0,0,0,0,0,0,0,0,26,0,18,0,23,0,0,0,19,0,0,18,14,0,0,0,0,0,0,0,0,0,0,0,0,4,0,0,0,0,0,0,0,0,0,0,0,10,0,0,0,17,26,0,0,0,0,0
"F2_TF1",7,18,4,11,12,3,1,0,7,6,8,9,4,6,5,11,12,9,6,15,8,12,17,8,6,12,5,6,4,0,1,11,17,6,6,1,8,3,7,9,6,12,6,18,5,3,5,4,8,10,4,7,10,6,0,8,15,10,7,3,8,9,7,8,7,19,9,12,8,1,2,8,8,5,7,4,5,15,5,6,13,8,5,1,7,6,8,2,9,7,8,6,5,10,11,2,3,4,7,7,2,6,13,3,3,5,4,6,13,15,5,16,18,2,6,7,3,4,9,9,6,4,16,6,10,5,6,13,11,7,15,10,17,9,9,10,10,7,6,7,8,3,7,4,8,6,6,15,20,11,5,0,10,2,9,1,7,23,9,2,3,8,2,9,9,1,2,5,7,8,9,3,7,1,9,16,5,7,6,5,18,9,4,7,6,3,2,10,8,5,3,3,11,8,11,2,11,5,5,4,7,7,9,0,2,12,14,10,12,7,5,5,3,10,11,8,9,11,5,6,4,3,5,16,6,9,20,5,13,6,6,10,11,4,5,3,3,9,8,8,3,8,8,7,12,12,10,8,4,9,4,3,8,5,6,8,2,5,6,7,9,5,7,16,9,18,7,6,14,6,6,11,12,8,13,7,7,6,6,12,9,14,13,14,7,11,16,18,6,5,4,1,7,9,12,21,4,3,11,12,12,4,6,9,14,7,4,5,5,5,8,8,2,15,16,4,7,6,8,3,6,15,2,6,3,5,14,9,6,9,9,1,17,4,2,1,5,5,18,10,9,1,6,18,6,0,11,6,3,7,3,3,3,9,6,8,6,12,4,9,8,6,10,6,9,9,3,5,2,3,7,4,5,14,13,21,24,5,6,7,11,3,7,10,1,10,12,5,6,7,23,16,9,2,7,1,9,13,5,4,5,14,2,4,3,17,5,12,8,3,3,7,4,8,9,12,5,8,5,6,3,3,3,7,10,5,9,6,4,10,4,7,3,5,5,12,8,5,9,12,2,6,0,6,4,8,5,5,7,9,13,11,3,11,0,17,1,9,9,7,10,7,4,2,2,15,10,7,5,2,6,7,12,6,16,4,13,10,4,10,5,2,11,6,10,12,6,7,3,2,10,6,4,3,1,9,10,22,12,12
"F2_TF2",10,14,7,16,15,2,4,2,5,2,4,9,6,8,7,9,5,13,6,7,7,4,14,13,11,9,0,12,3,4,4,7,8,7,10,4,4,8,7,9,9,9,9,10,7,2,5,8,6,4,6,9,14,3,5,8,8,16,9,12,11,4,5,11,10,14,9,8,4,2,0,5,4,11,7,6,4,17,4,8,7,8,0,0,10,13,9,4,5,8,4,4,10,5,12,6,4,10,4,6,1,5,5,7,4,8,7,8,16,14,7,27,15,0,5,15,4,3,11,13,10,7,30,4,15,10,4,16,5,13,6,5,12,8,5,6,10,8,9,11,3,4,11,12,10,4,8,13,14,7,10,4,8,5,10,1,15,18,10,0,6,10,7,4,7,2,3,9,8,11,6,5,2,3,4,17,10,10,11,10,5,11,4,9,7,0,1,19,11,6,4,8,6,6,2,4,14,11,5,7,13,6,13,0,4,5,7,13,11,5,8,11,7,6,12,16,4,8,7,14,4,2,8,6,9,10,21,8,8,5,7,3,4,9,5,11,9,2,6,15,13,10,13,12,2,10,9,12,9,4,4,5,9,7,3,5,4,5,11,6,4,10,8,13,5,5,6,2,20,10,3,8,10,6,14,8,5,4,4,7,7,22,9,1,8,6,9,13,9,9,11,6,11,8,4,18,3,6,6,2,9,6,14,12,12,5,1,0,9,5,3,7,3,13,18,8,5,8,5,10,17,6,0,6,3,13,12,11,3,15,5,6,15,6,3,0,6,7,10,8,6,3,3,19,6,0,15,8,6,11,2,0,7,11,4,14,10,5,6,3,9,5,13,10,2,11,5,9,6,3,11,4,6,18,12,12,29,12,7,5,7,2,4,10,0,8,6,4,5,13,28,9,9,4,9,0,11,13,11,3,7,14,6,7,8,4,6,4,16,5,9,4,5,3,6,9,4,7,7,8,11,5,2,9,5,12,7,9,0,5,12,10,5,7,5,10,8,8,6,6,1,6,0,4,3,5,9,10,19,10,5,10,0,5,0,22,3,7,7,4,7,4,6,2,1,15,3,7,3,6,6,4,15,5,10,16,3,10,6,12,7,5,5,13,5,16,3,7,1,5,10,3,16,2,4,14,15,10,3,5
"F3_TF1",0,0,0,0,0,2,0,21,0,0,0,0,0,0,0,0,0,0,0,0,0,0,0,0,0,0,2,0,0,12,7,0,0,0,0,0,0,0,0,0,0,0,0,0,0,0,0,0,0,0,0,0,0,0,16,0,2,0,0,0,0,0,0,0,0,0,0,0,0,6,0,0,0,0,0,0,0,0,0,0,0,0,17,16,0,0,0,14,0,1,0,0,4,0,0,0,0,0,0,0,30,0,0,0,8,0,0,0,0,0,0,0,0,20,0,0,11,0,0,0,0,0,0,0,0,0,0,0,0,0,0,2,0,0,0,0,0,0,1,0,0,0,0,1,0,0,0,0,0,0,0,27,0,13,0,0,0,0,0,0,0,0,0,0,0,15,0,0,0,0,0,0,0,13,0,0,0,0,0,0,0,0,0,0,0,17,0,0,0,0,0,1,0,0,0,0,0,0,0,0,0,0,0,12,0,0,0,0,0,0,0,0,0,0,0,0,0,0,0,0,0,22,0,0,0,0,0,0,0,1,0,0,0,0,0,0,0,0,0,0,0,0,0,0,0,0,0,0,0,0,0,0,0,0,0,0,0,0,0,0,0,0,0,0,0,0,0,0,0,0,0,0,0,0,0,0,0,0,0,0,0,0,0,0,0,0,0,0,0,0,0,0,0,0,0,0,0,0,0,0,0,0,0,0,0,0,3,6,0,0,0,0,4,0,0,0,0,0,0,0,0,0,22,0,14,0,0,0,0,0,0,0,0,0,0,16,0,0,0,0,0,0,0,0,0,26,0,0,0,0,0,14,0,0,0,0,0,0,0,0,0,0,0,0,0,0,0,0,2,0,0,0,0,0,0,0,0,0,0,0,0,0,0,2,23,0,0,0,8,0,0,0,0,1,3,16,0,0,0,27,0,0,0,0,0,0,0,0,0,0,0,0,0,0,0,0,0,0,0,0,0,0,5,0,0,0,0,0,8,0,0,0,0,1,0,0,0,0,0,0,23,0,8,1,0,0,0,0,0,0,0,0,16,0,13,0,5,0,1,0,0,0,0,2,9,0,0,0,0,0,0,0,0,0,0,0,0,0,0,0,0,0,0,0,0,0,0,0,0,0,0,0,0,0,24,0,0,0,0,0
"F3_TF2",0,0,0,0,0,2,0,4,0,0,0,0,0,0,0,0,0,0,0,0,0,0,0,0,0,0,1,0,0,9,3,0,0,0,0,0,1,0,0,0,0,0,0,0,0,0,0,0,0,0,0,0,0,0,13,0,0,0,0,0,0,0,0,0,0,0,0,0,0,7,0,0,0,0,0,0,0,0,1,0,0,0,3,3,0,0,0,8,0,0,0,0,0,0,0,0,0,0,0,0,14,0,0,0,6,0,0,0,0,0,0,0,0,10,2,0,17,0,0,0,0,0,0,0,1,0,0,0,0,0,0,0,0,0,0,0,0,0,0,0,0,0,0,0,0,0,0,2,0,0,0,13,0,5,0,0,0,0,0,0,0,0,0,0,0,17,0,0,0,0,0,0,0,11,0,0,0,0,0,0,0,0,0,0,0,14,0,0,0,0,0,0,0,0,0,0,0,0,0,0,0,0,0,6,0,0,0,0,1,0,0,0,0,0,0,0,0,0,0,0,0,13,0,0,0,0,0,0,0,0,0,0,0,0,0,0,0,0,0,0,0,0,0,0,0,0,0,0,0,0,0,0,0,0,0,0,0,0,0,0,0,0,0,0,0,0,0,0,0,0,0,0,0,0,0,0,0,0,0,0,0,0,0,0,0,0,0,0,0,0,0,0,0,0,0,0,0,0,0,0,0,0,0,0,0,0,5,6,0,0,0,0,7,0,0,0,0,0,0,0,0,0,10,0,4,0,0,0,0,3,0,0,0,0,0,9,0,0,0,0,0,0,0,0,0,6,0,0,0,0,0,9,0,0,0,0,0,0,0,0,0,0,0,0,0,0,0,0,1,0,0,0,0,0,0,0,0,0,0,0,0,0,0,0,9,0,0,0,4,0,0,0,0,0,0,5,0,0,0,10,0,0,0,0,0,0,0,0,0,0,0,0,0,0,0,0,0,0,0,0,0,0,2,0,0,0,0,0,6,0,0,0,0,0,0,0,0,0,0,0,13,0,4,0,0,3,0,0,0,0,0,0,8,0,6,0,9,0,0,0,0,0,0,0,4,0,0,0,0,0,0,0,0,0,0,0,0,0,0,0,0,0,0,0,0,0,0,0,0,0,0,0,0,0,10,0,0,0,0,0
"F3_TF3",0,0,0,0,0,0,1,9,0,0,0,0,0,0,0,0,0,0,0,0,0,0,0,0,0,0,0,0,0,13,7,0,0,0,0,0,0,0,0,0,0,0,0,0,0,0,0,0,0,0,0,0,0,0,6,0,0,0,0,0,0,0,0,0,0,0,0,0,0,3,0,0,0,0,0,0,0,0,0,0,0,0,4,6,0,0,0,8,0,0,0,0,0,0,0,0,0,0,0,0,2,0,0,0,5,0,0,0,0,0,0,0,0,8,0,0,8,0,0,0,0,0,0,0,0,0,0,0,0,0,0,0,0,0,0,0,0,0,0,0,0,0,0,0,0,0,0,1,0,0,0,11,0,10,0,0,0,0,0,0,0,0,0,0,0,9,0,0,0,0,0,0,0,5,0,0,0,0,0,0,0,0,1,0,0,4,2,0,0,0,0,0,0,0,0,0,0,0,0,0,0,0,3,3,0,0,0,0,0,0,0,0,0,0,0,0,0,0,0,0,0,12,0,0,0,0,0,0,0,0,0,0,0,0,0,0,0,0,0,0,0,0,0,0,0,0,0,0,0,0,0,0,0,0,0,0,0,0,0,0,0,0,0,0,0,0,0,0,0,0,0,0,0,0,0,0,0,0,0,0,0,0,0,0,0,0,0,0,0,0,0,0,0,0,0,0,0,0,0,0,0,0,0,0,0,0,6,3,0,0,0,0,9,0,0,0,0,0,0,0,0,0,10,0,4,0,0,0,0,0,0,0,0,0,0,7,0,0,0,0,0,0,0,0,0,11,0,0,0,0,0,7,0,0,0,0,0,0,0,0,0,0,0,0,0,0,0,0,4,0,0,0,0,0,0,0,0,0,0,0,0,0,0,0,9,0,0,0,1,0,0,0,0,3,0,6,0,0,0,9,0,0,0,0,0,0,0,0,0,0,0,0,0,0,0,0,0,0,0,0,0,0,2,0,0,0,0,0,14,0,0,0,0,0,0,0,0,0,0,0,1,0,7,0,0,0,0,0,0,0,0,0,7,0,4,0,5,0,0,0,0,0,0,2,5,0,0,0,0,0,0,0,0,0,0,0,0,0,0,0,0,0,0,0,0,0,0,0,0,0,0,0,0,0,5,0,0,0,0,0
"F4_TF1",18,17,14,14,22,22,13,0,10,7,13,20,21,13,4,17,11,18,20,20,12,10,10,12,7,13,0,20,6,2,5,32,17,9,17,3,8,15,2,10,12,7,5,17,5,16,11,13,9,13,3,3,16,10,0,9,13,25,15,11,13,9,7,9,18,21,13,13,11,7,14,5,16,12,12,12,6,21,7,21,15,10,0,0,23,10,6,0,4,10,11,3,10,7,9,9,7,16,3,12,0,17,14,12,11,8,6,20,22,16,12,28,16,0,16,18,0,11,13,17,15,10,33,21,9,9,6,15,13,7,17,17,17,9,8,5,21,11,17,12,11,7,22,9,8,8,19,20,18,8,17,0,18,0,14,6,13,20,7,10,14,12,16,9,9,0,18,9,3,10,15,23,14,0,7,33,9,20,16,14,14,16,18,12,15,0,17,20,15,7,9,6,7,13,10,13,24,16,14,5,17,15,18,0,12,10,16,16,20,13,11,15,13,18,5,17,8,15,7,17,14,0,13,24,11,9,18,6,29,1,10,14,14,6,25,8,7,10,10,11,23,9,9,9,8,16,12,14,4,18,12,11,13,16,9,13,11,8,8,6,12,9,13,23,11,13,11,22,10,6,19,11,13,11,24,9,8,16,10,9,17,29,21,18,10,5,18,25,17,17,12,3,15,24,12,38,13,10,12,17,14,11,20,9,13,18,11,8,18,6,7,18,9,11,11,11,11,13,9,10,7,6,0,5,0,4,19,16,21,6,11,6,13,7,6,0,13,15,11,12,8,7,19,29,19,0,19,11,10,7,12,4,7,14,13,9,16,13,13,9,7,9,15,11,14,4,3,15,21,14,17,7,13,28,18,21,36,10,12,7,9,5,15,10,0,11,15,8,2,11,30,17,10,23,3,0,13,25,14,0,16,20,20,11,15,25,18,14,18,10,15,9,14,18,11,18,4,17,8,13,14,11,12,1,22,16,10,16,7,14,13,17,15,18,5,26,18,14,12,15,0,11,0,11,13,12,8,15,27,6,17,12,0,10,4,18,17,13,10,9,32,12,15,19,3,21,10,11,9,10,9,9,19,6,25,18,10,15,8,12,6,10,13,9,14,18,5,13,8,16,17,22,26,21,0,12,18,30,6,22
"F4_TF2",8,13,7,10,19,16,10,0,13,12,8,15,11,19,15,10,14,9,4,12,10,8,15,10,8,10,5,10,9,3,8,8,14,12,9,15,6,4,9,6,10,10,13,11,9,13,9,17,13,17,6,12,14,0,0,4,15,7,10,15,18,13,11,12,19,26,9,12,3,11,9,11,9,9,3,7,11,21,4,4,16,7,0,1,8,13,10,1,4,5,12,15,11,14,10,8,11,7,8,8,0,7,16,7,9,11,11,10,15,16,17,21,11,0,14,7,0,11,15,11,4,9,15,7,6,13,11,15,9,3,13,6,12,10,9,8,13,11,12,16,8,8,11,6,7,9,14,18,20,12,11,0,16,0,15,9,15,23,9,13,0,10,13,23,3,0,10,6,12,8,11,11,5,1,8,17,17,14,14,12,9,17,13,14,14,0,13,24,22,10,8,9,19,15,10,3,10,19,9,14,11,12,18,0,4,11,13,10,10,5,10,9,14,12,15,15,9,4,11,18,8,0,15,10,8,8,14,9,11,3,8,4,12,12,20,9,14,8,8,14,20,16,16,12,5,6,5,12,3,8,10,18,7,17,10,20,4,12,11,9,13,8,7,20,11,8,6,17,10,15,5,8,21,5,7,9,11,10,11,11,10,25,13,7,17,11,10,12,16,12,8,3,7,8,8,31,11,16,10,20,12,2,5,23,18,9,10,3,10,14,11,15,15,7,17,5,7,9,21,14,12,17,0,7,0,10,11,10,9,10,14,4,15,6,9,3,9,6,14,12,7,7,15,12,14,0,14,21,8,15,12,2,12,11,6,10,9,8,8,17,6,8,15,18,14,10,12,9,14,9,15,10,11,20,23,19,40,6,9,6,10,10,14,12,0,9,7,4,7,6,30,22,9,11,19,3,11,12,15,0,20,33,14,3,7,14,8,9,8,11,6,8,14,6,7,14,5,14,5,10,7,20,14,15,10,17,6,6,9,11,8,15,7,20,12,18,9,2,12,23,0,8,0,18,10,17,12,9,9,5,11,12,0,9,3,11,12,11,18,10,14,7,8,14,5,23,9,18,6,3,6,8,21,23,13,6,4,7,8,11,7,15,7,12,7,10,9,13,8,6,11,12,24,9,0,13,15,11,10,11
"F5_TF1",0,0,0,0,0,0,0,21,0,0,0,0,0,0,0,0,0,0,0,0,0,0,0,0,0,0,3,0,0,0,0,0,0,0,0,0,0,0,0,0,0,0,1,0,0,0,0,0,0,0,0,0,0,0,19,0,0,0,0,0,0,0,0,1,0,0,0,0,0,0,0,0,0,0,0,2,0,0,0,0,0,0,11,4,0,0,0,9,0,0,0,0,0,0,0,0,0,0,0,0,4,0,0,0,4,0,0,0,0,0,0,0,0,8,0,0,13,0,0,0,0,0,0,0,0,0,0,0,0,0,0,0,0,0,0,0,0,0,0,0,0,0,0,0,2,0,0,0,1,0,0,5,1,19,0,0,0,0,0,0,0,0,0,0,0,7,0,0,0,0,0,0,0,18,0,0,0,0,0,0,0,0,0,0,0,13,0,0,0,0,0,0,0,0,0,0,0,0,0,0,0,0,0,8,0,0,0,0,0,0,0,0,0,0,1,0,0,0,0,0,0,3,0,0,0,0,0,0,0,0,0,0,0,0,0,0,0,0,0,0,0,0,0,0,0,0,0,0,4,0,0,0,0,0,0,0,0,0,0,0,0,2,0,0,0,0,0,0,0,0,0,0,0,4,0,0,0,0,0,0,0,0,0,0,0,0,0,0,0,0,0,0,0,0,0,0,0,0,0,0,0,1,0,0,0,0,0,4,0,0,0,0,0,0,0,0,0,0,0,0,0,0,13,0,2,0,0,0,0,0,0,0,0,0,0,16,0,0,1,0,0,0,0,0,0,12,0,0,0,0,0,0,0,0,0,0,0,0,0,3,0,0,0,0,0,0,0,0,0,0,0,0,0,0,0,0,0,0,0,0,0,0,0,0,11,0,0,0,6,0,0,0,0,0,0,0,0,0,0,13,0,0,0,0,0,0,0,0,0,0,0,0,0,0,0,0,0,0,0,0,0,0,0,0,0,0,0,0,0,0,0,0,0,0,0,0,0,0,0,0,6,0,7,0,0,0,0,0,0,0,0,0,11,0,0,0,0,0,0,0,0,0,0,0,0,0,0,0,0,0,0,0,0,0,0,0,0,0,0,0,0,0,0,0,0,0,0,0,0,0,0,0,0,0,8,0,0,0,0,0
"G1_TF1",0,21,0,0,11,0,0,0,0,0,0,26,0,0,0,0,0,19,0,0,0,0,16,0,0,0,0,0,0,0,0,0,25,0,0,0,0,0,0,0,0,0,0,0,0,0,0,0,0,0,0,0,0,0,0,0,0,24,0,0,0,0,0,0,26,37,0,0,0,0,0,0,0,0,0,0,0,19,0,0,0,0,0,0,0,0,0,0,0,0,0,0,0,0,0,0,0,0,0,0,0,11,0,0,0,0,0,0,17,18,0,27,17,0,0,0,0,0,0,0,0,0,20,0,0,0,0,39,0,0,19,0,18,0,0,0,9,0,0,0,0,0,0,0,0,0,0,13,26,0,0,0,0,0,0,0,0,23,0,0,0,0,0,0,0,0,0,0,0,0,0,0,0,0,0,31,0,27,0,0,0,0,0,0,0,0,0,9,23,0,0,0,0,0,0,0,4,0,0,0,0,23,20,0,0,0,0,23,25,0,0,0,0,0,0,0,0,0,0,23,0,0,0,0,0,0,0,0,0,0,0,0,0,0,0,0,0,0,0,18,0,0,0,0,0,0,0,0,0,0,0,0,0,0,0,21,0,0,0,0,0,0,0,39,0,0,0,0,11,0,0,0,0,0,15,0,0,0,0,0,0,42,18,0,0,0,23,0,0,0,0,0,0,0,0,50,0,0,0,0,0,0,0,0,42,0,0,0,0,0,0,0,0,0,0,0,0,0,0,0,0,0,0,0,0,0,16,0,0,0,0,0,21,0,0,0,0,0,5,0,0,0,0,8,0,0,0,0,0,0,0,0,0,0,0,0,0,0,0,0,0,0,18,0,0,0,0,0,0,0,0,0,0,18,24,31,43,0,0,0,0,0,0,0,0,0,0,0,0,0,39,23,0,0,0,0,0,0,0,0,0,33,0,0,0,22,0,0,0,0,0,0,0,0,0,0,0,0,0,0,0,0,0,0,0,0,0,0,0,0,0,0,0,0,0,25,0,0,0,0,0,0,0,0,0,0,0,0,0,0,0,0,0,0,0,24,0,0,0,0,0,0,0,0,0,24,0,0,0,0,0,0,24,0,33,13,0,0,0,32,0,0,0,0,0,0,0,0,0,0,0,0,19,0,0,0,15,21,0,0
"G1_TF2",0,17,0,0,7,0,0,0,0,0,0,20,0,0,0,0,0,22,0,0,0,0,17,0,0,0,0,0,0,0,0,0,24,0,0,0,0,0,0,0,0,0,0,0,0,0,0,0,0,0,0,0,0,0,0,0,0,20,0,0,0,0,0,0,17,19,0,0,0,0,0,0,0,0,0,0,0,7,0,0,0,0,0,0,0,0,0,0,0,0,0,0,0,0,0,0,0,0,0,0,0,12,0,0,0,0,0,0,25,24,0,30,20,0,0,0,0,0,0,0,0,0,43,0,0,0,0,35,0,0,16,0,6,0,0,0,17,0,0,0,0,0,0,0,0,0,0,24,29,0,0,0,0,0,0,0,0,31,0,0,0,0,0,0,0,0,0,0,0,0,0,0,0,0,0,31,0,20,0,0,0,0,0,0,0,0,0,7,12,0,0,0,0,0,0,0,9,0,0,0,0,20,28,0,0,0,0,21,22,0,0,0,0,0,0,0,0,0,0,19,0,0,0,0,0,0,0,0,0,0,0,0,0,0,0,0,0,0,0,23,0,0,0,0,0,0,0,0,0,0,0,0,0,0,0,13,0,0,0,0,0,0,0,22,0,0,0,0,4,0,0,0,0,0,13,0,0,0,0,0,0,33,19,0,0,0,18,0,0,0,0,0,0,0,0,43,0,0,0,0,0,0,0,0,24,0,0,0,0,0,0,0,0,0,0,0,0,0,0,0,0,0,0,0,0,0,29,0,0,0,0,0,19,0,0,0,0,0,7,0,0,0,0,4,0,0,0,0,0,0,0,0,0,0,0,0,0,0,0,0,0,0,18,0,0,0,0,0,0,0,0,0,0,23,21,24,38,0,0,0,0,0,0,0,0,0,0,0,0,0,28,13,0,0,0,0,0,0,0,0,0,30,0,0,0,16,0,0,0,0,0,0,0,0,0,0,0,0,0,0,0,0,0,0,0,0,0,0,0,0,0,0,0,0,0,27,0,0,0,0,0,0,0,0,0,0,0,0,0,0,0,0,0,0,0,13,0,0,0,0,0,0,0,0,0,30,0,0,0,0,0,0,19,0,18,16,0,0,0,26,0,0,0,0,0,0,0,0,0,0,0,0,27,0,0,0,27,29,0,0
"G2_TF1",0,15,0,0,6,0,0,0,0,0,0,12,0,0,0,0,0,9,0,0,0,0,12,0,0,0,0,0,0,0,0,0,18,0,0,0,0,0,0,0,0,0,0,0,0,0,0,0,0,0,0,0,0,0,0,0,0,12,0,0,0,0,0,0,20,15,0,0,0,0,0,0,0,0,0,0,0,1,0,0,0,0,0,0,0,0,0,0,0,0,0,0,0,0,0,0,0,0,0,0,0,6,0,0,0,0,0,0,14,12,0,18,10,0,0,0,0,0,0,0,0,0,9,0,0,0,0,20,0,0,11,0,4,0,0,0,7,0,0,0,0,0,0,0,0,0,0,11,9,0,0,0,0,0,0,0,0,16,0,0,0,0,0,0,0,0,0,0,0,0,0,0,0,0,0,8,0,5,0,0,0,0,0,0,0,0,0,0,11,0,0,0,0,0,0,0,0,0,0,0,0,11,9,0,0,0,0,13,13,0,0,0,0,0,0,0,0,0,0,13,0,0,0,0,0,0,0,0,0,0,0,0,0,0,0,0,0,0,0,5,0,0,0,0,0,0,0,0,0,0,0,0,0,0,0,7,0,0,0,0,0,0,0,13,0,0,0,0,1,0,0,0,0,0,11,0,0,0,0,0,0,13,3,0,0,0,10,0,0,0,0,0,0,0,0,19,0,0,0,0,0,0,0,0,13,0,0,0,0,0,0,0,0,0,0,0,0,0,0,0,0,0,0,0,0,0,11,0,0,0,0,0,12,0,0,0,0,0,0,0,0,0,0,0,0,0,0,0,0,0,0,0,0,0,0,0,0,0,0,0,0,0,4,0,0,0,0,0,0,0,0,0,0,9,7,12,15,0,0,0,0,0,0,0,0,0,0,0,0,0,17,8,0,0,0,0,0,0,0,0,0,7,0,0,0,9,0,0,0,0,0,0,0,0,0,0,0,0,0,0,0,0,0,0,0,0,0,0,0,0,0,0,0,0,0,8,0,0,0,0,0,0,0,0,0,0,0,0,0,0,0,0,0,0,0,10,0,0,0,0,0,0,0,0,0,12,0,0,0,0,0,0,9,0,8,7,0,0,0,12,0,0,0,0,0,0,0,0,0,0,0,0,18,0,0,0,18,9,0,0
"G2_TF2",0,9,0,0,15,0,0,0,0,0,0,10,0,0,0,0,0,14,0,0,0,0,6,0,0,0,0,0,0,0,0,0,8,0,0,0,0,0,0,0,0,0,0,0,0,0,0,0,0,0,0,0,0,0,0,0,0,9,0,0,0,0,0,0,5,10,0,0,0,0,0,0,0,0,0,0,0,3,0,0,0,0,0,0,0,0,0,0,0,0,0,0,0,0,0,0,0,0,0,0,0,6,0,0,0,0,0,0,13,10,0,13,7,0,0,0,0,0,0,0,0,0,12,0,0,0,0,12,0,0,9,0,5,0,0,0,8,0,0,0,0,0,0,0,0,0,0,9,11,0,0,0,0,0,0,0,0,12,0,0,0,0,0,0,0,0,0,0,0,0,0,0,0,0,0,20,0,9,0,0,0,0,0,0,0,0,0,0,10,0,0,0,0,0,0,0,0,0,0,0,0,9,12,0,0,0,0,17,4,0,0,0,0,0,0,0,0,0,0,6,0,0,0,0,0,0,0,0,0,0,0,0,0,0,0,0,0,0,0,13,0,0,0,0,0,0,0,0,0,0,0,0,0,0,0,11,0,0,0,0,0,0,0,19,0,0,0,0,4,0,0,0,0,0,8,0,0,0,0,0,0,13,16,0,0,0,10,0,0,0,0,0,0,0,0,25,0,0,0,0,0,0,0,0,14,0,0,0,0,0,0,0,0,0,0,0,0,0,0,0,0,0,0,0,0,0,12,0,0,0,0,0,5,0,0,0,0,0,0,0,0,0,0,0,0,0,0,0,0,0,0,0,0,0,0,0,0,0,0,0,0,0,15,0,0,0,0,0,0,0,0,0,0,12,8,12,16,0,0,0,0,0,0,0,0,0,0,0,0,0,30,12,0,0,0,0,0,0,0,0,0,22,0,0,0,6,0,0,0,0,0,0,0,0,0,0,0,0,0,0,0,0,0,0,0,0,0,0,0,0,0,0,0,0,0,5,0,0,0,0,0,0,0,0,0,0,0,0,0,0,0,0,0,0,0,9,0,0,0,0,0,0,0,0,0,8,0,0,0,0,0,0,9,0,12,6,0,0,0,12,0,0,0,0,0,0,0,0,0,0,0,0,13,0,0,0,11,9,0,0
"G2_TF3",0,20,0,0,4,0,0,0,0,0,0,10,0,0,0,0,0,18,0,0,0,0,8,0,0,0,0,0,0,0,0,0,14,0,0,0,0,0,0,0,0,0,0,0,0,0,0,0,0,0,0,0,0,0,0,0,0,10,0,0,0,0,0,0,21,22,0,0,0,0,0,0,0,0,0,0,0,1,0,0,0,0,0,0,0,0,0,0,0,0,0,0,0,0,0,0,0,0,0,0,0,2,0,0,0,0,0,0,13,18,0,26,12,0,0,0,0,0,0,0,0,0,26,0,0,0,0,21,0,0,22,0,2,0,0,0,8,0,0,0,0,0,0,0,0,0,0,15,23,0,0,0,0,0,0,0,0,31,0,0,0,0,0,0,0,0,0,0,0,0,0,0,0,0,0,21,0,18,0,0,0,0,0,0,0,0,0,0,18,0,0,0,0,0,0,0,0,0,0,0,0,17,22,0,0,0,0,12,13,0,0,0,0,0,0,0,0,0,0,14,0,0,0,0,0,0,0,0,0,0,0,0,0,0,0,0,0,0,0,14,0,0,0,0,0,0,0,0,0,0,0,0,0,0,0,20,0,0,0,0,0,0,0,26,0,0,0,0,4,0,0,0,0,0,11,0,0,0,0,0,0,35,13,0,0,0,11,0,0,0,0,0,0,0,0,29,0,0,0,0,0,0,0,0,14,0,0,0,0,0,0,0,0,0,0,0,0,0,0,0,0,0,0,0,0,0,17,0,0,0,0,0,9,0,0,0,0,0,0,0,0,0,0,0,0,0,0,0,0,0,0,0,0,0,0,0,0,0,0,0,0,0,12,0,0,0,0,0,0,0,0,0,0,20,12,19,35,0,0,0,0,0,0,0,0,0,0,0,0,0,29,17,0,0,0,0,0,0,0,0,0,27,0,0,0,10,0,0,0,0,0,0,0,0,0,0,0,0,0,0,0,0,0,0,0,0,0,0,0,0,0,0,0,0,0,14,0,0,0,0,0,0,0,0,0,0,0,0,0,0,0,0,0,0,0,11,0,0,0,0,0,0,0,0,0,19,0,0,0,0,0,0,22,0,15,7,0,0,0,17,0,0,0,0,0,0,0,0,0,0,0,0,16,0,0,0,15,20,0,0
"G2_TF4",0,13,0,0,3,0,0,0,0,0,0,21,0,0,0,0,0,21,0,0,0,0,13,0,0,0,0,0,0,0,0,0,21,0,0,0,0,0,0,0,0,0,0,0,0,0,0,0,0,0,0,0,0,0,0,0,0,13,0,0,0,0,0,0,16,14,0,0,0,0,0,0,0,0,0,0,0,0,0,0,0,0,0,0,0,0,0,0,0,0,0,0,0,0,0,0,0,0,0,0,0,3,0,0,0,0,0,0,7,14,0,27,7,0,0,0,0,0,0,0,0,0,29,0,0,0,0,22,0,0,23,0,9,0,0,0,13,0,0,0,0,0,0,0,0,0,0,11,11,0,0,0,0,0,0,0,0,19,0,0,0,0,0,0,0,0,0,0,0,0,0,0,0,0,0,23,0,13,0,0,0,0,0,0,0,0,0,0,21,0,0,0,0,0,0,0,0,0,0,0,0,15,21,0,0,0,0,15,15,0,0,0,0,0,0,0,0,0,0,5,0,0,0,0,0,0,0,0,0,0,0,0,0,0,0,0,0,0,0,11,0,0,0,0,0,0,0,0,0,0,0,0,0,0,0,16,0,0,0,0,0,0,0,14,0,0,0,0,12,0,0,0,0,0,9,0,0,0,0,0,0,22,13,0,0,0,15,0,0,0,0,0,0,0,0,22,0,0,0,0,0,0,0,0,20,0,0,0,0,0,0,0,0,0,0,0,0,0,0,0,0,0,0,0,0,0,15,0,0,0,0,0,8,0,0,0,0,0,0,0,0,0,0,4,0,0,0,0,0,0,0,0,0,0,0,0,0,0,0,0,0,0,10,0,0,0,0,0,0,0,0,0,0,16,11,12,21,0,0,0,0,0,0,0,0,0,0,0,0,0,20,6,0,0,0,0,0,0,0,0,0,21,0,0,0,13,0,0,0,0,0,0,0,0,0,0,0,0,0,0,0,0,0,0,0,0,0,0,0,0,0,0,0,0,0,13,0,0,0,0,0,0,0,0,0,0,0,0,0,0,0,0,0,0,0,34,0,0,0,0,0,0,0,0,0,11,0,0,0,0,0,0,10,0,15,12,0,0,0,13,0,0,0,0,0,0,0,0,0,0,0,0,26,0,0,0,27,18,0,0
"G2_TF5",0,8,0,0,9,0,0,0,0,0,0,14,0,0,0,0,0,12,0,0,0,0,8,0,0,0,0,0,0,0,0,0,8,0,0,0,0,0,0,0,0,0,0,0,0,0,0,0,0,0,0,0,0,0,0,0,0,9,0,0,0,0,0,0,18,10,0,0,0,0,0,0,0,0,0,0,0,4,0,0,0,0,0,0,0,0,0,0,0,0,0,0,0,0,0,0,0,0,0,0,0,8,0,0,0,0,0,0,17,11,0,12,9,0,0,0,0,0,0,0,0,0,9,0,0,0,0,17,0,0,10,0,2,0,0,0,5,0,0,0,0,0,0,0,0,0,0,14,14,0,0,0,0,0,0,0,0,17,0,0,0,0,0,0,0,0,0,0,0,0,0,0,0,0,0,21,0,13,0,0,0,0,0,0,0,0,0,0,16,0,0,0,0,0,0,0,0,0,0,0,0,10,18,0,0,0,0,13,6,0,0,0,0,0,0,0,0,0,0,7,0,0,0,0,0,0,0,0,0,0,0,0,0,0,0,0,0,0,0,6,0,0,0,0,0,0,0,0,0,0,0,0,0,0,0,12,0,0,0,0,0,0,0,14,0,0,0,0,3,0,0,0,0,0,8,0,0,0,0,0,0,18,5,0,0,0,13,0,0,0,0,0,0,0,0,30,0,0,0,0,0,0,0,0,16,0,0,0,0,0,0,0,0,0,0,0,0,0,0,0,0,0,0,0,0,0,12,0,0,0,0,0,8,0,0,0,0,0,0,0,0,0,0,0,0,0,0,0,0,0,0,0,0,0,0,0,0,0,0,0,0,0,6,0,0,0,0,0,0,0,0,0,0,13,7,15,21,0,0,0,0,0,0,0,0,0,0,0,0,0,29,11,0,0,0,0,0,0,0,0,0,4,0,0,0,13,0,0,0,0,0,0,0,0,0,0,0,0,0,0,0,0,0,0,0,0,0,0,0,0,0,0,0,0,0,8,0,0,0,0,0,0,0,0,0,0,0,0,0,0,0,0,0,0,0,3,0,0,0,0,0,0,0,0,0,16,0,0,0,0,0,0,12,0,13,8,0,0,0,22,0,0,0,0,0,0,0,0,0,0,0,0,15,0,0,0,13,15,0,0
"G3_TF1",0,6,0,0,14,0,0,0,0,0,0,6,0,0,0,0,0,3,0,0,0,0,5,0,0,0,0,0,0,0,0,0,5,0,0,0,0,0,0,0,0,0,0,0,0,0,0,0,0,0,0,0,0,0,0,0,0,3,0,0,0,0,0,0,5,5,0,0,0,0,0,0,0,0,0,0,0,1,0,0,0,0,0,0,0,0,0,0,0,0,0,0,0,0,0,0,0,0,0,0,0,3,0,0,0,0,0,0,4,4,0,10,3,0,0,0,0,0,0,0,0,0,8,0,0,0,0,6,0,0,5,0,6,0,0,0,3,0,0,0,0,0,0,0,0,0,0,6,4,0,0,0,0,0,0,0,0,7,0,0,0,0,0,0,0,0,0,0,0,0,0,0,0,0,0,7,0,8,0,0,0,0,0,0,0,0,0,0,3,0,0,0,0,0,0,0,0,0,0,0,0,4,1,0,0,0,0,9,6,0,0,0,0,0,0,0,0,0,0,5,0,0,0,0,0,0,0,0,0,0,0,0,0,0,0,0,0,0,0,10,0,0,0,0,0,0,0,0,0,0,0,0,0,0,0,3,0,0,0,0,0,0,0,3,0,0,0,0,7,0,0,0,0,0,14,0,0,0,0,0,0,10,10,0,0,0,9,0,0,0,0,0,0,0,0,9,0,0,0,0,0,0,0,0,6,0,0,0,0,0,0,0,0,0,0,0,0,0,0,0,0,0,0,0,0,0,4,0,0,0,0,0,6,0,0,0,0,0,0,0,0,0,0,0,0,0,0,0,0,0,0,0,0,0,0,0,0,0,0,0,0,0,8,0,0,0,0,0,0,0,0,0,0,10,5,9,3,0,0,0,0,0,0,0,0,0,0,0,0,0,4,4,0,0,0,0,0,0,0,0,0,4,0,0,0,6,0,0,0,0,0,0,0,0,0,0,0,0,0,0,0,0,0,0,0,0,0,0,0,0,0,0,0,0,0,6,0,0,0,0,0,0,0,0,0,0,0,0,0,0,0,0,0,0,0,3,0,0,0,0,0,0,0,0,0,5,0,0,0,0,0,0,4,0,6,11,0,0,0,4,0,0,0,0,0,0,0,0,0,0,0,0,4,0,0,0,4,4,0,0
"G4_TF1",0,13,0,0,8,0,0,0,0,0,0,11,0,0,0,0,0,11,0,0,0,0,10,0,0,0,0,0,0,0,0,0,14,0,0,0,0,0,0,0,0,0,0,0,0,0,0,0,0,0,0,0,0,0,0,0,0,7,0,0,0,0,0,0,11,16,0,0,0,0,0,0,0,0,0,0,0,0,0,0,0,0,0,0,0,0,0,0,0,0,0,0,0,0,0,0,0,0,0,0,0,0,0,0,0,0,0,0,11,15,0,20,9,0,0,0,0,0,0,0,0,0,13,0,0,0,0,17,0,0,8,0,0,0,0,0,2,0,0,0,0,0,0,0,0,0,0,8,23,0,0,0,0,0,0,0,0,18,0,0,0,0,0,0,0,0,0,0,0,0,0,0,0,0,0,19,0,10,0,0,0,0,0,0,0,0,0,0,11,0,0,0,0,0,0,0,0,0,0,0,0,9,20,0,0,0,0,8,15,0,0,0,0,0,0,0,0,0,0,8,0,0,0,0,0,0,0,0,0,0,0,0,0,0,0,0,0,0,0,5,0,0,0,0,0,0,0,0,0,0,0,0,0,0,0,14,0,0,0,0,0,0,0,15,0,0,0,0,0,0,0,0,0,0,6,0,0,0,0,0,0,7,10,0,0,0,10,0,0,0,0,0,0,0,0,24,0,0,0,0,0,0,0,0,19,0,0,0,0,0,0,0,0,0,0,0,0,0,0,0,0,0,0,0,0,0,12,0,0,0,0,0,9,0,0,0,0,0,0,0,0,0,0,0,0,0,0,0,0,0,0,0,0,0,0,0,0,0,0,0,0,0,10,0,0,0,0,0,0,0,0,0,0,11,8,11,21,0,0,0,0,0,0,0,0,0,0,0,0,0,18,10,0,0,0,0,0,0,0,0,0,15,0,0,0,4,0,0,0,0,0,0,0,0,0,0,0,0,0,0,0,0,0,0,0,0,0,0,0,0,0,0,0,0,0,3,0,0,0,0,0,0,0,0,0,0,0,0,0,0,0,0,0,0,0,2,0,0,0,0,0,0,0,0,0,15,0,0,0,0,0,0,10,0,11,8,0,0,0,16,0,0,0,0,0,0,0,0,0,0,0,0,15,0,0,0,9,13,0,0
"G4_TF2",0,8,0,0,8,0,0,0,0,0,0,9,0,0,0,0,0,9,0,0,0,0,6,0,0,0,0,0,0,0,0,0,6,0,0,0,0,0,0,0,0,0,0,0,0,0,0,0,0,0,0,0,0,0,0,0,0,7,0,0,0,0,0,0,10,18,0,0,0,0,0,0,0,0,0,0,0,0,0,0,0,0,0,0,0,0,0,0,0,0,0,0,0,0,0,0,0,0,0,0,0,0,0,0,0,0,0,0,16,12,0,11,10,0,0,0,0,0,0,0,0,0,12,0,0,0,0,10,0,0,10,0,0,0,0,0,0,0,0,0,0,0,0,0,0,0,0,10,13,0,0,0,0,0,0,0,0,18,0,0,0,0,0,0,0,0,0,0,0,0,0,0,0,0,0,18,0,8,0,0,0,0,0,0,0,0,0,0,13,0,0,0,0,0,0,0,0,0,0,0,0,7,13,0,0,0,0,6,15,0,0,0,0,0,0,0,0,0,0,11,0,0,0,0,0,0,0,0,0,0,0,0,0,0,0,0,0,0,0,7,0,0,0,0,0,0,0,0,0,0,0,0,0,0,0,16,0,0,0,0,0,0,0,17,0,0,0,0,0,0,0,0,0,0,5,0,0,0,0,0,0,17,6,0,0,0,5,0,0,0,0,0,0,0,0,14,0,0,0,0,0,0,0,0,13,0,0,0,0,0,0,0,0,0,0,0,0,0,0,0,0,0,0,0,0,0,12,0,0,0,0,0,7,0,0,0,0,0,0,0,0,0,0,0,0,0,0,0,0,0,0,0,0,0,0,0,0,0,0,0,0,0,2,0,0,0,0,0,0,0,0,0,0,14,5,3,17,0,0,0,0,0,0,0,0,0,0,0,0,0,16,7,0,0,0,0,0,0,0,0,0,11,0,0,0,1,0,0,0,0,0,0,0,0,0,0,0,0,0,0,0,0,0,0,0,0,0,0,0,0,0,0,0,0,0,8,0,0,0,0,0,0,0,0,0,0,0,0,0,0,0,0,0,0,0,8,0,0,0,0,0,0,0,0,0,5,0,0,0,0,0,0,9,0,14,1,0,0,0,5,0,0,0,0,0,0,0,0,0,0,0,0,18,0,0,0,5,7,0,0
"G4_TF3",0,10,0,0,5,0,0,0,0,0,0,9,0,0,0,0,0,6,0,0,0,0,4,0,0,0,0,0,0,0,0,0,15,0,0,0,0,0,0,0,0,0,0,0,0,0,0,0,0,0,0,0,0,0,0,0,0,16,0,0,0,0,0,0,13,12,0,0,0,0,0,0,0,0,0,0,0,0,0,0,0,0,0,0,0,0,0,0,0,0,0,0,0,0,0,0,0,0,0,0,0,3,0,0,0,0,0,0,15,11,0,17,7,0,0,0,0,0,0,0,0,0,13,0,0,0,0,6,0,0,13,0,0,0,0,0,0,0,0,0,0,0,0,0,0,0,0,17,18,0,0,0,0,0,0,0,0,14,0,0,0,0,0,0,0,0,0,0,0,0,0,0,0,0,0,22,0,11,0,0,0,0,0,0,0,0,0,0,8,0,0,0,0,0,0,0,0,0,0,0,0,7,11,0,0,0,0,15,12,0,0,0,0,0,0,0,0,0,0,8,0,0,0,0,0,0,0,0,0,0,0,0,0,0,0,0,0,0,0,5,0,0,0,0,0,0,0,0,0,0,0,0,0,0,0,7,0,0,0,0,0,0,0,12,0,0,0,0,0,0,0,0,0,0,6,0,0,0,0,0,0,17,4,0,0,0,7,0,0,0,0,0,0,0,0,22,0,0,0,0,0,0,0,0,8,0,0,0,0,0,0,0,0,0,0,0,0,0,0,0,0,0,0,0,0,0,7,0,0,0,0,0,10,0,0,0,0,0,0,0,0,0,0,0,0,0,0,0,0,0,0,0,0,0,0,0,0,0,0,0,0,0,2,0,0,0,0,0,0,0,0,0,0,12,4,12,21,0,0,0,0,0,0,0,0,0,0,0,0,0,20,11,0,0,0,0,0,0,0,0,0,6,0,0,0,6,0,0,0,0,0,0,0,0,0,0,0,0,0,0,0,0,0,0,0,0,0,0,0,0,0,0,0,0,0,10,0,0,0,0,0,0,0,0,0,0,0,0,0,0,0,0,0,0,0,7,0,0,0,0,0,0,0,0,0,15,0,0,0,0,0,0,20,0,18,9,0,0,0,7,0,0,0,0,0,0,0,0,0,0,0,0,12,0,0,0,18,15,0,0
"G5_TF1",0,22,0,0,6,0,0,0,0,0,0,27,0,0,0,0,0,6,0,0,0,0,0,0,0,0,0,0,0,0,0,0,14,0,0,0,0,0,0,0,0,0,0,0,0,0,0,0,0,0,0,0,0,0,0,0,0,22,0,0,0,0,0,0,21,35,0,0,0,0,0,0,0,0,0,0,0,0,0,0,0,0,0,0,0,0,0,0,0,0,0,0,0,0,0,0,0,0,0,0,0,0,0,0,0,0,0,0,28,20,0,32,1,0,0,0,0,0,0,0,0,0,30,0,0,0,0,39,0,0,18,0,0,0,0,0,0,0,0,0,0,0,0,0,0,0,0,20,25,0,0,0,0,0,0,0,0,31,0,0,0,0,0,0,0,0,0,0,0,0,0,0,0,0,0,37,0,17,0,0,0,0,0,0,0,0,0,0,23,0,0,0,0,0,0,0,0,0,0,0,0,11,26,0,0,0,0,23,23,0,0,0,0,0,0,0,0,0,0,7,0,0,0,0,0,0,0,0,0,0,0,0,0,0,0,0,0,0,0,5,0,0,0,0,0,0,0,0,0,0,0,0,0,0,0,21,0,0,0,0,0,0,0,38,0,0,0,0,0,0,0,0,0,0,6,0,0,0,0,0,0,25,5,0,0,0,8,0,0,0,0,0,0,0,0,41,0,0,0,0,0,0,0,0,45,0,0,0,0,0,0,0,0,0,0,0,0,0,0,0,0,0,0,0,0,0,14,0,0,0,0,0,5,0,0,0,0,0,0,0,0,0,0,0,0,0,0,0,0,0,0,0,0,0,0,0,0,0,0,0,0,0,4,0,0,0,0,0,0,0,0,0,0,29,9,24,34,0,0,0,0,0,0,0,0,0,0,0,0,0,35,5,0,0,0,0,0,0,0,0,0,20,0,0,0,0,0,0,0,0,0,0,0,0,0,0,0,0,0,0,0,0,0,0,0,0,0,0,0,0,0,0,0,0,0,8,0,0,0,0,0,0,0,0,0,0,0,0,0,0,0,0,0,0,0,12,0,0,0,0,0,0,0,0,0,29,0,0,0,0,0,0,11,0,19,0,0,0,0,20,0,0,0,0,0,0,0,0,0,0,0,0,32,0,0,0,25,21,0,0
"G5_TF2",0,7,0,0,0,0,0,0,0,0,0,18,0,0,0,0,0,9,0,0,0,0,0,0,0,0,0,0,0,0,0,0,9,0,0,0,0,0,0,0,0,0,0,0,0,0,0,0,0,0,0,0,0,0,0,0,0,17,0,0,0,0,0,0,6,11,0,0,0,0,0,0,0,0,0,0,0,0,0,0,0,0,0,0,0,0,0,0,0,0,0,0,0,0,0,0,0,0,0,0,0,0,0,0,0,0,0,0,8,9,0,9,3,0,0,0,0,0,0,0,0,0,20,0,0,0,0,12,0,0,10,0,0,0,0,0,0,0,0,0,0,0,0,0,0,0,0,6,11,0,0,0,0,0,0,0,0,11,0,0,0,0,0,0,0,0,0,0,0,0,0,0,0,0,0,13,0,15,0,0,0,0,0,0,0,0,0,0,10,0,0,0,0,0,0,0,0,0,0,0,0,8,15,0,0,0,0,10,16,0,0,0,0,0,0,0,0,0,0,8,0,0,0,0,0,0,0,0,0,0,0,0,0,0,0,0,0,0,0,2,0,0,0,0,0,0,0,0,0,0,0,0,0,0,0,4,0,0,0,0,0,0,0,13,0,0,0,0,0,0,0,0,0,0,0,0,0,0,0,0,0,14,0,0,0,0,10,0,0,0,0,0,0,0,0,16,0,0,0,0,0,0,0,0,8,0,0,0,0,0,0,0,0,0,0,0,0,0,0,0,0,0,0,0,0,0,7,0,0,0,0,0,6,0,0,0,0,0,0,0,0,0,0,0,0,0,0,0,0,0,0,0,0,0,0,0,0,0,0,0,0,0,0,0,0,0,0,0,0,0,0,0,0,15,4,14,24,0,0,0,0,0,0,0,0,0,0,0,0,0,21,7,0,0,0,0,0,0,0,0,0,18,0,0,0,0,0,0,0,0,0,0,0,0,0,0,0,0,0,0,0,0,0,0,0,0,0,0,0,0,0,0,0,0,0,7,0,0,0,0,0,0,0,0,0,0,0,0,0,0,0,0,0,0,0,11,0,0,0,0,0,0,0,0,0,11,0,0,0,0,0,0,8,0,8,0,0,0,0,7,0,0,0,0,0,0,0,0,0,0,0,0,8,0,0,0,5,10,0,0
