"","cell1","cell2","cell3","cell4","cell5","cell6","cell7","cell8","cell9","cell10","cell11","cell12","cell13","cell14","cell15","cell16","cell17","cell18","cell19","cell20","cell21","cell22","cell23","cell24","cell25","cell26","cell27","cell28","cell29","cell30","cell31","cell32","cell33","cell34","cell35","cell36","cell37","cell38","cell39","cell40","cell41","cell42","cell43","cell44","cell45","cell46","cell47","cell48","cell49","cell50","cell51","cell52","cell53","cell54","cell55","cell56","cell57","cell58","cell59","cell60","cell61","cell62","cell63","cell64","cell65","cell66","cell67","cell68","cell69","cell70","cell71","cell72","cell73","cell74","cell75","cell76","cell77","cell78","cell79","cell80","cell81","cell82","cell83","cell84","cell85","cell86","cell87","cell88","cell89","cell90","cell91","cell92","cell93","cell94","cell95","cell96","cell97","cell98","cell99","cell100","cell101","cell102","cell103","cell104","cell105","cell106","cell107","cell108","cell109","cell110","cell111","cell112","cell113","cell114","cell115","cell116","cell117","cell118","cell119","cell120","cell121","cell122","cell123","cell124","cell125","cell126","cell127","cell128","cell129","cell130","cell131","cell132","cell133","cell134","cell135","cell136","cell137","cell138","cell139","cell140","cell141","cell142","cell143","cell144","cell145","cell146","cell147","cell148","cell149","cell150","cell151","cell152","cell153","cell154","cell155","cell156","cell157","cell158","cell159","cell160","cell161","cell162","cell163","cell164","cell165","cell166","cell167","cell168","cell169","cell170","cell171","cell172","cell173","cell174","cell175","cell176","cell177","cell178","cell179","cell180","cell181","cell182","cell183","cell184","cell185","cell186","cell187","cell188","cell189","cell190","cell191","cell192","cell193","cell194","cell195","cell196","cell197","cell198","cell199","cell200","cell201","cell202","cell203","cell204","cell205","cell206","cell207","cell208","cell209","cell210","cell211","cell212","cell213","cell214","cell215","cell216","cell217","cell218","cell219","cell220","cell221","cell222","cell223","cell224","cell225","cell226","cell227","cell228","cell229","cell230","cell231","cell232","cell233","cell234","cell235","cell236","cell237","cell238","cell239","cell240","cell241","cell242","cell243","cell244","cell245","cell246","cell247","cell248","cell249","cell250","cell251","cell252","cell253","cell254","cell255","cell256","cell257","cell258","cell259","cell260","cell261","cell262","cell263","cell264","cell265","cell266","cell267","cell268","cell269","cell270","cell271","cell272","cell273","cell274","cell275","cell276","cell277","cell278","cell279","cell280","cell281","cell282","cell283","cell284","cell285","cell286","cell287","cell288","cell289","cell290","cell291","cell292","cell293","cell294","cell295","cell296","cell297","cell298","cell299","cell300","cell301","cell302","cell303","cell304","cell305","cell306","cell307","cell308","cell309","cell310","cell311","cell312","cell313","cell314","cell315","cell316","cell317","cell318","cell319","cell320","cell321","cell322","cell323","cell324","cell325","cell326","cell327","cell328","cell329","cell330","cell331","cell332","cell333","cell334","cell335","cell336","cell337","cell338","cell339","cell340","cell341","cell342","cell343","cell344","cell345","cell346","cell347","cell348","cell349","cell350","cell351","cell352","cell353","cell354","cell355","cell356","cell357","cell358","cell359","cell360","cell361","cell362","cell363","cell364","cell365","cell366","cell367","cell368","cell369","cell370","cell371","cell372","cell373","cell374","cell375","cell376","cell377","cell378","cell379","cell380","cell381","cell382","cell383","cell384","cell385","cell386","cell387","cell388","cell389","cell390","cell391","cell392","cell393","cell394","cell395","cell396","cell397","cell398","cell399","cell400","cell401","cell402","cell403","cell404","cell405","cell406","cell407","cell408","cell409","cell410","cell411","cell412","cell413","cell414","cell415","cell416","cell417","cell418","cell419","cell420","cell421","cell422","cell423","cell424","cell425","cell426","cell427","cell428","cell429","cell430","cell431","cell432","cell433","cell434","cell435","cell436","cell437","cell438","cell439","cell440","cell441","cell442","cell443","cell444","cell445","cell446","cell447","cell448","cell449","cell450","cell451","cell452","cell453","cell454"
"A1_TF1",0,0,0,0,0,0,0,0,0,0,0,0,29,0,0,0,0,0,0,0,0,0,0,0,0,0,0,0,0,0,0,0,0,0,0,0,0,0,0,0,0,33,0,0,0,0,0,0,0,0,0,0,0,0,0,0,0,0,0,0,0,38,0,31,0,0,0,0,0,0,0,0,0,0,0,0,0,0,0,51,0,0,0,0,40,0,0,0,0,0,0,0,0,0,0,0,0,30,0,0,0,0,0,0,0,48,0,0,0,0,0,30,0,0,0,0,0,0,0,0,0,0,0,0,34,0,0,0,0,0,0,0,0,0,47,0,0,0,0,0,0,44,0,0,0,0,0,0,0,0,0,34,0,0,0,0,0,0,0,0,0,0,0,0,0,0,0,0,0,0,0,0,0,0,0,0,0,0,0,0,0,0,0,0,0,0,0,0,0,0,0,0,0,0,0,0,0,0,36,0,0,0,0,0,50,51,0,0,0,0,34,0,0,0,0,0,0,0,0,0,0,0,0,0,0,0,42,0,0,0,0,0,0,0,0,53,0,0,0,0,0,48,0,0,0,0,0,0,0,0,0,0,0,0,0,0,0,0,0,0,0,45,0,0,0,0,0,0,0,0,0,0,0,0,0,0,0,0,0,55,0,0,0,0,0,0,0,0,0,0,0,0,0,0,0,0,0,0,0,0,0,0,0,0,0,0,0,0,0,0,0,0,0,0,0,0,0,0,0,0,0,45,0,0,0,0,0,0,0,0,0,0,48,0,0,0,0,0,0,0,33,0,55,0,0,0,0,0,0,0,0,0,0,32,0,0,0,0,0,0,0,0,0,0,0,37,0,0,0,0,0,0,0,43,0,0,0,0,0,0,0,0,0,0,28,0,0,0,0,0,0,0,0,45,0,0,0,0,0,0,0,0,0,0,0,0,0,0,0,0,0,0,0,0,0,0,0,0,0,0,0,0,0,0,0,0,0,0,0,0,0,0,0,0,0,0,0,0,0,0,0,0,0,0,0,0,0,0,0,0,0,0,0,0
"A2_TF1",0,0,0,0,0,0,0,0,0,0,0,0,0,0,0,0,0,0,0,0,0,0,0,0,0,0,0,0,0,0,0,0,0,0,0,0,0,0,0,0,0,0,0,0,0,0,0,0,0,0,0,0,0,0,0,0,0,0,0,0,0,0,0,0,0,0,0,0,0,0,0,0,0,0,0,0,0,0,0,0,0,0,0,0,0,0,0,0,0,0,0,0,0,0,0,0,0,0,0,0,0,0,0,0,0,0,0,0,0,0,0,32,0,0,0,0,0,0,0,0,0,0,0,0,0,0,0,0,0,0,0,0,0,0,0,0,0,0,0,0,0,0,0,0,0,0,0,0,0,0,0,0,0,0,0,0,0,0,0,0,0,0,0,0,0,0,0,0,0,0,0,0,0,0,0,0,0,0,0,0,0,0,0,0,0,0,0,0,0,0,0,0,0,0,0,0,0,0,0,0,0,0,0,0,0,0,0,0,0,0,0,0,0,0,0,0,0,0,0,0,0,0,0,0,0,0,0,0,0,0,0,0,0,0,0,0,0,0,0,0,0,0,0,0,0,0,0,0,0,0,0,0,0,0,0,0,0,0,0,0,0,0,0,0,0,0,0,0,0,0,0,0,0,0,0,0,0,0,0,0,0,0,0,0,0,0,0,0,0,0,0,0,0,0,0,0,0,0,0,0,0,0,0,0,0,0,0,0,0,0,0,0,0,0,0,0,0,0,0,0,0,0,0,0,0,0,0,0,0,0,0,0,0,0,0,0,0,0,0,0,0,0,0,0,0,0,0,0,0,0,0,0,0,0,0,0,0,0,0,0,0,0,0,0,0,0,0,0,0,0,0,0,0,0,0,0,0,0,0,0,0,0,0,0,0,0,0,0,0,0,0,0,0,0,0,0,0,0,0,0,0,0,0,0,0,0,0,0,0,0,0,0,0,0,0,0,0,0,0,0,0,0,0,0,0,0,0,0,0,0,0,0,0,0,0,0,0,0,0,0,0,0,0,0,0,0,0,0,0,0,0,0,0,0
"A2_TF2",0,0,0,0,0,0,0,0,0,0,0,0,0,0,0,0,0,0,0,0,0,0,0,0,0,0,0,0,0,0,0,0,0,0,0,0,0,0,0,0,0,0,0,0,0,0,0,0,0,0,0,0,0,0,0,0,0,0,0,0,0,0,0,0,0,0,0,0,0,0,0,0,0,0,0,0,0,0,0,0,0,0,0,0,0,0,0,0,0,0,0,0,0,0,0,0,0,0,0,0,0,0,0,0,0,0,0,0,0,0,0,0,0,0,0,0,0,0,0,0,0,0,0,0,0,0,0,0,0,0,0,0,0,0,0,0,0,0,0,0,0,0,0,0,0,0,0,0,0,0,0,0,0,0,0,0,0,0,0,0,0,0,0,0,0,0,0,0,0,0,0,0,0,0,0,0,0,0,0,0,0,0,0,0,0,0,0,0,0,0,0,0,0,0,0,0,0,0,0,0,0,0,0,0,0,0,0,0,0,0,0,0,0,0,0,0,0,0,0,0,0,0,0,0,0,0,0,0,0,0,0,0,0,0,0,0,0,0,0,0,0,0,0,0,0,0,0,0,0,0,0,0,0,0,0,0,0,0,0,0,0,0,0,0,0,0,0,0,0,0,0,0,0,0,0,0,0,0,0,0,0,0,0,0,0,0,0,0,0,0,0,0,0,0,0,0,0,0,0,0,0,0,0,0,0,0,0,0,0,0,0,35,0,0,0,0,0,0,0,0,0,0,0,0,0,0,0,0,0,0,0,0,0,0,0,0,0,0,0,0,0,0,0,0,0,0,0,0,0,0,0,0,0,0,0,0,0,0,0,0,0,0,0,0,0,0,0,0,0,0,0,0,0,0,0,0,0,0,0,0,0,0,0,0,0,0,0,0,0,0,0,0,0,0,0,0,0,0,0,0,0,0,0,0,0,0,0,0,0,0,0,0,0,0,0,0,0,0,0,0,0,0,0,0,0,0,0,0,0,0,0,0,0,0,0,0,0,0,0,0,0,0,0,0,0,0,0,0,0,0,0,0,0,0
"A2_TF3",0,0,0,0,0,0,0,0,0,0,0,0,0,0,0,0,0,0,0,0,0,0,0,0,0,0,0,0,0,0,0,0,0,0,0,0,0,0,0,0,0,0,0,0,0,0,0,0,0,0,0,0,0,0,0,0,0,0,0,0,0,0,0,0,0,0,0,0,0,0,0,0,0,0,0,0,0,0,0,0,0,0,0,0,0,0,0,0,0,0,0,0,0,0,0,0,0,0,0,0,0,0,0,0,0,0,0,0,0,0,0,0,0,0,0,0,0,0,0,0,0,0,0,0,0,0,0,0,0,0,0,0,0,0,0,0,0,0,0,0,0,0,0,0,0,0,0,0,0,0,0,0,0,0,0,0,0,0,0,0,0,0,0,0,0,0,0,0,0,0,0,0,0,0,0,0,0,0,0,0,0,0,0,0,0,0,0,0,0,0,0,0,0,0,0,0,0,0,0,0,0,0,0,0,0,0,0,0,0,0,0,0,0,0,0,0,0,0,0,0,0,0,0,0,0,0,0,0,0,0,0,0,0,0,0,0,0,0,0,0,0,0,0,0,0,0,0,0,0,0,0,0,0,0,0,0,0,0,0,0,0,0,0,0,0,0,0,0,0,0,0,0,0,0,0,0,0,0,0,0,0,0,0,0,0,0,0,0,0,0,0,0,0,0,0,0,0,0,0,0,0,0,0,0,0,0,0,0,0,0,0,0,0,0,0,0,0,0,0,0,0,0,0,0,0,0,0,0,0,0,0,0,0,0,0,0,0,0,0,0,0,0,0,0,0,0,0,0,0,0,0,0,0,0,0,0,0,0,0,0,0,0,0,0,0,0,0,0,0,0,0,0,0,0,0,0,0,0,0,0,0,0,0,0,0,0,0,0,0,0,0,0,0,0,0,0,0,0,0,0,0,0,0,0,0,0,0,0,0,0,0,0,0,0,0,0,0,0,0,0,0,0,0,0,0,0,0,0,0,0,0,0,0,0,0,0,0,0,0,0,0,0,0,0,0,0,0,0,0,0,0,0,0,0
"A2_TF4",0,0,0,0,0,0,0,0,0,0,0,0,0,0,0,0,0,0,0,0,0,0,0,0,0,0,0,0,0,0,0,0,0,0,0,0,0,0,0,0,0,0,0,0,0,0,0,0,0,0,0,0,0,0,0,0,0,0,0,0,0,0,0,0,0,0,0,0,0,0,0,0,0,0,0,0,0,0,0,0,0,0,0,0,0,0,0,0,0,0,0,0,0,0,0,0,0,0,0,0,0,0,0,0,0,0,0,0,0,0,0,0,0,0,0,0,0,0,0,0,0,0,0,0,0,0,0,0,0,0,0,0,0,0,0,0,0,0,0,0,0,0,0,0,0,0,0,0,0,0,0,0,0,0,0,0,0,0,0,0,0,0,0,0,0,0,0,0,0,0,0,0,0,0,0,0,0,0,0,0,0,0,0,0,0,0,0,0,0,0,0,0,0,0,0,0,0,0,0,0,0,0,0,0,0,0,0,0,0,0,0,0,0,0,0,0,0,0,0,0,0,0,0,0,0,0,0,0,0,0,0,0,43,0,0,0,0,0,0,0,0,0,0,0,0,0,0,0,0,0,0,0,0,0,0,0,0,0,0,0,0,0,0,0,0,0,0,0,0,0,0,0,0,0,0,0,0,0,0,0,0,0,0,0,0,0,0,0,0,0,0,0,0,0,0,0,0,0,0,0,0,0,0,0,0,0,0,0,0,0,0,0,0,0,0,0,0,0,0,0,0,0,0,0,0,0,0,0,0,0,0,0,0,0,0,0,0,0,0,0,0,0,0,0,0,0,0,0,0,0,0,0,0,0,0,0,0,0,0,0,0,0,0,0,0,0,0,0,0,0,0,0,0,0,0,0,0,0,0,0,0,0,0,0,0,0,0,0,0,0,0,0,0,0,0,0,0,0,0,0,0,0,0,0,0,0,0,0,0,0,0,0,0,0,0,0,0,0,0,0,0,0,0,0,0,0,0,0,0,0,0,0,0,0,0,0,0,0,0,0,0,0,0,0,0,0,0,0,0,0,0,0,0,0
"A3_TF1",0,0,0,0,0,0,0,0,0,0,0,0,0,0,0,0,0,0,0,0,0,0,0,0,0,0,0,0,0,0,0,0,0,0,0,0,0,0,0,0,0,0,0,0,0,0,0,0,0,0,0,0,0,0,0,0,0,0,0,0,0,0,0,0,0,0,0,0,0,0,0,0,0,0,0,0,0,0,0,0,0,0,0,0,0,0,0,0,0,0,0,0,0,0,0,0,0,0,0,0,0,0,0,0,0,0,0,0,0,0,0,0,0,0,0,0,0,0,0,0,0,0,0,0,0,0,0,0,0,0,0,0,0,0,0,0,0,0,0,0,0,0,0,0,0,0,0,0,0,0,0,0,0,0,0,0,0,0,0,0,0,0,0,0,0,0,0,0,0,0,0,0,0,0,0,0,0,0,0,0,0,0,0,0,0,0,0,0,0,0,0,0,0,0,0,0,0,0,0,0,0,0,0,0,0,0,0,0,0,0,0,0,0,0,0,0,0,0,0,0,0,0,0,0,0,0,0,0,0,0,0,0,0,0,0,0,0,0,0,0,0,0,0,0,0,0,0,0,0,0,0,0,0,0,0,0,0,0,0,0,0,0,0,0,0,0,0,0,0,0,0,0,0,0,0,0,0,0,0,0,0,0,0,0,0,0,0,0,0,0,0,0,0,0,0,0,0,0,0,0,0,0,0,0,0,0,0,0,0,0,0,0,0,0,0,0,0,0,0,0,0,0,0,0,0,0,0,0,0,0,0,0,0,0,0,0,0,0,0,0,0,0,0,0,0,0,0,0,0,0,0,0,0,0,0,0,0,0,0,0,0,0,0,0,0,0,0,0,0,0,0,0,0,0,0,0,0,0,0,0,0,0,0,0,0,0,0,0,0,0,0,0,0,0,0,0,0,0,0,0,0,0,0,0,0,0,0,0,0,0,0,0,0,0,0,0,0,0,0,0,0,0,0,0,0,0,0,0,0,0,0,0,0,0,0,0,0,0,0,0,0,0,0,0,0,0,0,0,0,0,0,0,0,0
"A3_TF2",0,0,0,0,0,0,0,0,0,0,0,0,0,0,0,0,0,0,0,0,0,0,0,0,0,0,0,0,0,0,0,0,0,0,0,0,0,0,0,0,0,0,0,0,0,0,0,0,0,0,0,0,0,0,0,0,0,0,0,0,0,0,0,0,0,0,0,0,0,0,0,0,0,0,0,0,0,0,0,0,0,0,0,0,0,0,0,0,0,0,0,0,0,0,0,0,0,0,0,0,0,0,0,0,0,0,0,0,0,0,0,0,0,0,0,0,0,0,0,0,0,0,0,0,0,0,0,0,0,0,0,0,0,0,0,0,0,0,0,0,0,0,0,0,0,0,0,0,0,0,0,0,0,0,0,0,0,0,0,0,0,0,0,0,0,0,0,0,0,0,0,0,0,0,0,0,0,0,0,0,0,0,0,0,0,0,0,0,0,0,0,0,0,0,0,0,0,0,0,0,0,0,0,0,0,0,0,0,0,0,0,0,0,0,0,0,0,0,0,0,0,0,0,0,0,0,0,0,0,0,0,0,0,0,0,0,0,0,0,0,0,0,0,0,0,0,0,0,0,0,0,0,0,0,0,0,0,0,0,0,0,0,0,0,0,0,0,0,0,0,0,0,0,0,0,0,0,0,0,0,0,0,0,0,0,0,0,0,0,0,0,0,0,0,0,0,0,0,0,0,0,0,0,0,0,0,0,0,0,0,0,0,0,0,0,0,0,0,0,0,0,0,0,0,0,0,0,0,0,0,0,0,0,0,0,0,0,0,0,0,0,0,0,0,0,0,0,0,0,0,0,0,0,0,0,0,0,0,0,0,0,0,0,0,0,0,0,0,0,0,0,0,0,0,0,0,0,0,0,0,0,0,0,0,0,0,0,0,0,0,0,0,0,0,0,0,0,0,0,0,0,0,0,0,0,0,0,0,0,0,0,0,0,0,0,0,0,0,0,0,0,0,0,0,0,0,0,0,0,0,0,0,0,0,0,0,0,0,0,0,0,0,0,0,0,0,0,0,0,0,0,0,0,0
"A4_TF1",0,0,0,6846,0,20206,24807,8696,0,0,2164,0,0,20072,20108,6269,0,7360,0,12671,6471,0,17924,0,0,0,7031,0,0,0,0,9981,7553,0,7581,9606,0,0,3077,21881,16935,0,7906,0,0,0,0,18173,2085,21775,23764,0,0,0,21680,9410,0,0,0,21962,2354,0,0,0,0,11825,11805,6724,0,0,0,0,8092,18153,21437,0,26263,0,0,10308,6952,0,7883,0,0,7763,0,7381,0,0,3179,2738,0,0,10384,0,12559,12812,5844,0,0,0,25809,7685,0,0,22928,0,0,10575,0,0,12513,0,0,12188,13706,0,11650,0,6763,11845,0,9705,0,0,20030,7334,0,0,19159,10319,8012,0,0,9516,20488,17953,0,9459,4710,0,0,0,6575,0,0,0,2382,11935,0,0,11392,0,7420,7697,0,20136,6181,0,11763,24909,7564,5354,0,0,6171,0,9637,0,0,7806,0,0,0,25030,11956,10058,12032,21527,11793,7038,0,0,3711,17608,0,0,6067,0,20252,3638,7631,0,11760,0,0,2549,0,0,5828,0,0,0,7854,13437,0,0,0,12193,0,12923,11931,0,17969,0,3305,0,0,6238,8010,11962,0,2086,0,6182,22367,9663,12153,8021,7739,12103,0,3512,0,7952,19258,12134,2157,19813,14103,0,0,0,25584,0,14481,0,0,0,12261,4876,0,0,0,0,0,7371,7878,21498,0,6609,18538,0,0,20153,0,0,0,15477,0,9769,26535,6767,0,0,18429,6314,0,7965,0,9313,21878,0,12016,0,0,0,16558,0,3312,11846,0,0,10255,0,0,9652,12107,7950,12237,0,0,0,0,0,3566,5925,0,0,6340,0,2278,0,0,0,2547,0,19060,0,0,13509,26541,0,0,2150,3403,10457,0,7857,0,0,10581,2831,12039,0,7988,6496,11609,7837,0,9321,10428,0,7587,21880,11878,0,0,9915,0,0,0,0,0,0,0,9789,0,0,6130,5144,0,0,25498,12723,0,12162,0,2750,0,26760,0,9465,0,7247,7584,26609,0,0,0,0,13844,7544,0,0,8886,12102,0,0,20198,0,22093,0,25822,0,0,0,6104,0,12166,7682,19013,19438,0,0,4329,9604,0,2918,0,0,0,9647,2267,0,0,0,0,0,0,0,6352,12248,0,21262,0,9972,8012,9804,0,12199,0,6640,7943,22332,0,0,11219,6615,0,12140,0,12455,6267,0,0,4494,2697,0,26582,4220,2842,9517
"A5_TF1",32852,25682,15994,0,14305,0,0,0,19866,12187,0,20935,20157,0,0,0,24187,0,18212,0,0,22963,0,26937,19062,22914,0,28072,13709,29502,14279,0,0,17433,0,0,27843,22811,0,0,0,21469,0,20270,23157,18493,18916,0,0,0,0,19765,17334,17711,0,0,24587,24068,17029,0,0,20557,22591,30112,16450,0,0,0,24918,17392,22321,13630,0,0,0,15019,0,22504,24634,0,0,25675,0,15958,15564,0,18069,0,12329,20316,0,0,24407,15547,0,25672,0,0,0,19455,9496,18888,0,0,14107,23085,0,28400,22065,0,19316,20464,0,12530,19577,0,0,23519,0,24278,0,0,23668,0,24174,19536,0,0,23286,23193,0,0,0,11488,11516,0,0,0,13323,0,0,25779,16547,30970,0,19401,17228,27626,0,0,30074,21494,0,22421,0,0,21217,0,0,14239,0,0,0,0,20781,14204,0,19702,0,21888,20691,0,20170,17814,13389,0,0,0,0,0,0,0,21043,25540,0,0,25928,16742,0,23428,0,0,0,18933,0,17657,23205,0,17995,18199,0,23377,17967,22860,0,0,15476,11843,22229,0,27651,0,0,22504,0,15086,0,24389,20012,0,0,0,30163,0,11356,0,0,0,0,0,0,0,27274,0,11648,0,0,0,0,0,0,12899,24829,15273,0,19396,0,14776,15130,21759,0,0,17046,15009,11415,23646,18346,0,0,0,18049,0,0,18421,24327,0,14849,20099,9996,0,12155,0,0,0,26052,12193,0,0,21590,0,20431,0,0,20811,0,28408,9616,12098,0,25926,0,0,20700,19550,0,20858,19415,0,0,0,0,18367,26108,14024,19412,20268,0,0,14475,23190,0,29177,0,15255,32117,11762,0,24663,0,12332,24462,0,0,17391,23358,0,0,0,14191,0,23991,28258,0,0,0,20363,0,0,0,0,14611,0,0,20795,0,0,0,29158,21702,0,25706,22260,24068,16624,16689,24856,23131,0,20736,22853,0,0,21366,30827,0,0,26834,0,23882,0,27694,0,11710,0,20253,0,0,0,23809,17334,28407,23797,0,0,21347,28786,0,0,19278,26987,0,13799,0,27765,0,15536,19762,24288,0,19197,0,0,0,0,21993,11646,0,0,24519,0,19087,23179,22435,0,0,14265,15535,10756,21993,21593,11874,15695,0,0,23821,0,13705,0,0,0,23880,0,22336,0,0,0,16449,22761,0,0,25891,0,28409,0,0,16509,14891,0,0,23666,0,0,0,0
"A6_TF1",0,0,0,16258,0,27701,24781,6055,0,0,10105,0,0,16993,16889,5389,0,6570,0,16346,9846,0,20033,0,0,0,5063,0,0,0,0,10780,8730,0,9162,8620,0,0,8344,19303,16927,0,4769,0,0,0,0,18718,8759,17828,22075,0,0,0,17953,11711,0,0,0,30396,6726,0,0,0,0,14477,14391,5271,0,0,0,0,10810,20353,17566,0,28972,0,0,12743,16626,0,8669,0,0,8691,0,12926,0,0,8446,8654,0,0,2794,0,17657,13944,14343,0,0,0,25213,8719,0,0,25357,0,0,12888,0,0,15693,0,0,16761,20148,0,23187,0,14016,14445,0,3856,0,0,25813,13167,0,0,21722,7612,10815,0,0,7432,25514,20063,0,7505,9096,0,0,0,8877,0,0,0,10569,14310,0,0,12035,0,12966,23880,0,26681,8755,0,19896,24858,12997,5776,0,0,12459,0,7217,0,0,8645,0,0,0,27758,14297,12962,14088,23484,14301,6563,0,0,9384,14712,0,0,12585,0,25760,6165,8620,0,12784,0,0,6011,0,0,6630,0,0,0,9755,2075,0,0,0,20466,0,15532,14394,0,20046,0,5669,0,0,5485,10668,14303,0,8763,0,10994,24147,7471,16532,10598,8576,14610,0,9297,0,9815,20780,11228,10001,21790,20944,0,0,0,19866,0,24775,0,0,0,16701,5854,0,0,0,0,0,12299,8766,26291,0,8954,18971,0,0,27739,0,0,0,19061,0,3791,29046,13997,0,0,21395,12594,0,10108,0,18246,30224,0,14475,0,0,0,19370,0,12835,8698,0,0,12869,0,0,8674,14576,8606,14781,0,0,0,0,0,6235,7029,0,0,5497,0,9871,0,0,0,6128,0,16320,0,0,2114,29556,0,0,10006,3900,12857,0,8578,0,0,7908,11406,16393,0,10535,5495,23662,4107,0,15743,13030,0,13337,20728,12949,0,0,6982,0,0,0,0,0,0,0,7419,0,0,11003,4377,0,0,19635,13724,0,14741,0,4058,0,25432,0,3314,0,7675,13484,27216,0,0,0,0,20166,7839,0,0,18028,8770,0,0,23341,0,20701,0,25006,0,0,0,11063,0,14920,8800,15043,23325,0,0,8653,8675,0,6798,0,0,0,8637,9840,0,0,0,0,0,0,0,5518,11557,0,29882,0,9556,11055,3865,0,11616,0,17737,4838,23835,0,0,15495,14306,0,14799,0,14887,10928,0,0,4908,6842,0,29065,7593,8686,18945
"A6_TF2",0,0,0,31840,0,31619,37463,19570,0,0,11523,0,0,25615,25549,21656,0,14483,0,30753,18042,0,39686,0,0,0,14358,0,0,0,0,34233,24698,0,17330,19370,0,0,12070,76308,30213,0,21795,0,0,0,0,34612,18556,34658,26030,0,0,0,35433,28402,0,0,0,45099,12706,0,0,0,0,26659,26915,19330,0,0,0,0,30096,31125,36439,0,42646,0,0,22638,32350,0,37856,0,0,24675,0,31362,0,0,12121,33846,0,0,21492,0,31475,32094,24895,0,0,0,37627,25058,0,0,39297,0,0,31389,0,0,26575,0,0,26010,22443,0,32858,0,23162,26962,0,15066,0,0,37591,31444,0,0,39989,31561,30249,0,0,21428,34054,39859,0,21544,16071,0,0,0,15201,0,0,0,14858,26709,0,0,25949,0,31496,31654,0,36937,17174,0,28618,37692,31452,18764,0,0,21876,0,21235,0,0,24693,0,0,0,39768,26703,31225,26856,42465,26761,22682,0,0,20313,25413,0,0,22236,0,45748,11786,24934,0,23717,0,0,16921,0,0,16679,0,0,0,40020,28670,0,0,0,24851,0,26073,26693,0,39991,0,20647,0,0,22014,30171,26732,0,18476,0,25064,32106,21495,25987,30001,24950,27107,0,19803,0,39767,32822,25050,11393,34600,24734,0,0,0,37657,0,28973,0,0,0,26062,20278,0,0,0,0,0,18651,24877,43073,0,19320,34960,0,0,31143,0,0,0,29827,0,15314,43019,23212,0,0,32382,22089,0,40217,0,30550,44798,0,26998,0,0,0,17346,0,30538,14304,0,0,31469,0,0,19608,26904,38322,26983,0,0,0,0,0,11932,17935,0,0,22569,0,11252,0,0,0,16899,0,35350,0,0,28528,44369,0,0,11545,18286,31837,0,37977,0,0,37513,25518,32866,0,30001,22350,33144,24315,0,32855,22964,0,31946,38289,23901,0,0,9998,0,0,0,0,0,0,0,21409,0,0,24849,20196,0,0,37569,32046,0,27401,0,12654,0,36593,0,20416,0,15854,31981,46244,0,0,0,0,22610,16908,0,0,15553,14424,0,0,32228,0,38293,0,37319,0,0,0,24780,0,27541,25007,35281,39365,0,0,26193,19680,0,19369,0,0,0,19678,11606,0,0,0,0,0,0,0,22704,25135,0,44265,0,24908,30298,15328,0,25305,0,13219,20343,42904,0,0,30545,23111,0,27379,0,27564,24632,0,0,18050,20023,0,43395,17174,34703,31845
"A7_TF1",54581,38204,39579,0,36923,0,0,0,37324,34692,0,37957,46740,0,0,0,46856,0,33795,0,0,40009,0,39775,39058,41606,0,42612,34873,45716,35254,0,0,30460,0,0,48922,39848,0,0,0,25950,0,37450,41383,31341,43701,0,0,0,0,33827,33059,30962,0,0,30510,35985,35602,0,0,37548,41040,42761,40285,0,0,0,39901,30384,32632,34941,0,0,0,41301,0,40716,38952,0,0,42450,0,37484,38295,0,39027,0,29985,42770,0,0,42373,37727,0,42695,0,0,0,32668,29662,44130,0,0,40007,33021,0,37082,45916,0,45768,48856,0,42187,35655,0,0,45239,0,28043,0,0,45417,0,36351,33257,0,0,43163,41991,0,0,0,34609,38381,0,0,0,37567,0,0,50708,36800,47222,0,36570,41360,48512,0,0,37655,36090,0,42347,0,0,51409,0,0,34825,0,0,0,0,36029,35975,0,37708,0,41220,41045,0,32422,39158,43932,0,0,0,0,0,0,0,34551,35279,0,0,51303,36547,0,41307,0,0,0,39649,0,42337,34008,0,39106,46509,0,31154,48353,37202,0,0,37869,26661,40396,0,43357,0,0,47849,0,35149,0,46080,40783,0,0,0,43972,0,31598,0,0,0,0,0,0,0,45329,0,35865,0,0,0,0,0,0,36656,30795,42891,0,37702,0,36195,37987,39714,0,0,45047,29071,24312,42826,36986,0,0,0,27367,0,0,41607,40495,0,36965,31777,31765,0,42107,0,0,0,46134,35850,0,0,33824,0,40085,0,0,46619,0,42723,29782,36136,0,38109,0,0,42333,36028,0,42700,43877,0,0,0,0,39874,48091,29825,43669,61682,0,0,42061,38457,0,44947,0,39427,44469,36058,0,35440,0,32523,40939,0,0,36811,32583,0,0,0,46967,0,35518,37280,0,0,0,44215,0,0,0,0,36330,0,0,45527,0,0,0,43025,41797,0,36633,41809,38905,35726,29942,39753,35107,0,27271,35749,0,0,37503,45352,0,0,45719,0,39239,0,30396,0,42909,0,40579,0,0,0,35721,20060,41845,29462,0,0,36891,43865,0,0,39047,39305,0,37507,0,35878,0,26164,29958,40554,0,39176,0,0,0,0,39280,40086,0,0,35652,0,33428,35343,50661,0,0,35175,36904,32584,43123,32402,32090,38145,0,0,35473,0,24966,0,0,0,45813,0,41842,0,0,0,44034,41341,0,0,53935,0,40531,0,0,30104,43748,0,0,33267,0,0,0,0
"A7_TF2",25124,21451,21964,0,24607,0,0,0,28673,11350,0,22086,17694,0,0,0,35441,0,16064,0,0,23548,0,22773,28167,22692,0,28614,14724,22775,17143,0,0,18001,0,0,23256,20319,0,0,0,19087,0,21999,19041,14583,13373,0,0,0,0,16167,16833,22445,0,0,23808,20456,10532,0,0,27060,31803,18068,20284,0,0,0,25439,18991,13794,14222,0,0,0,27998,0,18945,20902,0,0,31565,0,17599,14899,0,19927,0,19908,21287,0,0,30852,14249,0,17736,0,0,0,20757,13002,23740,0,0,16608,26075,0,16021,21178,0,24347,29124,0,26154,24284,0,0,20774,0,24168,0,0,24835,0,18176,19059,0,0,16095,32221,0,0,0,27081,4751,0,0,0,19184,0,0,28061,16950,28181,0,27822,20713,27015,0,0,25060,21360,0,17966,0,0,25995,0,0,26817,0,0,0,0,21227,16975,0,27634,0,22734,18316,0,17096,16570,16054,0,0,0,0,0,0,0,41862,18422,0,0,19971,16288,0,25597,0,0,0,15819,0,15241,27765,0,18860,22979,0,27970,20042,22037,0,0,23610,17340,25510,0,26592,0,0,16861,0,15844,0,33133,16703,0,0,0,21841,0,23013,0,0,0,0,0,0,0,28832,0,19194,0,0,0,0,0,0,12510,23408,17434,0,17709,0,18766,16246,20974,0,0,23863,14474,21304,21885,11874,0,0,0,18935,0,0,24746,8962,0,21549,21127,22565,0,16549,0,0,0,22621,18377,0,0,20431,0,20304,0,0,18173,0,27429,13043,18385,0,17595,0,0,20580,25182,0,22402,21772,0,0,0,0,29478,20213,11841,13337,26515,0,0,22672,24149,0,25007,0,18669,30220,18776,0,32846,0,17354,25334,0,0,14556,21382,0,0,0,25870,0,21499,24019,0,0,0,28530,0,0,0,0,16975,0,0,23745,0,0,0,26906,20486,0,22998,10555,17524,19358,7395,25382,23369,0,26941,16927,0,0,17724,24461,0,0,19869,0,17727,0,15789,0,11130,0,17520,0,0,0,24046,16171,20055,17406,0,0,22880,21749,0,0,31711,24971,0,17658,0,28273,0,11609,25878,9179,0,31797,0,0,0,0,22917,11447,0,0,22018,0,20053,23230,21325,0,0,18040,26144,14597,25288,11553,16345,23863,0,0,24146,0,10209,0,0,0,24954,0,10341,0,0,0,15618,25727,0,0,30640,0,19799,0,0,7553,15495,0,0,26598,0,0,0,0
"left_A1_TF1",0,0,0,28318,0,38202,32686,16762,0,0,15390,0,0,21410,21583,8885,0,9859,0,23399,11196,0,30353,0,0,0,14589,0,0,0,0,32745,19758,0,5972,19986,0,0,14835,30752,33209,0,8190,0,0,0,0,32422,15045,24506,27969,0,0,0,28521,27221,0,0,0,35174,13373,0,0,0,0,19557,19200,15555,0,0,0,0,25834,22793,25747,0,33453,0,0,27749,28030,0,28368,0,0,19914,0,21970,0,0,15415,19465,0,0,18302,0,23871,34951,11311,0,0,0,31113,20067,0,0,41730,0,0,25281,0,0,26791,0,0,21556,22111,0,28559,0,19328,19369,0,13774,0,0,35995,21901,0,0,29857,16017,26065,0,0,11340,35092,30392,0,11467,13054,0,0,0,11261,0,0,0,13884,19402,0,0,19612,0,22054,20530,0,32085,13274,0,21500,32440,22142,7683,0,0,20192,0,11428,0,0,19653,0,0,0,26189,19555,25368,19397,26857,19398,19594,0,0,18923,32085,0,0,20215,0,34650,12890,20005,0,29738,0,0,11630,0,0,19719,0,0,0,33536,25927,0,0,0,17792,0,25420,19471,0,30468,0,14384,0,0,8973,26092,19820,0,14984,0,22767,30133,11554,21634,26164,19964,19878,0,15573,0,33744,23524,10678,15491,24736,28280,0,0,0,39208,0,27787,0,0,0,21485,12530,0,0,0,0,0,16124,20256,25999,0,22659,32579,0,0,38604,0,0,0,23834,0,13630,33416,19585,0,0,34101,20469,0,33892,0,17994,36381,0,19762,0,0,0,18749,0,25802,13204,0,0,25371,0,0,19988,20072,28341,19809,0,0,0,0,0,13394,21404,0,0,9029,0,15508,0,0,0,11497,0,34441,0,0,26174,30637,0,0,15282,9192,25928,0,28733,0,0,25787,19650,38494,0,25990,9050,28907,15422,0,24069,27735,0,22505,40180,29804,0,0,14487,0,0,0,0,0,0,0,11578,0,0,23006,6719,0,0,39558,35140,0,19806,0,12678,0,33166,0,16560,0,13686,22328,25137,0,0,0,0,22101,12790,0,0,19400,13166,0,0,24839,0,40308,0,31230,0,0,0,22945,0,19898,20199,23009,35485,0,0,11600,19894,0,16271,0,0,0,19830,15576,0,0,0,0,0,0,0,9068,10601,0,35337,0,17687,25847,13660,0,10547,0,12919,16914,27213,0,0,20546,19425,0,20133,0,20078,22874,0,0,12805,18136,0,33543,7643,19894,18880
"left_A1_TF2",0,0,0,7286,0,15854,15556,2167,0,0,2304,0,0,11099,11228,2011,0,1377,0,14755,1917,0,13383,0,0,0,3218,0,0,0,0,5353,2947,0,2593,4364,0,0,5330,17701,17183,0,5994,0,0,0,0,20297,4541,12060,18217,0,0,0,21344,5358,0,0,0,15219,1297,0,0,0,0,6582,6605,2504,0,0,0,0,8727,23838,19776,0,16733,0,0,7803,7465,0,5038,0,0,3162,0,7689,0,0,5345,2714,0,0,2047,0,11647,14235,4381,0,0,0,21485,3144,0,0,21961,0,0,6534,0,0,10849,0,0,8863,7940,0,15605,0,7765,6695,0,2535,0,0,19869,7586,0,0,25331,3498,8831,0,0,3801,16719,13286,0,3871,1197,0,0,0,2359,0,0,0,3269,6720,0,0,18230,0,7666,11905,0,15518,7057,0,15582,15724,7868,3106,0,0,6667,0,3761,0,0,3008,0,0,0,19097,6621,6377,6689,16344,6681,1972,0,0,3785,7309,0,0,6758,0,22506,1915,3154,0,5321,0,0,4247,0,0,7017,0,0,0,3138,6740,0,0,0,10457,0,8679,6492,0,13302,0,3109,0,0,1981,8740,6815,0,4664,0,11324,19483,3715,8865,8925,3101,6554,0,3503,0,3139,24809,6868,2307,26181,7458,0,0,0,17021,0,11408,0,0,0,8736,1669,0,0,0,0,0,1996,3212,20742,0,4834,20618,0,0,15696,0,0,0,8863,0,2524,16813,7934,0,0,11216,6727,0,3178,0,2907,15291,0,6588,0,0,0,12039,0,3047,9784,0,0,6476,0,0,4422,6699,5160,6676,0,0,0,0,0,1830,1591,0,0,2029,0,2267,0,0,0,4305,0,19649,0,0,6842,25107,0,0,2306,2923,6649,0,5162,0,0,9559,2444,14579,0,8966,1997,15713,1476,0,9930,7900,0,7822,21556,5407,0,0,3118,0,0,0,0,0,0,0,3809,0,0,11092,1870,0,0,17119,14311,0,6695,0,1733,0,24158,0,3806,0,9952,7751,17477,0,0,0,0,7967,1391,0,0,4532,9833,0,0,18220,0,21917,0,21714,0,0,0,11030,0,6933,3132,5705,21527,0,0,3680,4468,0,2179,0,0,0,4288,2267,0,0,0,0,0,0,0,2055,6699,0,14887,0,2349,8893,2539,0,6823,0,6131,2823,16585,0,0,8997,7939,0,6870,0,6815,11334,0,0,3173,5204,0,16653,2426,2845,3012
"left_A1_TF3",0,0,0,32879,0,31446,33738,35468,0,0,16897,0,0,35717,35576,27911,0,19981,0,31865,27248,0,45906,0,0,0,19575,0,0,0,0,28159,22392,0,23926,30154,0,0,21782,40463,33891,0,20146,0,0,0,0,31106,14290,49340,40039,0,0,0,32990,38355,0,0,0,43806,17066,0,0,0,0,31488,31685,24831,0,0,0,0,35412,41759,43740,0,33021,0,0,28996,33290,0,29279,0,0,22618,0,38428,0,0,21677,26565,0,0,31056,0,32057,34481,23999,0,0,0,46288,22486,0,0,38376,0,0,37693,0,0,30301,0,0,39915,32743,0,23579,0,26275,31823,0,17578,0,0,39366,38154,0,0,32140,30133,35652,0,0,18038,41218,45978,0,17920,28974,0,0,0,28572,0,0,0,19991,31692,0,0,35550,0,38401,30980,0,39567,22603,0,38766,33358,38306,22696,0,0,16711,0,17950,0,0,22682,0,0,0,45391,32012,37319,31660,41158,32003,18788,0,0,20347,26295,0,0,16652,0,44572,27499,22657,0,43307,0,0,30440,0,0,36563,0,0,0,29644,32527,0,0,0,34248,0,30356,31788,0,46120,0,17735,0,0,28219,35539,31838,0,14154,0,31060,51055,17994,39836,36066,22839,32548,0,17461,0,29612,43532,24457,16798,46216,27092,0,0,0,35803,0,39521,0,0,0,39606,18833,0,0,0,0,0,22286,22691,37501,0,23790,31489,0,0,31865,0,0,0,35295,0,17351,33109,26496,0,0,35630,16907,0,29312,0,25182,44196,0,32204,0,0,0,29688,0,32765,21520,0,0,37256,0,0,30342,32469,29191,32365,0,0,0,0,0,27228,19515,0,0,28860,0,16788,0,0,0,30428,0,39986,0,0,32775,38778,0,0,17144,12368,38546,0,29170,0,0,36229,24277,38287,0,35860,28749,23888,25139,0,30899,29505,0,39112,32072,42586,0,0,13869,0,0,0,0,0,0,0,17972,0,0,30695,15076,0,0,35500,34775,0,32352,0,22454,0,42236,0,23394,0,28045,38771,45515,0,0,0,0,32612,24070,0,0,32368,21419,0,0,37529,0,32595,0,46097,0,0,0,30886,0,32331,22554,35854,41886,0,0,13325,30230,0,29029,0,0,0,30205,16783,0,0,0,0,0,0,0,28825,24580,0,47968,0,29852,35998,17462,0,24559,0,24057,29081,41803,0,0,38205,26332,0,32752,0,33004,31107,0,0,18027,14433,0,33327,8836,26957,26018
"left_A1_TF4",0,0,0,7068,0,21519,17541,2457,0,0,3198,0,0,6621,6769,4315,0,1760,0,12468,4080,0,24057,0,0,0,3529,0,0,0,0,4044,3485,0,3314,4403,0,0,4501,14434,12493,0,4380,0,0,0,0,11201,4422,15413,22508,0,0,0,14813,9940,0,0,0,28024,5161,0,0,0,0,5510,5465,3540,0,0,0,0,7001,18361,18480,0,17900,0,0,1700,7021,0,3759,0,0,3472,0,4767,0,0,4640,5186,0,0,2793,0,16018,12050,6656,0,0,0,16746,3544,0,0,16290,0,0,2805,0,0,10516,0,0,8241,10926,0,10712,0,7257,5540,0,3698,0,0,20079,4739,0,0,19457,4134,6910,0,0,4398,21353,24127,0,4411,3772,0,0,0,1607,0,0,0,2474,5484,0,0,7546,0,4749,6539,0,20497,2635,0,13222,17662,4983,4444,0,0,857,0,4357,0,0,3482,0,0,0,22555,5484,2791,5316,19643,5415,3788,0,0,2301,8481,0,0,820,0,18892,4202,3459,0,6033,0,0,1921,0,0,5914,0,0,0,4133,2671,0,0,0,8856,0,11602,5472,0,24028,0,3314,0,0,4379,6886,5382,0,4565,0,8986,16971,4372,8427,6862,3507,5456,0,9014,0,4000,18973,2027,3152,20088,16296,0,0,0,20957,0,14420,0,0,0,8264,1162,0,0,0,0,0,2344,3653,14442,0,3864,11375,0,0,21582,0,0,0,9462,0,3667,17978,7431,0,0,19997,840,0,4056,0,8233,27718,0,5498,0,0,0,15153,0,1945,3213,0,0,2855,0,0,4486,5447,3733,5509,0,0,0,0,0,4221,4984,0,0,4463,0,3137,0,0,0,1894,0,13841,0,0,2800,14912,0,0,3093,1352,2829,0,3810,0,0,7422,1967,4890,0,6995,4388,10768,2990,0,6430,1758,0,4939,17171,5919,0,0,2492,0,0,0,0,0,0,0,4394,0,0,9035,2442,0,0,20984,12356,0,5560,0,1696,0,23307,0,1645,0,2976,4951,19814,0,0,0,0,10788,4891,0,0,4168,3231,0,0,16326,0,17063,0,16511,0,0,0,9299,0,5692,3493,11750,21314,0,0,2132,4490,0,1437,0,0,0,4503,3080,0,0,0,0,0,0,0,4459,1972,0,27130,0,5129,6973,3668,0,1891,0,7916,3750,20270,0,0,13015,7364,0,5620,0,5691,8995,0,0,1775,7308,0,18032,3221,5361,8790
"left_B1_TF1",0,0,0,9731,0,19243,19434,13970,0,0,8766,0,0,15953,16134,10742,0,6228,0,16075,6194,0,22372,0,0,0,2338,0,0,0,0,14750,14991,0,6143,15450,0,0,8058,0,14384,0,8476,0,0,0,0,14659,8532,17094,25286,0,0,0,25403,13728,0,0,0,0,12928,0,0,0,0,20681,20808,11143,0,0,0,0,6980,16909,16849,0,24177,0,0,13590,9826,0,5463,0,0,14978,0,15161,0,0,8079,11624,0,0,5898,0,20417,15271,12285,0,0,0,21594,14773,0,0,25957,0,0,9670,0,0,18181,0,0,8027,10312,0,16447,0,14076,20904,0,4816,0,0,28453,15184,0,0,22247,11663,6931,0,0,3832,19349,22740,0,3800,6640,0,0,0,5796,0,0,0,15318,20831,0,0,16326,0,15014,11641,0,21968,7836,0,26641,19715,15302,4603,0,0,3787,0,3903,0,0,15085,0,0,0,20817,20647,9652,20821,22120,21034,5107,0,0,10711,12842,0,0,3778,0,20151,11799,15243,0,15873,0,0,7830,0,0,3216,0,0,0,12545,16821,0,0,0,12662,0,11571,20879,0,22740,0,5502,0,0,10697,7106,20839,0,8659,0,13795,26268,3835,8072,6947,14859,21312,0,10994,0,12513,17425,6284,8727,18441,15980,0,0,0,20885,0,25753,0,0,0,8037,8049,0,0,0,0,0,5180,15094,28712,0,2505,14697,0,0,18997,0,0,0,9620,0,4887,24242,13951,0,0,12253,3700,0,12614,0,13015,0,0,21095,0,0,0,15001,0,7781,2496,0,0,9587,0,0,15860,21162,5506,21301,0,0,0,0,0,11625,7960,0,0,10834,0,8596,0,0,0,7905,0,19393,0,0,16497,26499,0,0,8866,8597,9676,0,5376,0,0,16083,8728,13571,0,7116,11018,16625,8108,0,16302,13855,0,15257,20523,15912,0,0,9953,0,0,0,0,0,0,0,3783,0,0,13819,7614,0,0,20970,15299,0,21243,0,8590,0,24530,0,3558,0,4001,15308,21895,0,0,0,0,10357,3807,0,0,7545,2389,0,0,20471,0,19942,0,21387,0,0,0,13764,0,21256,15099,17784,21567,0,0,4495,15823,0,6069,0,0,0,15885,8735,0,0,0,0,0,0,0,10891,6364,0,0,0,9993,7169,4857,0,6312,0,5936,5439,22758,0,0,15233,13793,0,21152,0,21552,13807,0,0,4816,5829,0,24503,9029,11558,13636
"left_B1_TF2",0,0,0,32918,0,34269,33195,19970,0,0,18738,0,0,39048,38793,13970,0,14657,0,31420,18060,0,38526,0,0,0,16543,0,0,0,0,33971,17860,0,12794,19983,0,0,21525,0,31362,0,19911,0,0,0,0,25140,17953,34200,28452,0,0,0,26464,27023,0,0,0,0,24566,0,0,0,0,32068,31983,19603,0,0,0,0,20653,21990,43831,0,27893,0,0,43111,32921,0,27068,0,0,17894,0,23870,0,0,21888,28661,0,0,23782,0,25121,30487,14681,0,0,0,33004,17945,0,0,30412,0,0,31449,0,0,30383,0,0,27346,39348,0,26041,0,24375,32153,0,28202,0,0,32015,23684,0,0,35110,21879,20724,0,0,18973,36260,38994,0,18928,13339,0,0,0,18699,0,0,0,11459,32170,0,0,23326,0,23958,19112,0,27998,13159,0,32207,33556,23692,12383,0,0,21721,0,19242,0,0,17870,0,0,0,37273,32594,31921,32646,40149,32102,17689,0,0,20198,35392,0,0,21572,0,37984,21592,17805,0,32715,0,0,18945,0,0,17344,0,0,0,35322,22896,0,0,0,23818,0,31162,32262,0,38935,0,12208,0,0,14066,20647,32510,0,17856,0,32540,31520,19148,27595,20674,17817,32641,0,16170,0,35202,22682,8270,18765,23644,24779,0,0,0,31645,0,39112,0,0,0,27378,16624,0,0,0,0,0,19939,18042,32994,0,16904,25280,0,0,34376,0,0,0,25763,0,28429,27901,24216,0,0,33217,21585,0,35172,0,31089,0,0,32562,0,0,0,35505,0,16761,24534,0,0,31976,0,0,19926,32983,27686,32583,0,0,0,0,0,21660,20131,0,0,14380,0,18846,0,0,0,18944,0,34032,0,0,22985,43682,0,0,18529,22401,32394,0,27285,0,0,30090,19910,21282,0,20709,14505,25973,20741,0,31323,43146,0,24167,37144,32287,0,0,22207,0,0,0,0,0,0,0,18773,0,0,32016,20726,0,0,31378,30653,0,32906,0,19125,0,34780,0,11768,0,29671,24409,37195,0,0,0,0,38917,20488,0,0,28381,24449,0,0,36070,0,37011,0,33177,0,0,0,32036,0,33026,17943,31140,39919,0,0,20318,20142,0,24466,0,0,0,20012,18786,0,0,0,0,0,0,0,14444,8339,0,0,0,40903,20514,28384,0,8425,0,12738,36224,41050,0,0,28255,24222,0,33257,0,33119,32111,0,0,22046,25967,0,28454,12369,28717,32114
"left_B1_TF3",0,0,0,13158,0,20895,14686,7821,0,0,8403,0,0,8317,8381,2615,0,4083,0,17338,3926,0,23892,0,0,0,4838,0,0,0,0,11049,7263,0,3017,12204,0,0,5146,0,12471,0,7090,0,0,0,0,12566,3897,10678,19643,0,0,0,17673,17813,0,0,0,0,4291,0,0,0,0,11237,11193,3727,0,0,0,0,8339,16010,17785,0,23635,0,0,11773,13264,0,12029,0,0,7143,0,10710,0,0,5319,6359,0,0,2739,0,14684,13833,5152,0,0,0,20944,6927,0,0,25297,0,0,15056,0,0,11966,0,0,10915,19121,0,15429,0,6816,11129,0,5841,0,0,15764,10742,0,0,22675,8524,8433,0,0,3401,25379,23809,0,3323,3151,0,0,0,5397,0,0,0,6461,11205,0,0,12201,0,10736,16078,0,15630,3997,0,13167,14661,10773,6820,0,0,2502,0,3339,0,0,7134,0,0,0,22920,11249,14657,11195,23138,11460,3946,0,0,5519,12231,0,0,2548,0,20442,5332,7126,0,6649,0,0,7441,0,0,4049,0,0,0,11424,11701,0,0,0,15272,0,10694,11164,0,23973,0,6428,0,0,2712,8497,11192,0,3806,0,9567,19791,3373,10947,8314,7097,11427,0,6538,0,11525,16673,6918,8576,17628,13052,0,0,0,9519,0,20976,0,0,0,10828,5244,0,0,0,0,0,7078,7202,15632,0,4865,12470,0,0,20784,0,0,0,10686,0,5961,24104,6900,0,0,12847,2519,0,11491,0,4443,0,0,11267,0,0,0,14492,0,2193,3639,0,0,14741,0,0,12330,11321,11861,11216,0,0,0,0,0,5268,6851,0,0,2742,0,8584,0,0,0,7428,0,20285,0,0,11749,15995,0,0,8699,2194,15238,0,12137,0,0,12217,4472,14172,0,8590,2755,15955,5280,0,13622,12120,0,10795,29790,6807,0,0,1928,0,0,0,0,0,0,0,3490,0,0,9740,5837,0,0,9710,13729,0,11489,0,7548,0,22806,0,3227,0,8415,10879,17538,0,0,0,0,19041,5085,0,0,3041,3697,0,0,15177,0,29824,0,21145,0,0,0,9756,0,11459,7214,18049,18557,0,0,7475,12288,0,7669,0,0,0,12314,8676,0,0,0,0,0,0,0,2796,6880,0,0,0,6782,8570,6022,0,6848,0,11638,3747,23572,0,0,6440,6727,0,11343,0,11463,9638,0,0,4918,5160,0,24098,4846,6347,4595
"left_B2_TF1",0,0,0,49276,0,42882,39475,34537,0,0,35714,0,0,47365,46841,40712,0,24609,0,35550,35080,0,37818,0,0,0,35107,0,0,0,0,36288,27140,0,36989,29223,0,0,21234,0,40095,0,22838,0,0,0,0,696,33176,40102,2158,0,0,0,44720,34501,0,0,0,0,25975,0,0,0,0,37744,37357,42874,0,0,0,0,45982,4509,46738,0,44363,0,0,45687,49411,0,33360,0,0,26990,0,25423,0,0,21271,46539,0,0,26431,0,43396,41626,23770,0,0,0,42574,27259,0,0,34593,0,0,46129,0,0,38989,0,0,47271,32213,0,49997,0,57871,37544,0,43320,0,0,45641,25690,0,0,32604,43416,46151,0,0,35128,40145,38310,0,35219,31638,0,0,0,24512,0,0,0,28669,37561,0,0,32093,0,25697,44654,0,7540,30535,0,38710,39176,25657,27645,0,0,31496,0,34830,0,0,27584,0,0,0,28532,37299,46128,37561,46485,37574,35857,0,0,33576,47353,0,0,31947,0,33276,26118,27306,0,60526,0,0,28237,0,0,49348,0,0,0,33879,32740,0,0,0,55396,0,43208,37689,0,37987,0,25975,0,0,41039,45817,37705,0,33665,0,38056,55361,35141,47340,45857,27318,37524,0,28826,0,34078,4610,22067,35951,4860,37985,0,0,0,42057,0,53858,0,0,0,47319,32958,0,0,0,0,0,34987,27451,39567,0,29345,702,0,0,43176,0,0,0,37667,0,43474,44857,57631,0,0,42990,32062,0,34067,0,38500,0,0,38144,0,0,0,60074,0,34426,38418,0,0,45865,0,0,29012,38046,33847,38297,0,0,0,0,0,26109,27010,0,0,41395,0,35818,0,0,0,28955,0,47344,0,0,32902,52171,0,0,36141,29837,46863,0,34015,0,0,48713,24040,43168,0,46277,42099,50533,41276,0,38665,46736,0,25929,39427,60568,0,0,34365,0,0,0,0,0,0,0,34971,0,0,37917,42511,0,0,42400,41564,0,38368,0,29301,0,39997,0,36624,0,35793,25872,48985,0,0,0,0,32258,27160,0,0,42363,38604,0,0,50710,0,39531,0,42498,0,0,0,38071,0,38520,27168,36730,41142,0,0,42151,29050,0,45442,0,0,0,29285,36036,0,0,0,0,0,0,0,41808,22042,0,0,0,53897,46366,43548,0,22319,0,26842,50087,47367,0,0,49679,58151,0,38786,0,38811,37890,0,0,44801,30549,0,44709,26289,46984,39237
"left_C1_TF1",0,0,0,0,0,0,2457,0,0,0,0,0,0,0,0,0,0,0,0,0,0,0,304,0,0,0,0,0,0,0,0,0,0,0,0,0,0,0,0,0,0,0,0,0,0,0,0,0,0,29,0,0,0,0,0,0,0,0,0,0,0,0,0,0,0,0,0,0,0,0,0,0,0,0,8511,0,108,0,0,0,0,0,0,0,0,0,0,0,0,0,0,0,0,0,0,0,0,0,0,0,0,0,589,0,0,0,64,0,0,0,0,0,0,0,0,0,0,0,0,0,0,0,0,0,0,0,115,0,0,0,108,0,0,0,0,0,40,325,0,0,0,0,0,0,0,0,0,0,0,0,0,0,0,0,0,0,0,0,0,0,0,2386,0,0,0,0,0,0,0,0,0,0,0,0,0,83,0,0,0,0,0,0,0,0,0,0,0,0,0,0,144,0,0,0,0,0,0,0,0,0,0,0,0,0,0,0,0,0,0,0,0,0,0,0,290,0,0,0,0,0,0,0,0,0,0,0,37,0,0,0,0,0,0,0,0,0,0,0,0,0,0,0,0,0,6056,0,121,0,0,0,0,0,0,0,0,0,0,0,0,2334,0,0,0,0,0,0,0,0,0,0,0,0,114,0,0,0,0,0,0,0,0,0,0,0,0,0,0,0,0,0,0,0,0,0,0,0,0,0,0,0,0,0,0,0,0,0,0,0,0,0,0,0,0,0,0,0,0,0,0,0,0,0,26,0,0,0,0,0,0,0,0,0,0,0,0,0,0,0,0,0,0,0,0,0,0,1617,0,0,0,0,0,0,0,0,0,0,0,0,0,0,0,0,0,0,6031,0,0,0,0,0,0,240,0,0,0,0,0,0,0,0,0,0,0,0,0,0,0,0,0,0,0,0,1681,0,655,0,0,0,0,0,0,0,0,820,0,0,0,0,0,0,0,0,0,0,0,0,0,0,0,0,0,0,0,0,0,0,0,0,0,0,0,0,0,0,0,0,0,0,0,0,0,0,0,0,0,0,0,0,0,0,100,0,0,0
"left_C2_TF1",0,0,0,0,0,0,0,0,0,0,0,0,0,0,0,0,0,0,0,0,0,0,0,0,0,0,0,0,0,0,0,0,0,0,0,0,0,0,0,0,0,0,0,0,0,0,0,0,0,0,0,0,0,0,0,0,0,0,0,0,0,0,0,0,0,0,0,0,0,0,0,0,0,0,0,0,0,0,0,0,0,0,0,0,0,0,0,0,0,0,0,0,0,0,0,0,0,0,0,0,0,0,0,0,0,0,0,0,0,0,0,0,0,0,0,0,0,0,0,0,0,0,0,0,0,0,0,0,0,0,0,0,0,0,0,0,0,0,0,0,0,0,0,0,0,0,0,0,0,0,0,0,0,0,0,0,0,0,0,0,0,0,0,0,0,0,0,0,0,0,0,0,0,0,0,0,0,0,0,0,0,0,0,0,0,0,0,0,0,0,0,0,0,0,0,0,0,0,0,0,0,0,0,0,0,0,0,0,0,0,0,0,0,0,0,0,0,0,0,0,0,0,0,0,0,0,0,0,0,0,0,0,0,0,0,0,0,0,0,0,0,0,0,0,0,0,0,0,0,0,0,0,0,0,0,0,0,0,0,0,0,0,0,0,0,0,0,0,0,0,0,0,0,0,0,0,0,0,0,0,0,0,0,0,0,0,0,0,0,0,0,0,0,0,0,0,0,0,0,0,0,0,0,0,0,0,0,0,0,0,0,0,0,0,0,0,0,0,0,0,0,0,0,0,0,0,0,0,0,0,0,0,0,0,0,0,0,0,0,0,0,0,0,0,0,0,0,0,0,0,0,0,0,0,0,0,0,0,0,0,0,0,0,0,0,0,0,0,0,0,0,0,0,0,0,0,0,0,0,0,0,0,0,0,0,0,0,0,0,0,0,0,0,0,0,0,0,0,0,0,0,0,0,0,0,0,0,0,0,0,0,0,0,0,0,0,0,0,0,0,0,0,0,0,0,0,0,0,0,0,0,0,0,0,0,0,0,0,0,0,0,0,0,0,0,0,0,0,0,0,0,0,0,0
"left_C2_TF2",0,0,0,0,0,0,0,0,0,0,0,0,0,0,0,0,0,0,0,0,0,0,0,0,0,0,0,0,0,0,0,0,0,0,0,0,0,0,0,0,0,0,0,0,0,0,0,0,0,0,0,0,0,0,0,0,0,0,0,0,0,0,0,0,0,0,0,0,0,0,0,0,0,0,0,0,0,0,0,0,0,0,0,0,0,0,0,0,0,0,0,0,0,0,0,0,0,0,0,0,0,0,0,0,0,0,0,0,0,0,0,0,0,0,0,0,0,0,0,0,0,0,0,0,0,0,0,0,0,0,0,0,0,0,0,0,0,0,0,0,0,0,0,0,0,0,0,0,0,0,0,0,0,0,0,0,0,0,0,0,0,0,0,0,0,0,0,0,0,0,0,0,0,0,0,0,0,0,0,0,0,0,0,0,0,0,0,0,0,0,0,0,0,0,0,0,0,0,0,0,0,0,0,0,0,0,0,0,0,0,0,0,0,0,0,0,0,0,0,0,0,0,0,0,0,0,0,0,0,0,0,0,0,0,0,0,0,0,0,0,0,0,0,0,0,0,0,0,0,0,0,0,0,0,0,0,0,0,0,0,0,0,0,0,0,0,0,0,0,0,0,0,0,0,0,0,0,0,0,0,0,0,0,0,0,0,0,0,0,0,0,0,0,0,0,0,0,0,0,0,0,0,0,0,0,0,0,0,0,0,0,0,0,0,0,0,0,0,0,0,0,0,0,0,0,0,0,0,0,0,0,0,0,0,0,0,0,0,0,0,0,0,0,0,0,0,0,0,0,0,0,0,0,0,0,0,0,0,0,0,0,0,0,0,0,0,0,0,0,0,0,0,0,0,0,0,0,0,0,0,0,0,0,0,0,0,0,0,0,0,0,0,0,0,0,0,0,0,0,0,0,0,0,0,0,0,0,0,0,0,0,0,0,0,0,0,0,0,0,0,0,0,0,0,0,0,0,0,0,0,0,0,0,0,0,0,0,0,0,0,0,0,0,0,0,0,0,0,0,0,0,0,0,0
"left_C2_TF3",0,0,0,0,0,0,0,0,0,0,0,0,0,0,0,0,0,0,0,0,0,0,0,0,0,0,0,0,0,0,0,0,0,0,0,0,0,0,0,0,0,0,0,0,0,0,0,0,0,0,0,0,0,0,0,0,0,0,0,0,0,0,0,0,0,0,0,0,0,0,0,0,0,0,0,0,0,0,0,0,0,0,0,0,0,0,0,0,0,0,0,0,0,0,0,0,0,0,0,0,0,0,0,0,0,0,0,0,0,0,0,0,0,0,0,0,0,0,0,0,0,0,0,0,0,0,0,0,0,0,0,0,0,0,0,0,0,0,0,0,0,0,0,0,0,0,0,0,0,0,0,0,0,0,0,0,0,0,0,0,0,0,0,0,0,0,0,0,0,0,0,0,0,0,0,0,0,0,0,0,0,0,0,0,0,0,0,0,0,0,0,0,0,0,0,0,0,0,0,0,0,0,0,0,0,0,0,0,0,0,0,0,0,0,0,0,0,0,0,0,0,0,0,0,0,0,0,0,0,0,0,0,0,0,0,0,0,0,0,0,0,0,0,0,0,0,0,0,0,0,0,0,0,0,0,0,0,0,0,0,0,0,0,0,0,0,0,0,0,0,0,0,0,0,0,0,0,0,0,0,0,0,0,0,0,0,0,0,0,0,0,0,0,0,0,0,0,0,0,0,0,0,0,0,0,0,0,0,0,0,0,0,0,0,0,0,0,0,0,0,0,0,0,0,0,0,0,0,0,0,0,0,0,0,0,0,0,0,0,0,0,0,0,0,0,0,0,0,0,0,0,0,0,0,0,0,0,0,0,0,0,0,0,0,0,0,0,0,0,0,0,0,0,0,0,0,0,0,0,0,0,0,0,0,0,0,0,0,0,0,0,0,0,0,0,0,0,0,0,0,0,0,0,0,0,0,0,0,0,0,0,0,0,0,0,0,0,0,0,0,0,0,0,0,0,0,0,0,0,0,0,0,0,0,0,0,0,0,0,0,0,0,0,0,0,0,0,0,0,0,0,0,0,0
"left_C3_TF1",0,0,0,0,0,0,0,0,0,0,0,0,0,0,0,0,0,0,0,0,0,0,0,0,0,0,0,0,0,0,0,0,0,0,0,0,0,0,0,0,0,0,0,0,0,0,0,0,0,0,0,0,0,0,0,0,0,0,0,0,0,0,0,0,0,0,0,0,0,0,0,0,0,0,0,0,0,0,0,0,0,0,0,0,0,0,0,0,0,0,0,0,0,0,0,0,0,0,0,0,0,0,0,0,0,0,0,0,0,0,0,0,0,0,0,0,0,0,0,0,0,0,0,0,0,0,0,0,0,0,0,0,0,0,0,0,0,0,0,0,0,0,0,0,0,0,0,0,0,0,0,0,0,0,0,0,0,0,0,0,0,0,0,0,0,0,0,0,0,0,0,0,0,0,0,0,0,0,0,0,0,0,0,0,0,0,0,0,0,0,0,0,0,0,0,0,0,0,0,0,0,0,0,0,0,0,0,0,0,0,0,0,0,0,0,0,0,0,0,0,0,0,0,0,0,0,0,0,0,0,0,0,0,0,0,0,0,0,0,0,0,0,0,0,0,0,0,0,0,0,0,0,0,0,0,0,0,0,0,0,0,0,0,0,0,0,0,0,0,0,0,0,0,0,0,0,0,0,0,0,0,0,0,0,0,0,0,0,0,0,0,0,0,0,0,0,0,0,0,0,0,0,0,0,0,0,0,0,0,0,0,0,0,0,0,0,0,0,0,0,0,0,0,0,0,0,0,0,0,0,0,0,0,0,0,0,0,0,0,0,0,0,0,0,0,0,0,0,0,0,0,0,0,0,0,0,0,0,0,0,0,0,0,0,0,0,0,0,0,0,0,0,0,0,0,0,0,0,0,0,0,0,0,0,0,0,0,0,0,0,0,0,0,0,0,0,0,0,0,0,0,0,0,0,0,0,0,0,0,0,0,0,0,0,0,0,0,0,0,0,0,0,0,0,0,0,0,0,0,0,0,0,0,0,0,0,0,0,0,0,0,0,0,0,0,0,0,0,0,0,0,0,0,0
"left_C3_TF2",0,0,0,0,0,0,0,0,0,0,0,0,0,0,0,0,0,0,0,0,0,0,0,0,0,0,0,0,0,0,0,0,0,0,0,0,0,0,0,0,0,0,0,0,0,0,0,0,0,0,0,0,0,0,0,0,0,0,0,0,0,0,0,0,0,0,0,0,0,0,0,0,0,0,0,0,0,0,0,0,0,0,0,0,0,0,0,0,0,0,0,0,0,0,0,0,0,0,0,0,0,0,0,0,0,0,0,0,0,0,0,0,0,0,0,0,0,0,0,0,0,0,0,0,0,0,0,0,0,0,0,0,0,0,0,0,0,0,0,0,0,0,0,0,0,0,0,0,0,0,0,0,0,0,0,0,0,0,0,0,0,0,0,0,0,0,0,0,0,0,0,0,0,0,0,0,0,0,0,0,0,0,0,0,0,0,0,0,0,0,0,0,0,0,0,0,0,0,0,0,0,0,0,0,0,0,0,0,0,0,0,0,0,0,0,0,0,0,0,0,0,0,0,0,0,0,0,0,0,0,0,0,0,0,0,0,0,0,0,0,0,0,0,0,0,0,0,0,0,0,0,0,0,0,0,0,0,0,0,0,0,0,0,0,0,0,0,0,0,0,0,0,0,0,0,0,0,0,0,0,0,0,0,0,0,0,0,0,0,0,0,0,0,0,0,0,0,0,0,0,0,0,0,0,0,0,0,0,0,0,0,0,0,0,0,0,0,0,0,0,0,0,0,0,0,0,0,0,0,0,0,0,0,0,0,0,0,0,0,0,0,0,0,0,0,0,0,0,0,0,0,0,0,0,0,0,0,0,0,0,0,0,0,0,0,0,0,0,0,0,0,0,0,0,0,0,0,0,0,0,0,0,0,0,0,0,0,0,0,0,0,0,0,0,0,0,0,0,0,0,0,0,0,0,0,0,0,0,0,0,0,0,0,0,0,0,0,0,0,0,0,0,0,0,0,0,0,0,0,0,0,0,0,0,0,0,0,0,0,0,0,0,0,0,0,0,0,0,0,0,0,0,0,0
"left_C4_TF1",0,0,0,160,0,0,0,11044,0,0,10168,0,0,0,0,7817,0,11184,0,0,9285,0,0,0,0,0,5660,0,0,0,0,54,10349,0,6512,7170,0,0,7930,0,0,0,9744,0,0,0,0,0,13259,0,0,0,0,0,0,0,0,0,0,0,6649,0,0,0,0,54,41,13191,0,0,0,0,123,0,0,0,0,0,0,2153,159,0,1702,0,0,10342,0,101,0,0,8168,5600,0,0,17790,0,0,0,8462,0,0,0,0,10426,0,0,0,0,0,1150,0,0,0,0,0,355,0,0,0,0,208,47,0,4946,0,0,0,103,0,0,0,0,125,0,0,18211,0,0,0,18515,10071,0,0,0,16072,0,0,0,9658,41,0,0,0,0,85,0,0,0,9920,0,0,0,110,21398,0,0,18396,0,18168,0,0,10535,0,0,0,0,39,1161,54,0,32,13200,0,0,9288,0,0,0,18406,0,0,7648,10529,0,2689,0,0,10133,0,0,9475,0,0,0,2653,2689,0,0,0,0,0,0,41,0,0,0,5649,0,0,7826,119,37,0,13097,0,3941,0,18554,304,113,10494,43,0,7896,0,2619,0,7693,9871,0,0,0,0,0,0,0,0,0,0,0,302,16460,0,0,0,0,0,10260,10565,0,0,11717,0,0,0,0,0,0,0,0,0,4960,0,203,0,0,0,18459,0,2705,0,9361,0,0,44,0,0,0,0,0,9308,11513,0,0,1115,0,0,7032,41,1675,48,0,0,0,0,0,7583,8432,0,0,7880,0,10318,0,0,0,10125,0,0,0,0,2712,0,0,0,10053,14320,1177,0,1732,0,0,0,8059,284,0,103,7798,0,18022,0,1375,2235,0,107,0,2654,0,0,15790,0,0,0,0,0,0,0,18330,0,0,3964,14452,0,0,0,0,0,51,0,10194,0,0,0,7230,0,15521,117,0,0,0,0,0,0,11114,0,0,17904,11503,0,0,0,0,0,0,0,0,0,0,3882,0,51,10618,0,0,0,0,15854,7096,0,33503,0,0,0,7191,10127,0,0,0,0,0,0,0,7991,7674,0,0,0,13193,98,4980,0,7710,0,12281,12329,0,0,0,0,185,0,45,0,40,3867,0,0,15024,8786,0,0,8784,5581,9484
"left_C4_TF2",0,0,0,423,0,0,0,43326,0,0,44454,0,0,0,0,41273,0,53378,0,0,40805,0,0,0,0,0,38111,0,0,0,0,0,46814,0,38073,38529,0,0,55415,0,0,0,36954,0,0,0,0,0,41318,0,0,0,0,0,0,0,0,0,0,0,43148,0,0,0,0,79,61,55245,0,0,0,0,802,0,0,0,0,0,0,5006,441,0,26316,0,0,47183,0,206,0,0,55508,25116,0,0,49832,0,0,0,41620,0,0,0,0,47124,0,0,0,0,0,16460,0,0,0,0,0,443,0,0,0,0,237,81,0,35421,0,0,0,226,0,0,0,0,771,0,0,45313,0,0,0,44982,53734,0,0,0,50177,0,0,0,50397,65,0,0,0,0,206,0,0,0,48145,0,0,0,192,53223,0,0,45787,0,44994,0,0,46977,0,0,0,0,70,16637,63,0,72,54122,0,0,52704,0,0,0,45724,0,0,50088,46891,0,8780,0,0,39641,0,0,60406,0,0,0,6509,9825,0,0,0,0,0,0,76,0,0,0,53175,0,0,41654,748,55,0,41474,0,11488,0,45336,501,745,47125,61,0,44286,0,6437,0,25097,44138,0,0,0,0,0,0,0,0,0,0,0,502,58131,0,0,0,0,0,48757,46779,0,0,57460,0,0,0,0,0,0,0,0,0,35018,0,252,0,0,0,46243,0,6546,0,19228,0,0,61,0,0,0,0,0,46004,38889,0,0,16648,0,0,38413,81,26391,86,0,0,0,0,0,50400,47926,0,0,42201,0,44231,0,0,0,39668,0,0,0,0,9800,0,0,0,44380,55977,16902,0,26354,0,0,0,50774,622,0,797,42435,0,40091,0,3958,5239,0,226,0,8975,0,0,58754,0,0,0,0,0,0,0,44754,0,0,11511,59953,0,0,0,0,0,63,0,42715,0,0,0,44209,0,45379,191,0,0,0,0,0,0,36561,0,0,49433,39059,0,0,0,0,0,0,0,0,0,0,11389,0,64,47166,0,0,0,0,53166,38770,0,67832,0,0,0,38507,44289,0,0,0,0,0,0,0,42514,24951,0,0,0,70913,811,34867,0,25370,0,45881,60698,0,0,0,33,253,0,59,0,70,11471,0,0,45363,49328,0,0,46910,25393,19780
"left_D1_TF1",0,0,0,1132,0,15617,1329,0,0,0,0,0,0,29977,30007,0,0,0,0,23367,0,0,673,0,0,0,0,0,0,0,0,18285,0,0,0,0,0,0,0,0,18485,0,0,0,0,0,0,0,37,22934,0,0,0,0,12489,16201,0,0,0,0,0,0,0,0,0,12682,12615,0,0,0,0,0,1358,0,343,0,8358,0,0,48,1059,0,55,0,0,0,0,1805,0,0,0,69,0,0,0,0,25194,22593,0,0,0,0,3182,0,0,0,0,0,0,74,0,0,34539,0,0,1706,21091,0,28758,0,11094,13038,0,50,0,0,176,1734,0,0,110,17941,1304,0,0,0,1032,728,0,0,0,0,0,0,0,0,0,0,0,12959,0,0,14645,0,1871,27743,0,0,0,0,13939,1444,1781,0,0,0,41,0,0,0,0,0,0,0,0,106,12710,82,12967,5469,12799,0,0,0,0,25116,0,0,38,0,110,0,0,0,219,0,0,0,0,0,0,0,0,0,147,0,0,0,0,22482,0,26197,12813,0,720,0,0,0,0,0,1314,12960,0,44,0,56,7290,0,1651,1249,0,12949,0,0,0,158,0,0,0,0,20167,0,0,0,1522,0,8062,0,0,0,1722,0,0,0,0,0,0,0,0,2177,0,0,0,0,0,15440,0,0,0,21308,0,48,8471,11314,0,0,19241,44,0,165,0,59,0,0,13072,0,0,0,20005,0,0,0,0,0,78,0,0,0,12976,45,12865,0,0,0,0,0,0,0,0,0,0,0,0,0,0,0,0,0,16827,0,0,0,1747,0,0,0,0,90,0,66,0,0,13026,0,281,0,1329,0,29337,0,0,310,53,0,1825,312,247,0,0,0,0,0,0,0,0,0,0,0,0,0,65,0,0,0,1491,22891,0,12953,0,0,0,125,0,0,0,0,1794,7877,0,0,0,0,21118,0,0,0,0,0,0,0,16585,0,277,0,3247,0,0,0,51,0,13103,0,23076,249,0,0,0,0,0,0,0,0,0,0,0,0,0,0,0,0,0,0,0,0,0,0,0,0,1312,47,0,0,0,0,0,5355,0,0,16109,11255,0,13082,0,13259,65,0,0,0,0,0,8299,0,67,51
"left_D1_TF2",0,0,0,6117,0,20476,2858,0,0,0,41,0,0,39153,39575,0,0,0,0,29453,0,0,955,0,0,0,0,0,0,0,0,37437,0,0,0,73,0,0,0,0,30520,0,0,0,0,0,0,0,0,30167,0,0,0,0,28554,30778,0,0,0,0,0,0,0,0,0,9700,9885,0,0,0,0,0,8265,0,1370,0,9102,0,0,196,6213,0,119,0,0,0,0,11754,0,0,0,71,0,0,0,0,31558,30471,0,0,0,0,2750,0,0,0,612,0,0,331,0,0,36966,0,0,3524,25026,0,36595,0,11166,9803,0,76,0,0,3387,11482,0,0,86,36343,8446,0,0,0,2308,907,0,0,0,0,0,0,0,0,0,0,0,9574,0,0,35355,0,11620,36100,0,0,0,0,25755,2769,11490,0,0,0,0,0,0,0,0,0,0,0,0,96,9743,359,9894,11654,9683,0,0,0,0,32917,0,0,0,0,1662,0,0,0,316,0,0,0,0,0,0,0,0,0,366,130,0,0,0,27674,0,40976,9626,0,966,0,0,0,0,0,8387,9709,0,0,0,186,9190,0,3443,8520,0,9822,0,0,0,374,0,0,50,0,41975,0,0,0,1633,0,9826,0,0,0,3319,0,0,0,0,0,0,0,0,4930,0,0,0,0,0,20555,0,0,0,36883,0,94,8970,11307,0,0,35761,0,0,373,0,142,0,0,10052,0,0,0,34786,0,0,0,0,0,344,0,0,88,9817,142,9948,0,0,0,0,0,0,0,0,0,0,0,61,0,0,0,0,0,20063,0,0,113,10925,0,0,49,0,345,0,114,0,0,23416,0,1946,0,8360,0,37249,0,0,678,208,0,11714,184,327,0,0,0,0,0,0,0,0,0,0,0,0,0,189,0,0,0,1662,30606,0,9949,0,0,0,146,0,0,0,0,11663,18579,0,0,0,0,25029,0,0,0,0,0,0,0,22527,0,170,0,2601,0,0,0,176,0,10032,0,32335,811,0,0,0,78,0,0,0,0,0,81,53,0,0,0,0,0,0,0,0,0,0,0,0,0,8368,96,0,0,0,57,0,11798,0,0,33037,11449,0,9860,0,10197,214,0,0,0,0,0,8845,0,83,105
"left_D1_TF3",0,0,0,1677,0,11643,334,0,0,0,0,0,0,31343,31225,0,0,0,0,27041,0,0,508,0,0,0,0,0,0,0,0,16859,0,0,0,0,0,0,0,0,23807,0,0,0,0,0,0,0,0,18052,0,0,0,0,19676,25595,0,0,0,0,0,0,0,0,0,8855,8767,0,0,0,0,0,5226,0,457,0,2880,0,0,76,1679,0,91,0,0,0,0,13956,0,0,0,0,0,0,0,0,27012,19953,0,0,0,0,731,0,0,0,106,0,0,93,0,0,18889,0,0,4028,21524,0,27064,0,3560,9052,0,82,0,0,441,13961,0,0,0,18336,5308,0,0,0,258,549,0,0,0,0,0,0,0,0,0,0,0,9091,0,0,21891,0,14238,33166,0,0,0,0,22265,339,13750,0,0,0,50,0,0,0,0,0,0,0,0,88,8984,81,8942,3393,9138,0,0,0,0,16558,0,0,55,0,19,0,0,0,107,0,0,0,0,0,0,0,0,0,470,59,0,0,0,17887,0,26372,8912,0,514,0,0,0,0,0,5264,8973,0,0,0,297,5213,0,4074,5266,0,9099,0,0,0,465,0,51,0,0,24351,0,0,0,458,0,1595,0,0,0,4055,0,0,0,0,0,0,0,0,497,0,0,0,0,0,11681,0,0,0,25357,0,88,2879,3562,0,0,19173,46,0,448,0,60,0,0,9188,0,0,0,23929,0,0,0,0,0,82,0,0,0,9140,91,9129,0,0,0,0,0,0,0,0,0,0,0,0,0,0,0,0,0,16292,0,0,53,1130,0,0,0,0,65,0,95,0,0,14837,0,192,0,5398,0,27284,0,0,186,70,0,14124,134,109,0,0,0,0,0,0,0,0,0,0,0,0,0,336,0,0,0,495,19937,0,9247,0,0,0,32,0,0,0,0,14162,14734,0,0,0,0,21674,0,0,0,0,0,0,0,17330,0,129,0,664,0,0,0,299,0,9154,0,16980,516,0,0,0,0,0,0,0,0,0,0,0,0,0,0,0,0,0,0,0,64,0,0,0,0,5426,85,0,48,0,0,0,3322,0,0,23304,3624,0,9285,0,9393,391,0,0,0,0,0,2822,0,0,71
"left_D2_TF1",0,0,0,9146,0,58,0,0,0,0,0,0,0,40392,40307,0,0,0,0,9063,0,0,0,0,0,0,0,0,0,0,0,30771,0,0,0,51,0,0,0,0,22980,0,0,0,0,0,0,0,52,22,0,0,0,0,67,32548,0,0,0,0,0,0,0,0,0,15387,15492,0,0,0,0,0,15680,0,0,0,0,0,0,221,8974,0,64,0,0,0,0,8638,0,0,0,106,0,0,0,0,41227,29168,62,0,0,0,0,0,0,0,0,0,0,314,0,0,40775,0,0,8745,41532,0,27548,0,17918,15519,0,86,0,0,0,8532,0,0,0,39200,15681,0,0,59,0,0,0,42,0,0,0,0,0,0,0,0,0,15508,0,0,36269,0,8574,34796,0,0,0,0,48,0,8604,0,0,0,0,0,67,0,0,0,0,0,0,0,15371,324,15483,0,15335,0,0,0,0,46846,0,0,0,0,0,0,0,0,514,0,0,0,0,0,0,0,0,0,289,65,0,0,0,35316,0,41521,15501,0,0,0,0,0,0,0,15748,15501,0,53,0,110,0,62,8713,15709,0,15557,0,0,0,281,0,0,0,0,32253,0,0,0,0,0,0,0,0,0,8559,0,0,0,0,0,0,0,0,0,0,0,0,0,0,69,0,0,0,42716,0,93,0,17926,0,0,374,0,0,247,0,55,0,0,15636,0,0,0,18685,0,0,0,0,0,337,0,0,52,15627,83,15855,0,0,0,0,0,0,0,0,0,0,0,0,0,0,0,0,0,0,0,0,51,0,0,0,0,0,387,0,82,0,0,21946,0,953,0,15649,0,28037,0,0,182,208,0,8586,0,592,0,0,0,0,0,0,0,0,0,0,52,0,0,123,0,0,0,0,28965,0,15786,0,0,0,0,0,0,0,0,8785,0,0,0,0,0,41569,0,0,0,0,0,0,0,0,0,0,0,0,0,0,0,103,0,15821,0,4432,0,0,0,0,50,0,0,0,0,0,49,0,0,0,0,0,0,0,0,0,0,0,0,0,0,15892,106,0,0,0,59,0,0,0,0,33929,18355,0,15818,0,16153,110,0,0,0,48,0,0,0,99,65
"left_D3_TF1",0,0,0,14549,0,0,0,93,0,0,253,0,0,5709,5833,249,0,0,0,26,0,0,0,0,0,0,0,0,0,0,0,14177,291,0,0,562,0,0,0,0,121,0,0,0,0,0,0,0,146,0,0,0,0,0,0,19524,0,0,0,0,0,0,0,0,0,25583,25760,39,0,0,0,0,23790,0,0,0,0,0,0,9329,14669,0,1571,0,0,268,0,11853,0,0,0,828,0,0,0,0,13627,4782,42,0,0,0,0,306,0,0,0,0,0,12246,0,0,14956,0,0,14106,15123,0,1019,0,16363,25788,0,536,0,0,0,12171,0,0,0,17935,23936,0,0,190,0,0,0,217,0,0,0,0,0,0,0,0,0,25659,0,0,21408,0,12050,7569,0,0,0,0,0,0,12006,0,0,0,177,0,205,0,0,276,0,0,0,0,25593,12392,25822,0,25806,0,0,0,0,11220,0,0,157,0,0,103,288,0,3578,0,0,0,0,0,0,0,0,0,14178,4465,0,0,0,13418,0,6688,26024,0,0,0,0,0,0,260,23860,25851,0,120,0,4375,0,221,13966,23852,305,26204,0,0,0,13905,0,46,279,0,7979,0,0,0,0,0,0,0,0,0,14039,0,0,0,0,0,0,0,293,0,0,0,0,0,0,0,0,0,0,13211,0,513,0,16597,0,0,0,166,0,14413,0,947,0,0,26035,0,0,0,716,0,0,365,0,0,12622,0,0,531,26012,1558,26123,0,0,0,0,0,82,0,0,0,270,0,258,0,0,0,0,0,0,0,0,4451,0,0,0,299,0,12631,0,1559,0,0,11825,0,10563,0,23800,252,1034,0,0,15149,9486,0,12067,0,3556,0,0,0,0,0,0,0,0,0,0,193,0,0,4447,0,0,0,0,4701,0,26428,0,0,0,0,0,89,0,84,12132,0,0,0,0,0,15047,0,0,0,0,365,0,0,0,0,0,0,0,0,0,0,4537,0,26297,269,25,0,0,0,0,518,0,0,0,0,0,554,307,0,0,0,0,0,0,0,247,48,0,0,0,0,23826,525,0,44,0,1559,0,0,0,0,13925,16496,0,26714,0,26790,4583,0,0,0,0,0,0,0,892,961
"left_D4_TF1",0,0,0,10482,0,0,0,9932,0,0,5135,0,0,102,90,13862,0,9903,0,0,13204,0,0,0,0,0,7112,0,0,0,0,5978,6599,0,8504,7644,0,0,4519,0,0,0,8361,0,0,0,0,0,14542,0,0,0,0,0,0,3671,0,0,0,0,7696,0,0,0,0,8583,8645,13372,0,0,0,0,6825,0,0,0,0,0,0,14751,10398,0,9894,0,0,6651,0,10772,0,0,4482,12541,0,0,15593,0,213,106,12046,0,0,0,0,6701,0,0,0,0,0,11267,0,0,1441,0,0,5975,3055,0,0,0,13270,8530,0,4028,0,0,0,10849,0,0,0,2051,6850,0,0,8644,0,0,0,8696,6412,0,0,0,6831,0,0,0,13127,8725,0,0,2970,0,10767,430,0,0,11635,0,0,0,10851,6612,0,0,12666,0,8628,0,0,6646,0,0,0,0,8773,11186,8520,0,8422,8334,0,0,13020,1409,0,0,12865,0,0,12847,6571,0,12149,0,0,14242,0,0,16534,0,0,0,8894,10802,0,0,0,2561,0,79,8619,0,0,0,9633,0,0,13939,6791,8740,0,14666,0,9432,0,8510,5793,6706,6741,8752,0,8748,0,8787,0,10499,5263,0,589,0,0,0,0,0,0,0,0,0,5943,14271,0,0,0,0,0,4327,6533,0,0,13318,0,0,0,0,0,0,0,389,0,3932,0,13343,0,0,0,13172,0,8792,0,13139,0,0,8810,0,0,0,0,0,6812,13158,0,0,11343,0,0,7683,8699,9813,8702,0,0,0,0,0,12768,9997,0,0,14122,0,5160,0,0,0,14179,0,0,0,0,10960,0,0,0,5038,9662,11512,0,9886,0,0,2634,12972,4549,0,6860,14350,0,9043,0,9682,14961,0,10968,0,12138,0,0,12039,0,0,0,0,0,0,0,8493,0,0,9634,6715,0,0,0,145,0,8912,0,7760,0,0,0,14389,0,10576,11233,0,0,0,0,0,3109,15203,0,0,15361,13167,0,0,0,0,0,0,0,0,0,0,9573,0,8781,6604,0,0,0,0,9689,7534,0,14930,0,0,0,7806,5116,0,0,0,0,0,0,0,14288,10620,0,0,0,8259,6925,4037,0,10761,0,12381,8749,0,0,0,2675,13219,0,8854,0,9175,9699,0,0,5824,10518,0,0,9556,12752,13700
"left_D4_TF2",0,0,0,11236,0,0,0,25482,0,0,29724,0,0,221,249,23566,0,27241,0,0,22437,0,0,0,0,0,23283,0,0,0,0,11813,30961,0,27802,33389,0,0,36094,0,0,0,23495,0,0,0,0,0,33513,0,0,0,0,0,0,18485,0,0,0,0,31644,0,0,0,0,23039,23001,32063,0,0,0,0,25916,0,0,0,0,0,0,28568,11032,0,32268,0,0,30895,0,24108,0,0,36765,26792,0,0,28298,0,713,41,23425,0,0,0,0,31121,0,0,0,0,0,29171,0,0,6953,0,0,23600,11202,0,0,0,18072,23029,0,24760,0,0,0,23861,0,0,0,16516,25858,0,0,24618,0,0,0,24687,43010,0,0,0,36289,0,0,0,25561,23105,0,0,12358,0,23886,652,0,0,24741,0,0,0,24181,34954,0,0,35479,0,24914,0,0,31278,0,0,0,0,22896,29181,22930,0,23033,43669,0,0,29694,3989,0,0,35469,0,0,25547,30911,0,19995,0,0,26491,0,0,32402,0,0,0,40330,28400,0,0,0,8211,0,189,23429,0,0,0,18975,0,0,23500,26091,23639,0,33572,0,28010,0,24556,23327,25716,30655,23546,0,22516,0,40531,0,26110,29872,0,4573,0,0,0,0,0,0,0,0,0,23397,26794,0,0,0,0,0,31865,30966,0,0,31668,0,0,0,0,0,0,0,2022,0,24657,0,18283,0,0,0,35985,0,40262,0,38886,0,0,23386,0,0,0,0,0,46745,30868,0,0,29239,0,0,33416,23281,32211,23403,0,0,0,0,0,25459,42770,0,0,23660,0,29822,0,0,0,26460,0,0,0,0,28483,0,0,0,30144,37363,29817,0,32285,0,0,14248,32229,21070,0,25748,23779,0,16506,0,34124,28633,0,24499,0,20429,0,0,29987,0,0,0,0,0,0,0,24666,0,0,28064,29844,0,0,0,47,0,23309,0,33525,0,0,0,36929,0,30040,24356,0,0,0,0,0,10811,36117,0,0,44049,30836,0,0,0,0,0,0,0,0,0,0,28131,0,23647,30914,0,0,0,0,40364,33662,0,44272,0,0,0,33513,30121,0,0,0,0,0,0,0,24174,25897,0,0,0,30108,26062,24822,0,26200,0,29767,33342,0,0,0,8426,18205,0,23698,0,23812,28159,0,0,22666,32747,0,0,29475,27344,40338
"left_D4_TF3",0,0,0,24799,0,0,0,37306,0,0,28323,0,0,395,339,30678,0,29049,0,0,26873,0,0,0,0,0,33704,0,0,0,0,12887,33460,0,28327,35518,0,0,34261,0,0,0,30751,0,0,0,0,0,30096,0,0,0,0,0,0,19289,0,0,0,0,34319,0,0,0,0,16959,17064,34059,0,0,0,0,27375,0,0,0,0,0,0,27483,24640,0,29603,0,0,33154,0,26927,0,0,34685,26425,0,0,32368,0,473,0,25955,0,0,0,0,33483,0,0,0,0,0,36975,0,0,1079,0,0,32097,6150,0,121,0,24920,16997,0,47858,0,0,0,27011,0,0,0,17902,26872,0,0,37570,0,0,0,37753,31246,0,0,0,43601,0,0,0,28380,17086,0,0,14684,0,26923,536,0,0,32311,0,0,0,27130,35806,0,0,39006,0,37439,0,0,33613,0,0,0,0,16985,37067,17061,0,17014,42123,0,0,35219,1524,0,0,38765,0,0,21785,33286,0,28250,0,0,28813,0,0,36724,0,0,0,31464,26839,0,0,0,18210,0,302,17084,0,0,0,28491,0,0,30457,26986,17123,0,30064,0,39990,0,37519,32255,27242,33511,17089,0,36111,0,31250,0,31840,28340,0,9404,0,0,0,0,0,0,0,0,0,32365,31278,0,0,0,0,0,48280,33301,0,0,32913,0,0,0,0,0,0,0,1239,0,48547,0,25302,0,0,0,39529,0,31255,0,38199,0,0,17106,0,0,0,0,0,24803,28711,0,0,36837,0,0,35616,16961,29663,17353,0,0,0,0,0,21813,33617,0,0,30800,0,28619,0,0,0,29019,0,0,0,0,26712,0,0,0,28318,31318,37604,0,29685,0,0,13556,29173,17050,0,27261,31276,156,22785,0,26574,27921,0,27349,0,28534,0,0,51499,0,0,0,0,0,0,0,37946,0,0,39941,39989,0,0,0,0,0,17309,0,37066,0,0,0,33488,0,28788,27623,0,0,0,0,0,6044,25052,0,0,46035,28822,0,0,0,0,0,0,0,0,0,0,40056,0,17228,33324,0,0,0,0,33121,35535,0,43843,0,0,0,35981,28414,0,0,0,0,0,0,0,31219,32113,0,0,0,33001,26968,48686,0,31951,0,36980,51368,0,0,0,8977,25020,0,17490,0,17912,40051,0,0,32189,22582,0,0,32476,26535,39206
"left_D4_TF4",0,0,0,19034,0,0,0,26866,0,0,23917,0,0,132,105,30805,0,22901,0,0,20663,0,0,0,0,0,18660,0,0,0,0,7887,16075,0,22957,26193,0,0,23195,0,0,0,11847,0,0,0,0,0,23627,0,0,0,0,0,0,18363,0,0,0,0,18964,0,0,0,0,17178,17260,31992,0,0,0,0,11360,0,0,0,0,0,0,25750,19115,0,24232,0,0,16172,0,28665,0,0,23245,21592,0,0,30187,0,328,0,16499,0,0,0,0,16046,0,0,0,0,0,28079,0,0,2458,0,0,18971,4052,0,30,0,26078,16949,0,29099,0,0,0,28677,0,0,0,6534,11565,0,0,16066,0,0,0,16379,26559,0,0,0,26455,0,0,0,17901,17275,0,0,8171,0,28879,644,0,0,22252,0,0,0,28846,29506,0,0,26107,0,16643,0,0,15938,0,0,0,0,17100,28030,17053,0,17163,18905,0,0,21705,3562,0,0,26289,0,0,19227,16259,0,26307,0,0,18215,0,0,25354,0,0,0,30352,19249,0,0,0,4248,0,45,17067,0,0,0,18576,0,0,30601,11518,17322,0,23531,0,23710,0,16414,18725,11642,15970,17207,0,31540,0,30388,0,20677,24150,0,1414,0,0,0,0,0,0,0,0,0,19304,31688,0,0,0,0,0,24106,15810,0,0,22769,0,0,0,0,0,0,0,685,0,28995,0,26532,0,0,0,26208,0,30750,0,34636,0,0,17354,0,0,0,24,0,21593,17148,0,0,28339,0,0,26460,17016,24513,17319,0,0,0,0,0,19414,27745,0,0,31258,0,23503,0,0,0,18118,0,0,0,0,19483,0,0,0,24069,27600,28525,0,24732,0,0,10427,29534,17865,0,11489,31228,32,24655,0,10194,25884,0,29191,0,25985,0,0,26806,0,0,0,0,0,0,0,16348,0,0,23602,35864,0,0,0,0,0,17453,0,21738,0,0,0,16774,0,25809,29309,0,0,0,0,0,4258,19873,0,0,32736,16759,0,0,0,0,0,0,0,0,0,0,23634,0,17367,16127,0,0,0,0,22055,26338,0,29404,0,0,0,26251,23497,0,0,0,0,0,0,0,31824,20593,0,0,0,33345,11696,29168,0,20686,0,24950,25899,0,0,0,7409,26189,0,17874,0,17515,23778,0,0,30058,12928,0,0,18067,21588,36356
"left_D4_TF5",0,0,0,7139,0,0,0,15226,0,0,6243,0,0,170,170,7169,0,10525,0,0,10765,0,0,0,0,0,3917,0,0,0,0,5950,7891,0,11078,15096,0,0,7002,0,0,0,10919,0,0,0,0,0,9414,0,0,0,0,0,0,2470,0,0,0,0,10184,0,0,0,0,11558,11485,7902,0,0,0,0,13108,0,0,0,0,0,0,11565,6924,0,12728,0,0,7806,0,19656,0,0,7042,9255,0,0,15178,0,259,33,7866,0,0,0,0,7791,0,0,0,0,0,12751,0,0,1228,0,0,13104,593,0,0,0,10638,11640,0,7281,0,0,0,19781,0,0,0,5207,12911,0,0,7172,0,0,0,7436,15585,0,0,0,9437,0,0,0,6596,11869,0,0,4131,0,19830,698,0,0,12659,0,0,0,19881,13621,0,0,5606,0,7250,0,0,7993,0,0,0,0,11538,13027,11516,0,11595,16084,0,0,6737,1760,0,0,5638,0,0,9744,7952,0,4054,0,0,8304,0,0,13583,0,0,0,6550,9193,0,0,0,6161,0,222,11600,0,0,0,10235,0,0,7241,13072,11809,0,9309,0,14283,0,7425,13178,13131,8023,11792,0,10159,0,6690,0,11789,6314,0,3250,0,0,0,0,0,0,0,0,0,13372,17693,0,0,0,0,0,7030,7971,0,0,11368,0,0,0,0,0,0,0,1426,0,7175,0,10836,0,0,0,5713,0,6519,0,13070,0,0,11856,0,0,0,0,0,18830,18188,0,0,12825,0,0,15384,11793,12889,11730,0,0,0,0,0,9829,9260,0,0,7236,0,6214,0,0,0,8186,0,0,0,0,9053,0,0,0,6296,9519,12999,0,12986,0,0,1722,6373,5539,0,12888,7239,0,10848,0,18680,11680,0,20470,0,4004,0,0,6334,0,0,0,0,0,0,0,7437,0,0,14513,11855,0,0,0,39,0,11708,0,7269,0,0,0,7616,0,4192,20324,0,0,0,0,0,566,11045,0,0,15405,18006,0,0,0,0,0,0,0,0,0,0,14502,0,11688,7849,0,0,0,0,8307,15430,0,17558,0,0,0,15345,6324,0,0,0,0,0,0,0,7254,11518,0,0,0,16817,13163,7128,0,11554,0,14637,20257,0,0,0,2146,10768,0,11877,0,11996,14291,0,0,11408,18178,0,0,7068,9609,13677
"left_E1_TF1",0,0,0,6950,0,0,0,16547,0,0,19449,0,0,0,0,8763,0,11689,0,0,13321,0,0,0,0,0,11970,0,0,0,0,236,7981,0,10165,16199,0,0,12735,0,0,0,13866,0,0,0,0,0,17916,0,0,0,0,0,0,644,0,0,0,0,16572,0,0,0,0,1422,1489,21864,0,0,0,0,5625,0,0,0,0,0,0,2640,6931,0,8982,0,0,8086,0,6887,0,0,12943,12312,0,0,11589,0,0,0,14225,0,0,0,0,8004,0,0,0,0,0,3894,0,0,60,0,0,662,72,0,0,0,1917,1455,0,16376,0,0,0,6911,0,0,0,154,5742,0,0,9314,0,0,0,9526,11005,0,0,0,12700,0,0,0,16300,1491,0,0,149,0,6940,0,0,0,12090,0,0,0,6870,10870,0,0,26804,0,9629,0,0,8116,0,0,0,0,1520,3922,1416,0,1533,13746,0,0,16185,41,0,0,26520,0,0,14681,8192,0,12970,0,0,24824,0,0,16508,0,0,0,16596,9801,0,0,0,361,0,0,1569,0,0,0,12540,0,0,8603,5778,1519,0,17972,0,14974,0,9514,687,5744,8189,1562,0,16384,0,16590,0,9979,19262,0,95,0,0,0,0,0,0,0,0,0,672,13833,0,0,0,0,0,22459,8087,0,0,16921,0,0,0,0,0,0,0,0,0,16407,0,1891,0,0,0,27293,0,16511,0,7750,0,0,1556,0,0,0,0,0,20271,19450,0,0,3917,0,0,16253,1465,9006,1469,0,0,0,0,0,14763,18705,0,0,8567,0,19372,0,0,0,24859,0,0,0,0,9860,0,0,0,19331,7811,4072,0,8902,0,0,765,15470,1173,0,5761,8871,0,6780,0,7006,2661,0,6895,0,12930,0,0,19109,0,0,0,0,0,0,0,9471,0,0,14874,16919,0,0,0,0,0,1511,0,13397,0,0,0,8440,0,27940,7090,0,0,0,0,0,62,14875,0,0,14043,19260,0,0,0,0,0,0,0,0,0,0,15118,0,1555,8003,0,0,0,0,10000,16011,0,26480,0,0,0,16160,19605,0,0,0,0,0,0,0,8894,10025,0,0,0,28667,5728,16155,0,10022,0,6928,22275,0,0,0,272,1856,0,1569,0,1501,14824,0,0,10735,13059,0,0,23480,12361,8143
"left_E1_TF2",0,0,0,2328,0,0,0,20363,0,0,12328,0,0,0,0,14020,0,11995,0,0,12153,0,0,0,0,0,22351,0,0,0,0,197,15895,0,23557,13414,0,0,18442,0,0,0,15402,0,0,0,0,0,14684,0,0,0,0,0,0,449,0,0,0,0,22002,0,0,0,0,590,664,22817,0,0,0,0,2198,0,0,0,0,0,0,11119,2317,0,9206,0,0,15929,0,1569,0,0,18479,17909,0,0,18412,0,0,0,24352,0,0,0,0,15702,0,0,0,0,0,16760,0,0,0,0,0,6794,81,0,0,0,4131,642,0,14350,0,0,0,1554,0,0,0,208,2227,0,0,12521,0,0,0,12509,21668,0,0,0,21726,0,0,0,11300,607,0,0,350,0,1607,0,0,0,21304,0,0,0,1621,21881,0,0,12500,0,12540,0,0,15775,0,0,0,0,620,16835,640,0,669,19449,0,0,21468,37,0,0,12496,0,0,10282,15881,0,7758,0,0,19877,0,0,25734,0,0,0,6515,9580,0,0,0,414,0,0,573,0,0,0,18995,0,0,14336,2222,601,0,14756,0,15994,0,12659,6834,2126,15968,558,0,16182,0,6410,0,20962,12297,0,39,0,0,0,0,0,0,0,0,0,6791,15227,0,0,0,0,0,11176,16145,0,0,14463,0,0,0,0,0,0,0,38,0,14349,0,4254,0,0,0,12463,0,6221,0,9428,0,0,611,0,0,0,0,0,19969,16540,0,0,16897,0,0,13338,617,9468,617,0,0,0,0,0,10263,23828,0,0,14349,0,12433,0,0,0,19900,0,0,0,0,9607,0,0,0,12390,16548,17044,0,9503,0,0,1248,19766,9795,0,2203,14348,0,17347,0,10023,11412,0,1483,0,7860,0,0,17381,0,0,0,0,0,0,0,12596,0,0,16105,16141,0,0,0,0,0,594,0,16141,0,0,0,18679,0,25653,1601,0,0,0,0,0,89,16278,0,0,25111,16300,0,0,0,0,0,0,0,0,0,0,16092,0,678,15912,0,0,0,0,15614,13450,0,21097,0,0,0,13473,12340,0,0,0,0,0,0,0,14228,21063,0,0,0,17339,2176,14414,0,21287,0,15400,27509,0,0,0,427,4203,0,683,0,673,16282,0,0,26932,17568,0,0,18012,17888,9733
"left_E1_TF3",0,0,0,1503,0,0,0,15535,0,0,14814,0,0,0,0,8521,0,10768,0,0,15500,0,0,0,0,0,11565,0,0,0,0,293,7271,0,11726,11481,0,0,8659,0,0,0,6149,0,0,0,0,0,13685,0,0,0,0,0,0,455,0,0,0,0,15103,0,0,0,0,687,671,23532,0,0,0,0,6313,0,0,0,0,0,0,8755,1530,0,8695,0,0,7406,0,6831,0,0,8838,8704,0,0,9073,0,0,0,8989,0,0,0,0,7548,0,0,0,0,0,5490,0,0,93,0,0,2076,213,0,0,0,8211,672,0,13791,0,0,0,6931,0,0,0,214,6173,0,0,9972,0,0,0,9975,25167,0,0,0,8697,0,0,0,15943,642,0,0,229,0,6712,0,0,0,9823,0,0,0,6885,15274,0,0,12102,0,10025,0,0,7388,0,0,0,0,690,5495,693,0,625,11393,0,0,18391,0,0,0,12154,0,0,12964,7352,0,13354,0,0,20490,0,0,23045,0,0,0,14189,8297,0,0,0,364,0,0,703,0,0,0,13884,0,0,8511,6282,684,0,13485,0,6319,0,9990,2059,6224,7432,651,0,14104,0,14089,0,10391,14965,0,32,0,0,0,0,0,0,0,0,0,2107,24251,0,0,0,0,0,16640,7423,0,0,15772,0,0,0,0,0,0,0,41,0,13715,0,8298,0,0,0,12253,0,14208,0,10384,0,0,665,0,0,0,0,0,17005,8631,0,0,5440,0,0,11694,644,9050,678,0,0,0,0,0,13063,8788,0,0,8955,0,15161,0,0,0,20667,0,0,0,0,8347,0,0,0,14955,14883,5604,0,8923,0,0,298,10118,4504,0,6216,8860,0,13890,0,3872,8873,0,6961,0,13383,0,0,7329,0,0,0,0,0,0,0,10042,0,0,6395,7140,0,0,0,0,0,653,0,4875,0,0,0,14751,0,11955,7099,0,0,0,0,0,190,13827,0,0,25691,8680,0,0,0,0,0,0,0,0,0,0,6375,0,673,7326,0,0,0,0,16362,11690,0,11914,0,0,0,11684,15154,0,0,0,0,0,0,0,8954,10347,0,0,0,14806,6322,13736,0,10652,0,14016,23396,0,0,0,409,8157,0,663,0,619,6371,0,0,9092,4999,0,0,8199,8674,10719
"left_E1_TF4",0,0,0,8418,0,0,0,19262,0,0,19232,0,0,0,0,24321,0,27886,0,0,21692,0,0,0,0,0,14374,0,0,0,0,1029,28669,0,26989,18593,0,0,26310,0,0,0,25092,0,0,0,0,0,27152,0,0,0,0,0,0,1303,0,0,0,0,31166,0,0,0,0,1958,1876,37598,0,0,0,0,5198,0,0,0,0,0,0,16737,8231,0,19683,0,0,28746,0,9955,0,0,26851,22774,0,0,38337,0,0,0,27677,0,0,0,0,28765,0,0,0,0,0,21658,0,0,31,0,0,7966,117,0,0,0,8530,1811,0,35155,0,0,0,9832,0,0,0,328,5359,0,0,22868,0,0,0,22470,22200,0,0,0,23322,0,0,0,26177,1902,0,0,216,0,9549,0,0,0,19929,0,0,0,10007,21843,0,0,32631,0,23064,0,0,28527,0,0,0,0,1928,21856,1945,0,1930,38256,0,0,26915,65,0,0,32778,0,0,26568,28676,0,21572,0,0,32209,0,0,28970,0,0,0,16942,11023,0,0,0,613,0,0,1899,0,0,0,34313,0,0,24600,5287,1942,0,27400,0,23607,0,22868,7871,5376,28544,1927,0,18955,0,16713,0,26989,19028,0,62,0,0,0,0,0,0,0,0,0,7980,23477,0,0,0,0,0,31275,28658,0,0,31171,0,0,0,0,0,0,0,0,0,35282,0,8450,0,0,0,32733,0,16944,0,22540,0,0,1929,0,0,0,0,0,21153,22045,0,0,21750,0,0,18964,1907,20350,1924,0,0,0,0,0,26231,31516,0,0,24814,0,19289,0,0,0,32483,0,0,0,0,11409,0,0,0,19239,26333,22214,0,20301,0,0,1631,30211,12656,0,5275,24903,0,19745,0,15384,17228,0,9899,0,21520,0,0,21103,0,0,0,0,0,0,0,23149,0,0,23453,25409,0,0,0,0,0,1938,0,24829,0,0,0,32421,0,27787,10094,0,0,0,0,0,129,22845,0,0,32470,22037,0,0,0,0,0,0,0,0,0,0,23550,0,1958,28282,0,0,0,0,17941,18940,0,20530,0,0,0,18961,19552,0,0,0,0,0,0,0,25034,27056,0,0,0,26215,5239,35332,0,27055,0,25373,26777,0,0,0,416,8490,0,1996,0,1950,23436,0,0,31292,29895,0,0,27779,23245,23135
"left_E1_TF5",0,0,0,8695,0,0,0,31724,0,0,28661,0,0,0,0,21429,0,19906,0,0,25060,0,0,0,0,0,17075,0,0,0,0,583,26183,0,19572,32923,0,0,27998,0,0,0,24425,0,0,0,0,0,24662,0,0,0,0,0,0,1631,0,0,0,0,40228,0,0,0,0,3996,4032,27740,0,0,0,0,4027,0,0,0,0,0,0,16395,8808,0,17831,0,0,26630,0,2627,0,0,28549,29217,0,0,33619,0,0,0,25557,0,0,0,0,26329,0,0,0,0,0,15917,0,0,186,0,0,5103,107,0,0,0,3586,4058,0,22118,0,0,0,2625,0,0,0,231,3919,0,0,22712,0,0,0,22596,20946,0,0,0,20297,0,0,0,26831,4079,0,0,269,0,2517,0,0,0,23073,0,0,0,2725,28562,0,0,23995,0,22437,0,0,26601,0,0,0,0,4182,16046,4119,0,4075,25312,0,0,20552,0,0,0,24382,0,0,24733,26478,0,23811,0,0,27216,0,0,25677,0,0,0,20757,18318,0,0,0,654,0,0,4087,0,0,0,20224,0,0,21621,4068,4167,0,24417,0,21486,0,22309,5217,3946,26540,4226,0,22402,0,20865,0,25610,28664,0,136,0,0,0,0,0,0,0,0,0,5039,16764,0,0,0,0,0,26376,26244,0,0,24523,0,0,0,0,0,0,0,0,0,22157,0,3675,0,0,0,24519,0,20983,0,27109,0,0,4157,0,0,0,0,0,14798,28658,0,0,16015,0,0,32800,4101,17531,4123,0,0,0,0,0,25023,22280,0,0,21486,0,28614,0,0,0,27246,0,0,0,0,18655,0,0,0,28842,23230,16093,0,18006,0,0,981,14485,13109,0,3966,21801,0,23880,0,18023,16677,0,2722,0,23878,0,0,25893,0,0,0,0,0,0,0,22431,0,0,21525,20496,0,0,0,0,0,4178,0,25738,0,0,0,14053,0,24310,2765,0,0,0,0,0,102,20964,0,0,38378,28990,0,0,0,0,0,0,0,0,0,0,21597,0,4192,26450,0,0,0,0,27240,32989,0,26541,0,0,0,32950,28711,0,0,0,0,0,0,0,21810,25963,0,0,0,44900,4024,22376,0,25785,0,21317,41285,0,0,0,382,3712,0,4158,0,4222,21577,0,0,30374,20907,0,0,20187,29787,27879
"left_E1_TF6",0,0,0,479,0,0,0,13872,0,0,9583,0,0,0,0,5770,0,8290,0,0,5249,0,0,0,0,0,10795,0,0,0,0,191,8557,0,11769,8510,0,0,14269,0,0,0,5659,0,0,0,0,0,8392,0,0,0,0,0,0,363,0,0,0,0,6748,0,0,0,0,2652,2670,7250,0,0,0,0,3237,0,0,0,0,0,0,6826,535,0,4156,0,0,8525,0,1222,0,0,14274,9013,0,0,4267,0,0,0,13253,0,0,0,0,8635,0,0,0,0,0,5320,0,0,0,0,0,2481,325,0,0,0,1275,2663,0,8022,0,0,0,1279,0,0,0,240,3277,0,0,11276,0,0,0,11137,8181,0,0,0,6957,0,0,0,11400,2735,0,0,243,0,1286,0,0,0,10288,0,0,0,1266,12571,0,0,14685,0,11352,0,0,8577,0,0,0,0,2679,5149,2738,0,2759,10559,0,0,5518,0,0,0,14468,0,0,9759,8705,0,9278,0,0,9554,0,0,12705,0,0,0,7853,5459,0,0,0,369,0,0,2774,0,0,0,4440,0,0,5692,3232,2721,0,8738,0,10362,0,11126,2553,3262,8609,2730,0,2835,0,7746,0,16370,9615,0,61,0,0,0,0,0,0,0,0,0,2519,6061,0,0,0,0,0,12783,8502,0,0,8185,0,0,0,0,0,0,0,0,0,7877,0,1273,0,0,0,14632,0,7888,0,2454,0,0,2682,0,0,0,0,0,8265,15095,0,0,5266,0,0,8529,2713,4069,2710,0,0,0,0,0,9916,10430,0,0,5808,0,9672,0,0,0,9546,0,0,0,0,5631,0,0,0,9506,15924,5301,0,4205,0,0,271,4119,1016,0,3310,5859,0,9419,0,3825,6914,0,1322,0,9063,0,0,10840,0,0,0,0,0,0,0,11560,0,0,10432,17393,0,0,0,0,0,2617,0,8091,0,0,0,13251,0,10759,1374,0,0,0,0,0,306,12960,0,0,5286,15296,0,0,0,0,0,0,0,0,0,0,10239,0,2818,8679,0,0,0,0,15007,8703,0,7762,0,0,0,8609,9727,0,0,0,0,0,0,0,5816,16604,0,0,0,10889,3307,7936,0,16455,0,10951,6120,0,0,0,188,1253,0,2741,0,2810,10247,0,0,9935,6454,0,0,7636,9210,2707
"left_E1_TF7",0,0,0,5150,0,0,0,13244,0,0,10808,0,0,0,0,10221,0,7370,0,0,14710,0,0,0,0,0,16420,0,0,0,0,305,21767,0,13034,16685,0,0,11877,0,0,0,18938,0,0,0,0,0,15661,0,0,0,0,0,0,550,0,0,0,0,15965,0,0,0,0,3083,3075,14089,0,0,0,0,7016,0,0,0,0,0,0,9055,5013,0,13948,0,0,21667,0,5769,0,0,12114,14740,0,0,11013,0,0,0,10985,0,0,0,0,21549,0,0,0,0,0,8733,0,0,34,0,0,1164,184,0,0,0,2195,3155,0,7513,0,0,0,5703,0,0,0,163,6999,0,0,20208,0,0,0,20143,15852,0,0,0,18598,0,0,0,10992,3066,0,0,164,0,5700,0,0,0,16965,0,0,0,5699,19541,0,0,13381,0,20375,0,0,21506,0,0,0,0,3061,8762,3033,0,3098,12005,0,0,23144,0,0,0,13056,0,0,15646,21460,0,15557,0,0,11620,0,0,17009,0,0,0,15253,13415,0,0,0,354,0,0,3124,0,0,0,18249,0,0,10456,7105,3089,0,15698,0,17917,0,19947,1278,7098,21426,3177,0,19227,0,15291,0,18451,10683,0,96,0,0,0,0,0,0,0,0,0,1180,10387,0,0,0,0,0,18315,21624,0,0,20737,0,0,0,0,0,0,0,0,0,7522,0,2221,0,0,0,13372,0,15477,0,12759,0,0,3251,0,0,0,0,0,12379,18092,0,0,8902,0,0,16787,3272,14007,3110,0,0,0,0,0,15692,20074,0,0,10364,0,10674,0,0,0,11561,0,0,0,0,13515,0,0,0,10646,16497,9107,0,14436,0,0,403,11232,1651,0,7051,10454,0,18699,0,11063,9111,0,5837,0,15452,0,0,21929,0,0,0,0,0,0,0,20464,0,0,18147,13509,0,0,0,0,0,3182,0,12583,0,0,0,13977,0,26111,5756,0,0,0,0,0,184,11838,0,0,15510,17876,0,0,0,0,0,0,0,0,0,0,18140,0,3229,21754,0,0,0,0,13343,16657,0,13045,0,0,0,16734,10690,0,0,0,0,0,0,0,10478,18531,0,0,0,16869,7223,7543,0,18516,0,15580,21768,0,0,0,297,2170,0,3110,0,3265,18020,0,0,10060,11838,0,0,12697,14734,12837
"left_F1_TF1",0,0,0,325,0,0,0,32346,0,0,17454,0,0,0,0,12154,0,10901,0,0,15860,0,0,0,0,0,14970,0,0,0,0,0,10658,0,18100,4849,0,0,17942,0,0,0,13463,0,0,0,0,0,11687,0,0,0,0,0,0,0,0,0,0,0,18484,0,0,0,0,37,40,19187,0,0,0,0,124,0,0,0,0,0,0,776,296,0,4952,0,0,10589,0,142,0,0,18283,5848,0,0,23704,0,0,0,11906,0,0,0,0,10375,0,0,0,0,0,2156,0,0,0,0,0,160,0,0,0,0,107,47,0,17712,0,0,0,138,0,0,0,0,100,0,0,22604,0,0,0,22683,11545,0,0,0,12229,0,0,0,8514,39,0,0,0,0,164,0,0,0,17507,0,0,0,150,27523,0,0,11267,0,22715,0,0,10690,0,0,0,0,48,2140,44,0,46,12931,0,0,19374,0,0,0,11290,0,0,14579,10752,0,1776,0,0,13922,0,0,15848,0,0,0,2374,3885,0,0,0,0,0,0,43,0,0,0,13534,0,0,12346,101,42,0,11657,0,2094,0,22764,163,112,10746,55,0,9237,0,2426,0,11634,17373,0,0,0,0,0,0,0,0,0,0,0,167,15420,0,0,0,0,0,17778,10613,0,0,12432,0,0,0,0,0,0,0,0,0,17599,0,100,0,0,0,11203,0,2499,0,2891,0,0,39,0,0,0,0,0,20958,8561,0,0,2125,0,0,4767,52,5035,46,0,0,0,0,0,14769,22503,0,0,12371,0,17410,0,0,0,13726,0,0,0,0,3911,0,0,0,17525,18217,2219,0,4982,0,0,42,13371,295,0,107,12257,0,18492,0,640,805,0,136,0,1754,0,0,16253,0,0,0,0,0,0,0,22617,0,0,2119,13951,0,0,0,0,0,42,0,20822,0,0,0,9786,0,14228,120,0,0,0,0,0,0,16631,0,0,29352,8434,0,0,0,0,0,0,0,0,0,0,2081,0,32,10536,0,0,0,0,9545,4668,0,19092,0,0,0,4842,17440,0,0,0,0,0,0,0,12240,11539,0,0,0,24126,107,17839,0,11590,0,15314,12568,0,0,0,0,88,0,42,0,32,2152,0,0,13418,10660,0,0,15478,5813,3006
"left_F1_TF2",0,0,0,173,0,0,0,13793,0,0,7913,0,0,0,0,8748,0,14076,0,0,13284,0,0,0,0,0,8103,0,0,0,0,0,11892,0,10300,3452,0,0,9570,0,0,0,14838,0,0,0,0,0,17115,0,0,0,0,0,0,0,0,0,0,0,16062,0,0,0,0,54,61,20692,0,0,0,0,74,0,0,0,0,0,0,3656,168,0,5216,0,0,11812,0,97,0,0,9492,5675,0,0,11538,0,0,0,11867,0,0,0,0,11764,0,0,0,0,0,1316,0,0,0,0,0,165,0,0,0,0,136,69,0,9935,0,0,0,91,0,0,0,0,71,0,0,8714,0,0,0,8728,17068,0,0,0,15040,0,0,0,12586,70,0,0,0,0,104,0,0,0,15932,0,0,0,94,10942,0,0,8136,0,8734,0,0,11607,0,0,0,0,79,1309,71,0,72,13561,0,0,12638,0,0,0,7866,0,0,11172,11892,0,1486,0,0,14105,0,0,24674,0,0,0,2193,4513,0,0,0,32,0,0,72,0,0,0,16672,0,0,8857,65,63,0,16922,0,1693,0,8605,172,79,11750,58,0,20387,0,2147,0,10777,7988,0,0,0,0,0,0,0,0,0,0,0,176,18531,0,0,0,0,0,14266,11703,0,0,15520,0,0,0,0,0,0,0,0,0,10059,0,160,0,0,0,8069,0,2401,0,5848,0,0,66,0,0,0,0,0,12214,11267,0,0,1327,0,0,3407,79,5101,75,0,0,0,0,0,11183,12044,0,0,8919,0,7757,0,0,0,14143,0,0,0,0,4690,0,0,0,7813,10421,1314,0,5170,0,0,67,13936,526,0,61,9097,0,22957,0,453,3648,0,115,0,1477,0,0,11250,0,0,0,0,0,0,0,8860,0,0,1682,13252,0,0,0,0,0,55,0,14421,0,0,0,11394,0,7677,127,0,0,0,0,0,0,13190,0,0,20625,11494,0,0,0,0,0,0,0,0,0,0,1645,0,70,11692,0,0,0,0,12956,3462,0,17874,0,0,0,3553,7628,0,0,0,0,0,0,0,9130,11006,0,0,0,9029,63,9902,0,10741,0,6207,14621,0,0,0,48,136,0,74,0,79,1690,0,0,17801,14348,0,0,7598,5816,6101
"left_F1_TF3",0,0,0,202,0,0,0,19122,0,0,15825,0,0,0,0,7920,0,21837,0,0,6597,0,0,0,0,0,14909,0,0,0,0,45,15814,0,27366,6232,0,0,21853,0,0,0,17331,0,0,0,0,0,8893,0,0,0,0,0,0,0,0,0,0,0,16254,0,0,0,0,0,0,28192,0,0,0,0,41,0,0,0,0,0,0,1131,187,0,886,0,0,15576,0,134,0,0,22233,6345,0,0,17484,0,0,0,14604,0,0,0,0,15671,0,0,0,0,0,5611,0,0,0,0,0,128,0,0,0,0,85,0,0,7983,0,0,0,117,0,0,0,0,48,0,0,23395,0,0,0,23274,15477,0,0,0,19193,0,0,0,14073,0,0,0,0,0,122,0,0,0,24611,0,0,0,106,21183,0,0,17353,0,23369,0,0,15646,0,0,0,0,0,5680,0,0,0,17292,0,0,10884,0,0,0,17464,0,0,12570,15531,0,1045,0,0,24786,0,0,31990,0,0,0,2104,4927,0,0,0,0,0,0,0,0,0,0,16473,0,0,7956,35,0,0,8765,0,3337,0,23356,121,52,15533,0,0,27121,0,2185,0,17013,15807,0,0,0,0,0,0,0,0,0,0,0,157,12616,0,0,0,0,0,17745,15608,0,0,17612,0,0,0,0,0,0,0,0,0,7857,0,76,0,0,0,17643,0,2253,0,2496,0,0,0,0,0,0,0,0,29239,8801,0,0,5738,0,0,6322,0,904,0,0,0,0,0,0,12512,29584,0,0,8047,0,15872,0,0,0,25096,0,0,0,0,4907,0,0,0,15888,12673,5672,0,851,0,0,116,19663,413,0,39,8247,0,15524,0,438,1114,0,146,0,1134,0,0,18390,0,0,0,0,0,0,0,23377,0,0,3260,21461,0,0,0,0,0,0,0,13114,0,0,0,27898,0,24001,134,0,0,0,0,0,0,14057,0,0,14218,8607,0,0,0,0,0,0,0,0,0,0,3275,0,0,15730,0,0,0,0,20733,6158,0,29350,0,0,0,6234,15808,0,0,0,0,0,0,0,7987,17265,0,0,0,18326,49,7896,0,16876,0,9071,23530,0,0,0,0,71,0,0,0,0,3224,0,0,19618,14681,0,0,13714,6325,2546
"left_F1_TF4",0,0,0,203,0,0,0,14914,0,0,10558,0,0,0,0,13891,0,22839,0,0,15710,0,0,0,0,0,21533,0,0,0,0,0,20118,0,17095,6020,0,0,13735,0,0,0,16643,0,0,0,0,0,16277,0,0,0,0,0,0,0,0,0,0,0,24186,0,0,0,0,158,154,27012,0,0,0,0,219,0,0,0,0,0,0,3742,242,0,4567,0,0,19776,0,55,0,0,14083,10528,0,0,16629,0,0,0,20160,0,0,0,0,19914,0,0,0,0,0,4385,0,0,0,0,0,174,0,0,0,0,103,161,0,8501,0,0,0,72,0,0,0,0,230,0,0,15466,0,0,0,15188,24783,0,0,0,22193,0,0,0,29951,134,0,0,0,0,63,0,0,0,11908,0,0,0,60,21114,0,0,15418,0,15189,0,0,19987,0,0,0,0,154,4538,138,0,141,9740,0,0,28041,0,0,0,15647,0,0,11796,19989,0,2707,0,0,12415,0,0,33015,0,0,0,5792,3428,0,0,0,86,0,0,166,0,0,0,19244,0,0,13866,184,156,0,16406,0,5629,0,15243,176,213,20090,133,0,21938,0,5672,0,15129,10888,0,0,0,0,0,0,0,0,0,0,0,167,15315,0,0,0,0,0,21889,20056,0,0,21554,0,0,0,0,0,0,0,0,0,8484,0,89,0,0,0,15682,0,5795,0,8906,0,0,154,0,0,0,0,0,26417,12965,0,0,4451,0,0,6002,149,4677,156,0,0,0,0,0,11625,24880,0,0,14067,0,10823,0,0,0,12573,0,0,0,0,3572,0,0,0,10796,13079,4577,0,4568,0,0,0,20786,217,0,214,14344,0,15126,0,1606,3715,0,54,0,2741,0,0,19466,0,0,0,0,0,0,0,15293,0,0,5704,30905,0,0,0,0,0,159,0,19283,0,0,0,26494,0,25497,74,0,0,0,0,0,0,26279,0,0,22783,13091,0,0,0,0,0,0,0,0,0,0,5731,0,151,19937,0,0,0,0,21118,6174,0,29363,0,0,0,6063,10783,0,0,0,0,0,0,0,14531,15144,0,0,0,20262,223,8445,0,15157,0,17856,26115,0,0,0,0,103,0,157,0,147,5595,0,0,11229,16516,0,0,27235,10690,9237
"left_F1_TF5",0,0,0,226,0,0,0,5001,0,0,4748,0,0,0,0,2647,0,3389,0,0,5206,0,0,0,0,0,2052,0,0,0,0,0,9820,0,7335,1183,0,0,3718,0,0,0,5135,0,0,0,0,0,5053,0,0,0,0,0,0,0,0,0,0,0,5878,0,0,0,0,84,58,7944,0,0,0,0,162,0,0,0,0,0,0,1880,212,0,749,0,0,9741,0,0,0,0,3706,1303,0,0,3969,0,0,0,3315,0,0,0,0,10022,0,0,0,0,0,708,0,0,0,0,0,248,0,0,0,0,73,51,0,1951,0,0,0,0,0,0,0,0,122,0,0,2803,0,0,0,2791,7079,0,0,0,6860,0,0,0,7156,63,0,0,0,0,0,0,0,0,5120,0,0,0,0,5508,0,0,2166,0,2811,0,0,9838,0,0,0,0,60,699,68,0,53,6506,0,0,7875,0,0,0,2234,0,0,5991,9679,0,924,0,0,2836,0,0,4789,0,0,0,1543,1153,0,0,0,0,0,0,70,0,0,0,2087,0,0,2845,132,79,0,4935,0,1129,0,2769,261,139,9671,73,0,5895,0,1508,0,6361,4728,0,0,0,0,0,0,0,0,0,0,0,258,3937,0,0,0,0,0,5358,9820,0,0,3751,0,0,0,0,0,0,0,0,0,1944,0,75,0,0,0,2207,0,1479,0,1440,0,0,75,0,0,0,0,0,6924,5785,0,0,684,0,0,1256,75,795,86,0,0,0,0,0,6094,7237,0,0,2755,0,4798,0,0,0,2931,0,0,0,0,1166,0,0,0,4618,4884,741,0,799,0,0,52,3855,307,0,133,2942,0,3378,0,473,1888,0,0,0,849,0,0,9396,0,0,0,0,0,0,0,2731,0,0,1143,3460,0,0,0,0,0,62,0,2953,0,0,0,2011,0,1605,0,0,0,0,0,0,0,3490,0,0,3183,5855,0,0,0,0,0,0,0,0,0,0,1206,0,72,9759,0,0,0,0,2082,1255,0,7443,0,0,0,1226,4842,0,0,0,0,0,0,0,2905,6326,0,0,0,1896,145,1875,0,6337,0,3219,8569,0,0,0,0,76,0,57,0,78,1265,0,0,6177,4575,0,0,1748,1329,1430
"left_F1_TF6",0,0,0,484,0,0,0,22396,0,0,19194,0,0,0,0,12952,0,15298,0,0,18035,0,0,0,0,0,17072,0,0,0,0,0,14326,0,15038,14717,0,0,25238,0,0,0,24249,0,0,0,0,0,17111,0,0,0,0,0,0,0,0,0,0,0,21395,0,0,0,0,113,101,15057,0,0,0,0,302,0,0,0,0,0,0,759,509,0,11576,0,0,14219,0,132,0,0,25600,17490,0,0,21973,0,0,0,15718,0,0,0,0,14216,0,0,0,0,0,3239,0,0,0,0,0,126,0,0,0,0,224,97,0,16522,0,0,0,148,0,0,0,0,297,0,0,13613,0,0,0,13417,18327,0,0,0,18683,0,0,0,22913,108,0,0,0,0,132,0,0,0,19765,0,0,0,149,21066,0,0,24794,0,13510,0,0,14264,0,0,0,0,110,3376,97,0,115,17045,0,0,26137,0,0,0,24940,0,0,19469,14223,0,2236,0,0,17002,0,0,19542,0,0,0,1669,4897,0,0,0,0,0,0,104,0,0,0,16785,0,0,12873,300,120,0,17284,0,3439,0,13527,152,279,14392,110,0,20921,0,1687,0,21374,19192,0,0,0,0,0,0,0,0,0,0,0,142,16007,0,0,0,0,0,34806,14403,0,0,25792,0,0,0,0,0,0,0,0,0,16319,0,200,0,0,0,24927,0,1662,0,5351,0,0,113,0,0,0,0,0,22985,7744,0,0,3313,0,0,14610,106,11519,101,0,0,0,0,0,19334,20597,0,0,13050,0,19376,0,0,0,17029,0,0,0,0,4884,0,0,0,19287,15454,3386,0,11673,0,0,0,11167,387,0,296,13137,0,27609,0,783,776,0,162,0,2188,0,0,26722,0,0,0,0,0,0,0,13471,0,0,3326,22825,0,0,0,0,0,109,0,20396,0,0,0,18523,0,19407,143,0,0,0,0,0,0,20386,0,0,23985,7821,0,0,0,0,0,0,0,0,0,0,3436,0,101,14279,0,0,0,0,21664,14776,0,32387,0,0,0,14695,19628,0,0,0,0,0,0,0,13199,21405,0,0,0,30188,322,16411,0,21500,0,12089,16928,0,0,0,0,223,0,98,0,106,3448,0,0,16579,10707,0,0,17221,17784,5368
"left_F1_TF7",0,0,0,225,0,0,0,34738,0,0,24314,0,0,0,0,31506,0,24798,0,0,25516,0,0,0,0,0,26338,0,0,0,0,0,24973,0,21267,9708,0,0,18020,0,0,0,26244,0,0,0,0,0,27205,0,0,0,0,0,0,0,0,0,0,0,25668,0,0,0,0,0,0,34534,0,0,0,0,207,0,0,0,0,0,0,1696,224,0,5717,0,0,24814,0,91,0,0,18525,15794,0,0,26673,0,0,0,20791,0,0,0,0,25143,0,0,0,0,0,2358,0,0,0,0,0,219,0,0,0,0,157,0,0,10491,0,0,0,91,0,0,0,0,186,0,0,20565,0,0,0,20470,40172,0,0,0,28996,0,0,0,28969,0,0,0,0,0,96,0,0,0,23566,0,0,0,93,37644,0,0,21008,0,20409,0,0,24808,0,0,0,0,0,2458,0,0,0,31250,0,0,30113,0,0,0,21343,0,0,24237,24883,0,2346,0,0,29296,0,0,36752,0,0,0,2460,8071,0,0,0,0,0,0,0,0,0,0,26470,0,0,31271,194,0,0,26738,0,7354,0,20392,191,197,25098,0,0,30245,0,2605,0,18095,24255,0,0,0,0,0,0,0,0,0,0,0,216,33596,0,0,0,0,0,22739,24607,0,0,24208,0,0,0,0,0,0,0,0,0,10479,0,129,0,0,0,21345,0,2593,0,19337,0,0,0,0,0,0,0,0,38725,17476,0,0,2450,0,0,9777,0,5745,0,0,0,0,0,0,24115,31629,0,0,32130,0,23983,0,0,0,28811,0,0,0,0,8176,0,0,0,24059,22373,2501,0,5606,0,0,0,34393,736,0,177,32179,0,22243,0,1014,1752,0,88,0,2253,0,0,20520,0,0,0,0,0,0,0,20708,0,0,7482,37002,0,0,0,0,0,0,0,31723,0,0,0,20968,0,34382,75,0,0,0,0,0,0,32592,0,0,36048,17361,0,0,0,0,0,0,0,0,0,0,7538,0,0,25023,0,0,0,0,43222,9628,0,46278,0,0,0,9565,24241,0,0,0,0,0,0,0,32059,18078,0,0,0,31026,185,10350,0,17849,0,12789,51360,0,0,0,0,115,0,0,0,0,7450,0,0,30417,19011,0,0,34164,16080,20181
"left_F1_TF8",0,0,0,345,0,0,0,15338,0,0,7649,0,0,0,0,6557,0,24394,0,0,10875,0,0,0,0,0,8254,0,0,0,0,0,6553,0,11751,16925,0,0,6003,0,0,0,6081,0,0,0,0,0,4773,0,0,0,0,0,0,0,0,0,0,0,17026,0,0,0,0,71,64,15364,0,0,0,0,148,0,0,0,0,0,0,2473,366,0,1065,0,0,6863,0,60,0,0,6044,4023,0,0,8963,0,0,0,10264,0,0,0,0,6579,0,0,0,0,0,1586,0,0,0,0,0,608,0,0,0,0,65,58,0,3356,0,0,0,52,0,0,0,0,165,0,0,6233,0,0,0,6210,14462,0,0,0,7571,0,0,0,5145,70,0,0,0,0,77,0,0,0,15845,0,0,0,62,5270,0,0,12953,0,6290,0,0,6695,0,0,0,0,65,1594,75,0,80,18757,0,0,16433,0,0,0,12897,0,0,5658,6625,0,3287,0,0,15207,0,0,16274,0,0,0,2919,2817,0,0,0,34,0,0,79,0,0,0,7703,0,0,6501,142,78,0,4757,0,11522,0,6204,642,145,6852,70,0,7835,0,2881,0,8956,7891,0,0,0,0,0,0,0,0,0,0,0,617,10279,0,0,0,0,0,6060,6677,0,0,8384,0,0,0,0,0,0,0,0,0,3387,0,79,0,0,0,13066,0,2912,0,11690,0,0,71,0,0,0,0,0,14809,4753,0,0,1625,0,0,16513,76,1102,69,0,0,0,0,0,5584,7999,0,0,6700,0,7836,0,0,0,14944,0,0,0,0,2925,0,0,0,7835,6501,1646,0,1110,0,0,160,6595,963,0,151,6796,0,16187,0,874,2594,0,64,0,3317,0,0,5271,0,0,0,0,0,0,0,6193,0,0,11466,9927,0,0,0,0,0,78,0,10566,0,0,0,5279,0,11425,61,0,0,0,0,0,0,12749,0,0,9916,4821,0,0,0,0,0,0,0,0,0,0,11435,0,74,6749,0,0,0,0,8175,17145,0,9650,0,0,0,16650,7876,0,0,0,0,0,0,0,6947,8895,0,0,0,13959,156,3401,0,8916,0,9238,11747,0,0,0,33,66,0,80,0,58,11511,0,0,12706,5067,0,0,7823,4113,12172
"left_F1_TF9",0,0,0,177,0,0,0,3974,0,0,2955,0,0,0,0,2668,0,10167,0,0,3454,0,0,0,0,0,8570,0,0,0,0,0,2060,0,10993,3630,0,0,3555,0,0,0,7402,0,0,0,0,0,4768,0,0,0,0,0,0,0,0,0,0,0,8471,0,0,0,0,43,38,4229,0,0,0,0,296,0,0,0,0,0,0,997,158,0,1021,0,0,2089,0,100,0,0,3684,1921,0,0,9618,0,0,0,7737,0,0,0,0,2110,0,0,0,0,0,1611,0,0,0,0,0,206,0,0,0,0,41,42,0,6004,0,0,0,97,0,0,0,0,247,0,0,3002,0,0,0,2972,7519,0,0,0,8612,0,0,0,5043,46,0,0,0,0,122,0,0,0,8113,0,0,0,92,7045,0,0,3171,0,2944,0,0,2070,0,0,0,0,47,1605,40,0,49,13414,0,0,9271,0,0,0,3147,0,0,5639,2160,0,627,0,0,5696,0,0,5277,0,0,0,941,1167,0,0,0,0,0,0,40,0,0,0,8059,0,0,2741,280,49,0,4766,0,1238,0,3061,212,258,2117,42,0,6235,0,954,0,8504,2967,0,0,0,0,0,0,0,0,0,0,0,232,5179,0,0,0,0,0,6495,2093,0,0,10289,0,0,0,0,0,0,0,0,0,5967,0,47,0,0,0,3263,0,865,0,2283,0,0,35,0,0,0,0,0,9093,6678,0,0,1567,0,0,3483,44,976,46,0,0,0,0,0,5620,7174,0,0,2667,0,2913,0,0,0,5814,0,0,0,0,1225,0,0,0,2949,5427,1636,0,1011,0,0,114,5861,484,0,255,2716,0,5575,0,606,1060,0,115,0,624,0,0,2746,0,0,0,0,0,0,0,2990,0,0,1203,10217,0,0,0,0,0,54,0,6396,0,0,0,5473,0,4109,101,0,0,0,0,0,0,9766,0,0,10730,6698,0,0,0,0,0,0,0,0,0,0,1158,0,62,2123,0,0,0,0,6578,3562,0,7356,0,0,0,3541,2971,0,0,0,0,0,0,0,2751,8502,0,0,0,9830,278,5934,0,8373,0,1385,7505,0,0,0,0,52,0,39,0,41,1119,0,0,5184,4199,0,0,5576,1923,2393
"left_F1_TF10",0,0,0,322,0,0,0,11161,0,0,13213,0,0,0,0,12405,0,15061,0,0,10265,0,0,0,0,0,14683,0,0,0,0,0,11385,0,11922,7840,0,0,13079,0,0,0,8769,0,0,0,0,0,12949,0,0,0,0,0,0,0,0,0,0,0,7858,0,0,0,0,0,0,12744,0,0,0,0,158,0,0,0,0,0,0,1036,374,0,7083,0,0,11406,0,39,0,0,13164,5940,0,0,19376,0,0,0,7418,0,0,0,0,11577,0,0,0,0,0,1197,0,0,0,0,0,181,0,0,0,0,74,0,0,10085,0,0,0,44,0,0,0,0,160,0,0,9443,0,0,0,9272,13373,0,0,0,11848,0,0,0,10294,0,0,0,0,0,41,0,0,0,16420,0,0,0,49,6878,0,0,11173,0,9260,0,0,11470,0,0,0,0,0,1206,0,0,0,8161,0,0,12532,0,0,0,11406,0,0,7370,11206,0,4568,0,0,14575,0,0,16442,0,0,0,943,3267,0,0,0,0,0,0,0,0,0,0,7927,0,0,12546,143,0,0,12883,0,1737,0,9268,189,141,11476,0,0,11530,0,912,0,14410,13063,0,0,0,0,0,0,0,0,0,0,0,193,8157,0,0,0,0,0,14342,11586,0,0,11210,0,0,0,0,0,0,0,0,0,9741,0,51,0,0,0,11225,0,939,0,8855,0,0,0,0,0,0,0,0,13987,2521,0,0,1270,0,0,7805,0,7071,0,0,0,0,0,0,7464,3923,0,0,12367,0,12947,0,0,0,14602,0,0,0,0,3269,0,0,0,13001,13099,1200,0,7211,0,0,0,12663,374,0,150,12655,0,13459,0,684,993,0,43,0,4611,0,0,10628,0,0,0,0,0,0,0,9439,0,0,1754,17798,0,0,0,0,0,0,0,4933,0,0,0,9338,0,13393,34,0,0,0,0,0,0,13786,0,0,21181,2600,0,0,0,0,0,0,0,0,0,0,1724,0,0,11595,0,0,0,0,21801,7813,0,16983,0,0,0,7875,13116,0,0,0,0,0,0,0,12720,14220,0,0,0,18838,134,9859,0,14455,0,7932,12942,0,0,0,0,73,0,0,0,0,1723,0,0,15309,10607,0,0,11784,5956,9053
"left_F2_TF1",0,0,0,0,0,0,0,2221,0,0,793,0,0,0,0,2553,0,2820,0,0,1916,0,0,0,0,0,2881,0,0,0,0,0,1018,0,2130,415,0,0,1192,0,0,0,3806,0,0,0,0,0,1420,0,0,0,0,0,0,0,0,0,0,0,3513,0,0,0,0,0,0,1698,0,0,0,0,0,0,0,0,0,0,0,57,0,0,201,0,0,1041,0,0,0,0,1331,347,0,0,4533,0,0,0,672,0,0,0,0,1024,0,0,0,0,0,107,0,0,0,0,0,0,0,0,0,0,0,0,0,662,0,0,0,0,0,0,0,0,0,0,0,976,0,0,0,961,3055,0,0,0,1281,0,0,0,1140,0,0,0,0,0,0,0,0,0,2442,0,0,0,0,3220,0,0,1034,0,990,0,0,1031,0,0,0,0,0,112,0,0,0,2306,0,0,1672,0,0,0,1059,0,0,4617,1059,0,0,0,0,3242,0,0,1562,0,0,0,68,88,0,0,0,0,0,0,0,0,0,0,910,0,0,2515,0,0,0,1371,0,90,0,952,0,0,1009,0,0,4086,0,67,0,1744,808,0,0,0,0,0,0,0,0,0,0,0,0,1720,0,0,0,0,0,3435,1126,0,0,2389,0,0,0,0,0,0,0,0,0,719,0,0,0,0,0,1067,0,64,0,505,0,0,0,0,0,0,0,0,2211,731,0,0,106,0,0,436,0,211,0,0,0,0,0,0,4416,1900,0,0,2535,0,725,0,0,0,3339,0,0,0,0,94,0,0,0,808,2314,124,0,208,0,0,0,1527,0,0,0,2647,0,1983,0,113,51,0,0,0,0,0,0,4103,0,0,0,0,0,0,0,979,0,0,84,3416,0,0,0,0,0,0,0,3513,0,0,0,1887,0,3040,0,0,0,0,0,0,0,1364,0,0,2841,772,0,0,0,0,0,0,0,0,0,0,95,0,0,1078,0,0,0,0,1451,433,0,3341,0,0,0,429,776,0,0,0,0,0,0,0,2661,1701,0,0,0,3854,0,688,0,1809,0,923,1663,0,0,0,0,0,0,0,0,0,92,0,0,1687,1507,0,0,1066,377,488
"left_F2_TF2",0,0,0,0,0,0,0,20980,0,0,9883,0,0,0,0,9087,0,17559,0,0,16194,0,0,0,0,0,17229,0,0,0,0,0,6523,0,16343,671,0,0,15897,0,0,0,18154,0,0,0,0,0,3233,0,0,0,0,0,0,0,0,0,0,0,20717,0,0,0,0,0,0,11802,0,0,0,0,0,0,0,0,0,0,0,0,0,0,366,0,0,6508,0,0,0,0,15797,2642,0,0,27868,0,0,0,10031,0,0,0,0,6477,0,0,0,0,0,108,0,0,0,0,0,0,0,0,0,0,0,0,0,1202,0,0,0,0,0,0,0,0,0,0,0,11130,0,0,0,11154,15426,0,0,0,17979,0,0,0,20368,0,0,0,0,0,0,0,0,0,25441,0,0,0,0,25062,0,0,9642,0,11108,0,0,6429,0,0,0,0,0,123,0,0,0,17159,0,0,15709,0,0,0,9645,0,0,13942,6579,0,72,0,0,15774,0,0,19711,0,0,0,133,420,0,0,0,0,0,0,0,0,0,0,25574,0,0,9260,0,0,0,3505,0,206,0,11208,0,0,6610,0,0,23582,0,134,0,16112,9866,0,0,0,0,0,0,0,0,0,0,0,0,21804,0,0,0,0,0,20758,6465,0,0,29248,0,0,0,0,0,0,0,0,0,1282,0,0,0,0,0,9799,0,116,0,743,0,0,0,0,0,0,0,0,18618,826,0,0,99,0,0,672,0,308,0,0,0,0,0,0,13984,18912,0,0,9443,0,10055,0,0,0,15609,0,0,0,0,412,0,0,0,9981,18376,129,0,375,0,0,0,19807,0,0,0,9523,0,14489,0,0,0,0,0,0,61,0,0,12858,0,0,0,0,0,0,0,11083,0,0,220,34979,0,0,0,0,0,0,0,19872,0,0,0,6867,0,15044,0,0,0,0,0,0,0,17739,0,0,23213,845,0,0,0,0,0,0,0,0,0,0,197,0,0,6480,0,0,0,0,25460,683,0,31640,0,0,0,613,9990,0,0,0,0,0,0,0,9770,15946,0,0,0,31190,0,1240,0,15978,0,1522,18454,0,0,0,0,0,0,0,0,0,198,0,0,16063,14057,0,0,20760,2788,742
"right_M1_TF1",45153,7107,0,0,0,0,0,0,22246,34,0,35590,91,0,0,0,45065,0,0,0,0,44136,0,31839,1881,39162,0,34486,36,28764,0,0,0,32,0,0,5535,32419,0,0,0,0,0,0,42879,66,0,0,0,0,0,0,0,40534,0,0,32876,0,0,0,0,36,41565,15127,0,0,0,0,170,0,0,0,0,0,0,927,0,54450,42074,0,0,44818,0,0,0,0,63,0,0,0,0,0,45524,0,0,0,0,0,0,240,0,42,0,0,3061,39184,0,0,15745,0,5829,39468,0,22,0,0,0,28189,0,39040,0,0,41022,0,18761,0,0,0,0,43564,0,0,0,0,0,0,0,0,0,0,0,34517,0,3921,0,65,0,30293,0,0,22244,43549,0,0,0,0,6853,0,0,15479,0,0,0,0,0,0,0,10187,0,39132,1118,0,0,0,983,0,0,0,0,0,0,0,43444,7301,0,0,23952,0,0,4892,0,0,0,0,0,0,43955,0,0,22417,0,23608,41994,65,0,0,0,0,3089,0,34307,0,0,0,0,0,0,40007,53,0,0,0,42035,0,210,0,0,0,0,0,0,0,42347,0,0,0,0,0,0,0,0,0,33140,0,0,43788,0,44594,0,0,0,0,33,0,96,66,0,0,0,0,0,0,0,28462,0,0,0,0,0,0,0,0,0,0,92,34488,0,0,5036,0,31035,0,0,0,0,33208,0,34559,0,0,0,0,36831,41305,0,8435,4307,0,0,0,0,0,33986,0,0,40215,0,0,0,28099,0,43508,0,0,38208,0,0,40065,0,0,22716,0,0,3780,36403,0,0,0,31846,0,0,41739,0,0,0,362,0,0,0,0,0,0,0,12608,0,0,0,38896,42743,0,15106,0,29724,6394,0,174,3826,0,20019,35,0,0,0,43462,0,0,7505,0,30272,0,30,0,40,0,37039,0,0,0,1548,0,143,31857,0,0,41793,38545,0,0,38986,5283,0,0,0,50726,0,29,34663,0,0,39136,0,0,0,0,37074,0,0,0,0,0,404,3692,57,0,0,0,4324,0,30377,224,0,72,0,0,1575,0,0,0,0,0,41046,0,0,0,0,0,101,1708,0,0,42013,0,124,0,0,0,0,0,0,1715,0,0,0,0
"right_M1_TF2",44300,8228,0,0,0,0,0,0,32143,0,0,40457,91,0,0,0,50409,0,0,0,0,39119,0,43679,153,41082,0,35008,0,17461,0,0,0,0,0,0,1888,23066,0,0,0,0,0,0,48015,25,0,0,0,0,0,0,0,36339,0,0,44122,0,0,0,0,114,42435,23273,0,0,0,0,552,0,0,0,0,0,0,290,0,37122,46324,0,0,47637,0,0,0,0,0,0,0,0,0,0,51447,0,0,0,0,0,0,172,0,36,0,0,164,32639,0,0,4781,0,1474,45120,0,34,0,0,0,32419,0,46109,0,0,42670,0,11371,0,0,0,0,41370,0,0,0,0,0,0,0,0,58,0,0,47254,0,6513,0,33,0,31606,0,0,22042,41402,0,0,0,0,3763,0,0,17167,0,0,0,0,0,0,0,2577,0,44498,3687,0,0,0,0,0,0,0,0,0,0,0,47566,10758,0,0,35345,0,0,6218,0,0,0,0,0,0,42298,0,0,17929,0,24243,46192,0,0,0,0,0,451,0,41644,0,0,0,0,0,0,46673,0,0,0,0,37414,0,25,0,0,0,0,0,0,0,38424,0,0,0,0,0,0,0,0,0,45101,0,0,49519,0,42914,0,0,0,0,39,0,106,0,0,0,0,0,0,0,0,25208,0,0,0,0,0,0,0,0,0,0,39,42211,0,0,139,0,36416,0,0,0,0,36072,0,42782,0,37,0,0,42907,51158,0,6971,5989,0,0,0,0,0,30997,0,0,46459,0,0,0,25390,0,46142,0,0,46013,0,0,47033,0,0,27554,0,0,229,41409,0,0,0,37621,0,0,42718,0,0,0,210,0,0,0,0,40,0,0,7669,0,0,0,35453,43280,0,4300,0,31969,3177,0,534,7850,0,18675,0,0,0,0,43149,0,0,13341,0,32230,0,35,0,0,0,51210,0,0,0,651,0,196,40932,0,0,42371,35285,0,0,46096,1721,0,35,0,48763,0,0,22463,0,0,46113,0,0,0,0,42479,36,0,0,0,0,397,7907,58,0,0,0,209,0,45756,602,0,81,0,0,636,0,0,0,0,0,42578,0,0,0,0,0,83,5462,0,0,42871,0,99,0,0,0,0,0,0,164,0,0,0,0
"right_M1_TF3",24524,26088,0,0,0,0,0,0,20167,0,0,19607,68,0,0,0,28268,0,0,0,0,25803,0,26458,2682,18280,0,22500,0,20739,0,0,0,0,0,0,3740,22904,0,0,0,0,0,0,36788,0,0,0,0,0,0,0,0,27055,0,0,22090,0,0,0,0,75,17748,15471,33,0,0,0,0,0,0,0,0,0,0,59,0,24450,28895,0,0,34964,0,0,0,0,64,0,0,0,0,0,34083,0,0,0,0,0,0,70,0,0,0,0,11344,25141,0,0,14604,0,5649,25545,0,97,0,0,0,15512,0,20327,0,0,28123,0,21937,0,0,0,0,27875,0,0,0,0,0,0,0,0,0,0,0,32135,0,412,0,63,0,23283,0,0,8113,32644,0,0,0,0,608,0,0,5249,0,0,0,0,0,0,0,10201,0,23181,160,0,0,0,222,0,0,0,0,0,0,0,32078,1503,0,0,12701,0,0,407,0,0,0,0,0,0,24979,0,0,11530,0,22777,25061,0,0,0,0,0,1847,0,26093,0,0,0,0,0,0,30502,143,0,0,0,26115,0,150,0,0,0,0,0,0,0,31601,0,0,0,0,0,0,0,0,0,22675,0,0,23480,0,25699,0,0,0,0,110,0,0,49,0,0,0,0,71,0,0,21013,0,0,0,0,0,0,33,0,0,0,68,24761,0,0,1671,0,23944,0,0,0,0,23403,0,24877,0,83,0,0,37621,27322,0,12240,6604,0,0,0,0,0,23915,0,0,29609,0,0,0,21775,0,24596,0,0,26313,0,0,29337,0,0,14463,0,0,7550,19558,0,0,0,14201,0,0,24667,0,0,0,3733,0,0,0,0,0,0,0,3408,0,0,0,21716,29696,0,3466,0,30536,11808,0,0,17872,0,3431,0,0,0,0,34966,0,0,7568,0,30832,0,0,0,28,0,25943,0,0,0,1494,0,0,26428,0,0,29894,28655,0,0,19309,4236,0,0,0,26593,0,0,16423,0,0,19158,0,0,0,0,20261,0,0,0,0,0,396,17854,130,0,0,0,2017,0,21876,81,0,27,0,0,1568,0,0,0,0,0,27701,0,0,0,0,0,59,820,0,0,29388,0,711,0,0,0,0,0,0,1229,0,0,0,0
"right_M2_TF1",0,87,3388,0,20153,0,0,0,0,440,0,0,0,0,0,0,0,0,209,0,0,0,0,0,6529,0,0,0,32,36,26131,0,0,0,0,0,6738,0,0,0,0,23543,0,18466,0,0,6505,0,0,0,0,14556,31609,0,0,0,0,16408,201,0,0,22,0,0,28766,0,0,0,0,16603,14802,12896,0,0,0,0,0,0,0,0,0,0,0,23092,14240,0,31075,0,12431,25944,0,0,0,26637,0,20844,0,0,0,0,23256,25247,0,0,16761,0,0,24376,1102,0,4474,0,0,12565,16507,0,0,0,0,0,0,0,0,0,36,24,0,0,14442,0,0,0,0,28,15267,0,0,0,0,0,0,0,11373,0,0,22183,18633,0,0,0,0,0,0,554,0,0,0,0,0,0,0,0,0,0,25048,19916,0,2116,0,0,0,0,22768,31823,28345,0,0,0,0,0,0,0,0,0,0,0,0,20796,0,0,0,0,0,23709,0,17793,0,0,9110,223,0,37,0,23891,0,0,26455,19169,15310,0,0,0,0,17894,0,23231,0,0,21867,0,0,0,0,0,18621,0,0,0,0,0,0,0,0,0,16125,0,0,0,0,0,0,15631,0,29060,0,0,0,0,22870,11096,0,0,29615,16849,0,23689,26455,0,0,0,0,0,0,0,198,0,9759,24700,19394,0,24435,0,0,0,0,0,0,0,10620,0,0,0,0,27814,0,0,23545,0,0,23097,0,0,0,0,0,831,502,0,0,0,0,21576,0,19594,28474,0,0,0,14536,0,0,0,0,22922,0,7135,0,0,0,20622,0,0,0,11963,0,0,0,0,0,0,17475,0,0,0,0,16412,0,0,0,0,33,0,0,0,0,0,0,0,0,0,1581,17185,0,7099,15155,0,1315,0,0,16269,0,0,27021,0,0,0,0,0,0,0,31211,0,0,0,0,0,0,0,4369,2990,0,0,0,0,0,0,0,0,0,5972,0,68,0,0,0,103,38,211,0,0,0,0,0,0,0,0,0,0,16205,0,0,1309,22940,0,0,16788,15609,16511,0,0,21344,25520,0,0,4341,0,5660,0,0,0,0,0,16980,0,0,0,0,0,0,0,0,0,24776,0,0,15151,21629,0,0,13588,0,0,0,0
"right_M3_TF1",20222,0,2765,0,0,0,0,0,34770,22695,0,1950,35174,0,0,0,13956,0,34493,0,0,3659,0,555,0,33187,0,576,32568,47,80,0,0,34676,0,0,41,132,0,0,0,0,0,0,1314,25095,1180,0,0,0,0,31,44,2999,0,0,39326,30,31948,0,0,35754,32136,42009,0,0,0,0,35169,0,61,100,0,0,0,48491,0,19937,24811,0,0,998,0,0,0,0,0,0,45,0,0,0,15286,0,0,0,0,0,0,34846,0,55,0,0,99,13952,0,60,0,0,0,28528,0,0,0,0,0,32571,0,34483,0,0,36687,0,0,32065,0,0,1337,18435,0,0,0,31117,0,0,0,0,37259,0,0,591,0,47626,0,0,0,38228,0,0,37085,304,0,23324,0,0,41090,0,0,41288,0,0,0,0,29,43,0,0,0,13057,40064,0,0,0,0,0,0,0,0,0,0,0,11905,35606,0,0,39879,0,0,30294,0,0,0,0,0,0,41442,0,1136,0,0,37,26529,0,0,0,0,40,0,0,16576,0,0,217,0,30,0,28917,0,0,0,0,244,0,0,0,0,0,0,0,0,0,7728,0,61,0,0,0,0,0,0,0,39159,63,0,31799,0,31474,0,8195,0,0,0,0,22738,0,21,0,0,0,29968,0,0,35,32030,0,3055,0,295,0,0,0,0,0,35734,37320,0,0,0,0,1049,0,0,0,0,36,0,37292,0,0,0,0,14887,22600,0,34,44,0,0,0,0,0,0,52,0,10904,0,0,106,0,0,25575,0,0,84,3323,0,7221,0,39,36758,0,0,0,36880,0,0,0,31119,0,35,21931,0,0,0,33,0,0,0,0,33146,0,0,38925,0,0,0,4337,3159,0,0,0,77,0,44,35246,29,0,35063,0,0,0,54,73,0,0,33045,0,68,0,0,0,33442,0,27952,0,0,0,0,6717,38786,35088,0,0,30570,10179,0,0,31114,0,0,33167,0,3506,0,36176,114,32274,0,31353,0,0,0,0,2062,36853,0,0,0,0,45285,32,0,0,0,141,0,37,35918,37328,0,0,0,0,0,0,3057,0,0,0,36570,0,0,0,0,0,31152,37469,0,0,588,0,33,0,0,44,33,0,0,0,0,0,0,0
"right_M3_TF2",24406,0,11195,0,0,0,0,0,40380,36821,0,5209,43651,0,0,0,16066,0,32092,0,0,1579,0,160,37,31485,0,653,33635,0,0,0,0,40646,0,0,31,83,0,0,0,0,0,0,380,42110,2518,0,0,0,0,26,0,2839,0,0,39536,72,35274,0,0,44185,45918,49371,0,0,0,0,36791,39,166,240,0,0,0,44984,0,15410,21198,0,0,1897,0,41,44,0,0,0,0,0,0,0,20600,0,0,0,0,0,0,43387,0,0,0,0,0,17063,0,123,0,0,0,37289,0,0,0,0,0,41203,0,36061,0,0,39876,0,73,35122,0,0,5005,11244,0,0,0,43151,78,0,0,0,39802,0,0,494,63,40109,0,0,0,38035,0,0,41662,2162,0,15543,0,0,46467,0,0,37032,0,0,0,0,29,34,0,0,0,21924,40721,0,0,0,0,0,0,0,0,0,0,0,10408,48208,0,0,37836,0,0,38988,0,0,0,28,0,0,41294,0,2018,0,0,0,37690,0,0,0,75,100,0,0,23278,0,0,173,0,0,0,23269,33,0,0,0,147,0,55,0,0,0,0,0,0,0,17835,0,39,0,0,0,0,0,0,72,40257,0,0,29080,0,40506,0,9851,0,0,0,47,39258,0,0,0,0,0,33004,0,0,0,29109,0,4982,0,231,0,28,0,0,0,31250,45633,0,0,0,0,2212,0,0,31,0,102,0,46231,0,0,0,0,14674,26599,0,0,37,0,0,0,0,34,65,0,0,12083,0,0,107,0,0,29405,0,40,159,2888,0,6798,0,0,41715,0,0,0,34908,0,0,0,34587,0,0,31972,0,0,0,0,0,0,0,0,42191,0,0,39187,0,0,0,360,1579,0,35,0,218,38,0,36553,0,0,47183,0,0,0,0,190,0,0,35570,0,196,0,0,0,47546,0,24107,0,0,0,48,3932,37919,43996,0,0,31977,8656,0,0,37124,0,0,39402,0,1529,0,38323,0,29091,0,37224,0,0,0,0,5541,37662,0,0,0,0,42721,0,0,0,0,140,0,37,35210,44008,47,0,0,0,26,0,3386,0,0,0,40007,0,0,0,0,0,44846,43127,0,0,598,0,0,0,0,0,0,0,0,0,0,0,0,0
"right_M3_TF3",10780,33,5270,0,0,0,0,0,25667,17426,0,5556,32096,0,0,0,10753,0,19712,0,0,2772,0,509,0,18996,0,126,20057,26,0,0,0,27028,0,0,41,81,0,0,0,0,0,0,496,23590,393,0,0,0,0,91,0,2148,0,0,22211,210,25500,0,0,19757,29597,27989,0,0,0,0,24158,0,65,210,0,0,0,24345,0,10464,20122,0,0,1488,0,0,80,0,0,0,0,0,0,0,11548,0,0,0,0,0,0,17490,0,44,0,0,0,16249,0,31,0,0,0,17840,0,22,0,0,0,20709,0,25288,0,0,23846,0,0,16613,0,0,1369,13093,0,0,0,22995,0,0,0,0,26813,0,0,79,37,26160,0,0,0,28823,0,0,30614,178,0,20235,0,0,16046,0,0,27827,0,0,0,0,0,0,0,0,0,15709,23470,0,0,0,0,0,0,0,0,0,0,0,7192,26138,0,0,29733,0,0,20631,0,0,0,0,0,0,23702,0,88,0,0,0,17485,37,0,0,0,69,35,0,12711,0,0,134,0,0,0,14470,41,0,0,0,153,0,0,0,0,0,0,0,0,0,12995,0,39,0,0,0,0,0,0,39,22036,0,0,20737,0,23999,28,4279,0,0,0,30,24886,0,36,0,0,0,24847,0,0,0,22095,0,2058,0,295,0,0,0,0,0,16016,25563,0,0,0,0,181,0,0,0,0,145,0,25715,0,0,0,0,6906,23484,0,0,0,0,0,0,0,0,60,33,29,14636,0,0,65,76,0,18573,0,0,120,767,0,7133,0,0,21192,0,0,0,23711,0,0,0,29324,0,0,16103,0,0,0,0,0,0,0,0,18539,0,0,28045,0,0,0,70,711,0,38,0,35,38,0,24304,0,0,26913,0,0,0,0,204,0,0,28715,0,38,0,0,0,27928,0,27050,0,0,0,0,2946,16197,24203,0,0,19704,4076,0,0,20026,0,0,17945,0,674,0,23194,36,21926,0,20068,0,0,0,0,5570,26563,0,0,0,0,27094,0,0,0,0,127,0,0,24190,20924,0,0,0,0,0,0,827,0,0,0,23853,0,0,0,0,0,24169,24991,0,0,399,0,0,0,0,0,0,0,0,33,0,0,0,0
"right_M4_TF1",231,0,11576,0,0,0,0,0,16544,10707,0,0,16639,0,0,0,130,0,21498,0,0,0,0,0,0,11759,0,0,15803,0,7081,0,0,13176,0,0,0,0,0,0,0,0,0,89,0,16861,19128,0,0,0,0,117,110,73,0,0,0,9667,13304,0,0,21100,18120,20191,32,0,0,0,24790,156,6766,7556,0,0,0,24315,0,167,5280,0,0,0,0,27,1107,0,0,0,172,112,0,0,189,36,0,0,0,0,0,20977,480,0,0,0,0,2365,0,3290,0,0,0,10290,0,0,0,0,0,15533,0,11845,0,0,0,0,0,22574,0,0,14141,579,0,0,0,14813,389,0,0,0,21031,0,0,0,4442,22471,0,0,0,11630,0,0,24666,39,0,19593,0,0,16058,0,0,21836,0,0,0,0,60,2207,0,0,0,835,22616,0,27,212,0,0,0,0,0,0,0,0,59,18334,0,0,14421,71,0,23697,0,0,0,0,0,0,20656,0,15197,0,0,0,14892,0,0,0,37,2451,0,0,354,0,0,11571,0,78,0,7686,0,0,0,0,88,0,0,0,0,0,0,0,0,0,714,0,189,0,0,0,0,0,0,403,0,42,0,11420,0,15407,35,22858,0,0,24,130,18611,0,230,0,0,0,25293,0,0,0,17238,0,18933,0,19904,0,0,0,0,0,8822,0,0,0,0,0,0,0,0,0,0,0,512,0,0,0,0,0,270,4544,0,0,0,0,0,0,0,33,0,1395,646,147,0,0,9229,0,0,1103,0,2072,0,23883,0,120,0,1910,17179,0,0,0,0,0,0,0,15782,0,113,936,0,0,0,0,0,0,0,0,20444,0,0,15112,0,0,0,0,31,0,0,96,0,0,3278,24867,0,0,17844,0,0,0,80,0,0,0,23358,0,0,0,0,0,23230,0,13859,0,0,0,0,23755,17229,0,0,0,8169,562,0,0,22943,0,0,24291,0,38,0,18996,0,17124,0,22668,0,0,0,0,0,15625,0,0,70,0,20628,0,37,0,0,13553,0,244,19465,26084,4692,0,0,0,0,0,20147,0,0,0,0,0,94,0,0,0,14978,21643,0,0,0,0,0,0,0,3222,334,0,0,0,0,0,0,0
"right_M5_TF1",0,0,34330,0,613,0,0,0,907,25926,0,0,19544,0,0,0,0,0,28197,0,0,0,0,0,0,477,0,0,29834,0,25977,0,0,27233,0,0,0,0,0,0,0,1916,0,8383,0,31655,30326,0,0,0,0,13191,12668,0,0,0,0,34417,36059,0,0,19846,261,7211,619,0,0,0,27353,17742,38194,28357,0,0,0,15755,0,34,0,0,0,0,0,6797,24945,0,124,0,24968,11228,0,0,0,3966,0,88,0,0,0,20352,20680,0,0,0,0,32,0,21693,0,0,0,72,0,0,2953,0,0,1075,0,120,0,0,0,0,36,25327,0,0,30767,0,0,0,0,29263,29356,0,0,0,22224,0,0,0,31783,15195,0,0,1369,884,0,0,4050,0,0,24161,0,0,13878,0,0,11720,0,0,0,0,6482,19083,0,0,0,0,18416,0,4642,26182,41,0,0,0,0,0,0,0,0,18034,0,0,1263,4034,0,21048,0,0,0,865,0,1327,243,0,30434,0,0,0,103,66,0,0,1337,31349,0,0,0,0,0,31433,0,3221,0,0,0,0,0,0,0,0,31,0,0,0,0,0,0,0,0,0,12058,0,0,0,0,0,0,20660,0,11483,0,300,0,1764,1560,32260,0,0,66,13994,21562,70,23634,0,0,0,31209,0,0,0,21081,0,34766,274,21181,0,224,0,0,0,21670,0,0,0,27,0,0,0,0,234,0,0,20664,0,0,0,0,0,0,35,0,0,36,0,0,0,0,64,0,28742,19271,0,0,0,31200,0,0,0,0,32030,0,26121,0,0,0,21791,8646,0,0,0,0,0,0,0,1913,0,12568,0,0,0,0,0,0,0,0,0,19520,0,0,13106,0,0,0,0,0,0,0,12701,0,0,33135,27091,0,0,9548,183,0,0,5360,0,0,0,14117,0,0,0,0,0,32519,0,96,0,0,0,0,29487,15297,0,0,0,0,0,0,0,163,0,0,26897,0,0,0,28350,0,21041,0,167,0,0,0,0,0,37229,0,0,9112,0,18931,0,64,0,0,34864,29,15766,1145,22152,20374,0,0,0,0,0,37465,0,0,0,0,0,12570,0,0,0,25789,15005,0,0,0,0,0,0,0,33255,18489,0,0,0,0,0,0,0
"right_M5_TF2",0,0,28529,0,326,0,0,0,856,35772,0,0,14669,0,0,0,0,0,21937,0,0,0,0,0,0,62,0,0,21421,0,28441,0,0,23894,0,0,0,0,0,0,0,1897,0,3589,0,22154,20373,0,0,0,0,14281,14702,0,0,0,0,23203,19823,0,0,16354,992,3043,153,0,0,0,19720,8939,28801,27355,0,0,0,13299,0,0,0,0,0,0,0,3396,20152,0,35,0,8655,4844,0,0,0,717,0,85,0,0,0,14134,12679,0,0,0,0,0,0,18325,0,0,0,70,0,42,3109,0,0,494,0,64,0,0,0,0,0,24522,0,0,15272,0,0,0,0,15402,17053,0,0,0,19101,0,0,0,27513,3910,0,58,359,1431,0,0,4963,0,0,16471,0,0,11170,0,0,9961,0,0,0,0,613,16079,0,0,0,0,18040,0,4136,12892,32,0,0,0,0,0,0,0,0,12262,0,0,4483,1297,0,11201,0,0,0,802,0,395,169,0,27625,0,0,0,464,0,0,0,348,26351,0,0,0,0,0,28076,0,1630,0,0,0,0,0,0,0,0,38,0,0,0,0,0,0,0,30,0,2145,0,0,0,0,0,0,12331,0,9061,0,502,0,2712,385,23352,0,0,75,11977,12551,0,20675,0,0,0,20046,0,0,0,26875,0,18315,100,25813,0,83,0,0,0,25734,0,0,0,0,0,0,0,0,138,0,0,12998,0,0,0,0,0,0,0,0,0,0,0,0,0,0,166,0,21410,21594,0,0,0,23338,0,0,37,0,21500,0,30916,0,0,0,26155,6822,0,0,0,0,0,0,0,988,0,1311,37,0,0,0,0,0,0,0,0,25903,0,0,15676,0,0,0,0,0,0,0,6389,0,27,18839,19779,0,0,2785,83,0,0,2773,0,0,0,4866,0,0,0,30,0,22998,0,57,0,0,0,36,27641,19434,0,0,0,80,0,0,0,285,0,0,18798,0,0,0,23759,0,27266,0,285,0,0,0,0,0,20547,0,0,2368,0,19091,0,0,0,0,25005,0,7324,222,18854,23357,30,0,0,42,0,25402,0,0,0,0,0,6399,0,0,0,21129,14298,0,0,0,0,74,0,0,18822,23891,0,0,0,0,0,0,0
"right_M5_TF3",0,0,15831,0,446,0,0,0,2268,11288,0,0,18895,0,0,0,0,0,19610,0,0,0,0,0,61,181,0,0,16437,0,14674,0,0,14308,0,0,0,0,0,0,0,282,0,5467,0,17346,20799,0,0,0,0,9018,4996,0,0,0,0,21688,16771,0,0,6535,793,3482,163,0,0,0,15892,5607,22206,21419,0,0,0,12962,0,26,0,0,0,0,0,843,9681,0,0,0,9229,1314,0,0,0,385,0,74,0,0,0,12277,12910,44,0,0,0,0,0,11740,0,0,0,0,0,68,501,0,0,682,0,165,0,0,0,0,0,19824,0,0,15156,0,0,0,0,17748,8398,0,0,0,12891,0,0,0,22027,7936,0,0,1291,183,0,0,4937,0,0,15706,0,0,7516,0,0,7128,0,0,0,0,802,12992,0,0,0,0,11710,0,702,2853,0,0,0,0,0,0,0,0,0,7267,0,0,579,481,0,7676,0,0,0,446,0,192,146,0,23750,0,0,0,201,33,0,0,991,12158,0,0,0,0,0,16754,0,200,0,0,0,0,0,0,0,0,0,0,0,0,0,0,0,0,0,0,2106,0,0,0,0,0,0,10170,0,3846,0,370,0,3170,548,12122,0,0,35,3863,18535,72,9787,0,0,0,19847,0,0,0,12981,0,18579,94,14746,0,37,0,0,0,14677,0,0,0,0,0,0,0,0,53,0,0,12973,0,0,0,0,0,0,34,0,45,0,0,0,0,0,30,0,16575,13550,0,0,0,11738,0,0,0,0,18534,0,14533,0,35,0,12584,8726,0,0,0,0,0,0,0,621,0,755,0,0,0,0,0,0,0,0,0,17446,0,0,11244,0,0,0,0,0,0,0,2655,0,0,13448,15921,0,0,6267,0,0,0,476,0,0,0,3227,0,0,0,0,0,13246,0,121,0,0,0,0,25617,1794,0,0,0,76,0,0,0,151,0,0,15594,0,0,0,10190,0,12806,0,181,0,0,0,0,0,11676,0,0,1319,0,8424,0,69,0,0,13619,0,6426,162,20645,17810,25,0,0,0,0,11884,0,0,0,0,0,2743,0,0,0,14613,8050,0,0,0,0,0,0,0,13659,9256,0,0,0,0,0,0,0
"B1_TF1",0,0,31428,30075,800,0,0,40203,600,25199,28134,0,22761,0,0,37982,0,25371,31026,0,27139,0,0,0,0,169,23168,0,32618,0,32805,1496,28120,24258,24561,21427,34,0,23083,0,0,5728,20930,16851,0,31150,39650,0,33180,0,0,31719,11672,0,0,5426,0,35222,24755,0,18352,24185,1315,3455,199,7422,7244,29526,24705,13195,30720,32815,17874,0,0,17536,0,30,0,26406,30271,0,27417,8424,29118,28317,37,8450,23740,9117,23297,29248,0,1324,37878,162,54,0,28183,31976,25992,34,0,27846,0,0,0,28911,0,22734,44,144,86,99,3044,18984,149,1982,0,190,9471,7353,0,29221,0,25746,0,8703,24601,0,0,538,18048,31463,23366,24280,0,0,29511,24322,30594,0,25627,13664,30397,0,1838,1369,18082,7446,5565,0,562,25697,8503,0,17255,0,29782,14984,0,0,8474,37639,3766,20281,31511,0,24392,0,23596,28241,1478,23401,131,0,7443,22322,7378,0,7326,35481,0,12125,25881,198,1937,6189,31382,16781,0,27346,28119,160,17492,486,101,29035,30985,0,25390,0,944,0,22508,23556,2770,32424,27,2187,0,0,7362,33760,0,3975,26672,31,68,38579,18058,7556,0,33128,0,27469,0,24512,18611,18069,28172,7494,0,31810,8507,22799,0,26559,28390,0,143,26580,0,10087,0,231,0,431,325,31180,18700,24036,106,15500,36795,112,24388,37452,27971,0,29824,44185,0,0,33181,0,27559,137,32323,0,61,29017,0,9562,21380,0,0,31531,0,22600,0,31271,0,338,7476,0,26172,0,0,0,28517,20552,0,38,22401,0,0,21204,7373,27441,7381,684,0,30955,25928,0,27179,30938,25587,0,38708,0,28196,22698,0,31893,28986,52,0,38364,7624,23578,0,0,0,28190,30823,22807,7130,27715,5419,31,4494,19090,22409,0,18138,38752,0,21439,27370,24236,26628,13337,8734,0,17592,0,0,27383,36,13478,0,48,37491,25091,0,24277,15495,172,27816,34785,6347,0,0,0,18375,7436,0,25427,43,0,32577,27854,66,28557,8596,0,0,28507,19225,0,106,23957,0,38,44497,20362,821,0,0,27175,0,0,0,25603,0,33132,27344,865,7491,28011,0,0,0,33745,22624,21518,7599,36140,17084,0,118,21549,28238,30846,0,25157,2803,25973,35224,64,38890,26622,0,0,30619,43160,18060,29077,0,26317,13499,30158,43215,0,24767,22158,3470,9408,0,7532,0,7585,27672,37082,24848,36458,30624,34,0,26638,29588,32749
"B1_TF2",0,0,20543,7825,142,0,0,7394,1870,22567,18906,0,9379,0,0,15007,0,12954,15673,0,22443,0,0,0,33,180,10631,0,21206,0,18748,266,18497,20205,13207,20335,0,0,18242,0,0,237,18958,5849,0,20070,20869,0,12510,0,0,16061,11122,0,0,1179,0,21981,22456,0,14160,23361,892,3277,137,3760,3693,18958,17371,3279,25048,25735,7325,0,0,12190,0,0,0,9022,7759,0,16097,6642,16676,18515,40,11778,12216,3339,18575,18046,0,370,9537,0,0,0,11604,15741,17532,49,0,18433,0,43,0,17913,0,16768,0,39,36,30,1519,3774,374,1015,0,231,4999,3702,0,16328,0,24123,0,12041,23516,0,0,241,7302,17842,18589,10154,0,0,18345,10087,18484,0,20106,5451,18885,32,114,2645,15297,3753,2978,0,259,23028,11893,0,12495,0,15490,7884,0,0,12117,21755,2133,18584,7891,0,10180,35,15710,18952,1388,11098,0,0,3793,16832,3659,0,3815,26965,0,17487,21638,126,2685,383,7902,17528,0,12055,18726,867,14047,734,238,18114,16634,0,22387,0,915,135,17270,12191,2796,21164,0,1115,0,0,3690,17840,0,1173,17414,0,91,15120,7378,3822,0,12601,0,8272,0,10241,3722,7242,18558,3757,0,23211,5518,17060,0,12672,18870,0,193,16482,0,7315,0,2152,0,1940,652,17407,3749,18197,71,11706,19975,31,9401,18400,18375,0,27807,9765,0,0,16681,0,28348,172,22881,0,163,16297,0,4880,21678,0,0,7872,0,17204,0,8418,0,129,3711,0,17451,0,0,0,26169,9608,0,79,16854,0,0,20510,3790,15964,3736,131,0,27301,24582,0,12215,17050,22180,0,15509,0,19057,22319,0,26437,18123,0,0,27066,3912,12389,0,0,0,18853,17218,16896,409,16076,4514,0,1879,14647,13137,0,7385,15243,0,8393,21893,12490,9137,15024,12208,0,14123,0,0,18568,0,11344,0,0,20557,17654,0,10193,13471,54,8162,16445,301,0,0,0,12016,3744,0,9539,0,0,13538,15834,364,17719,12255,0,0,29025,17837,0,381,15112,65,0,19932,9592,553,0,0,19606,0,0,0,17341,0,16810,8412,605,3707,18611,0,0,0,20718,16537,20548,2845,24789,14838,0,0,20454,18840,25788,0,20580,254,19789,28115,32,15563,12807,0,0,31542,18578,7386,16097,0,12858,11384,16169,23098,0,12921,9804,767,4992,0,3955,0,3844,8400,20395,13092,6979,18647,0,0,8704,18479,8863
"B2_TF1",0,16054,30,216,14355,0,0,7279,0,0,2603,1029,0,0,0,3220,0,10867,0,0,6961,300,0,3457,21353,33,11010,961,0,16545,5403,0,4181,0,5150,2164,18260,5719,8339,0,0,11722,8021,21430,345,0,87,0,10919,0,0,8282,7040,593,0,0,0,1093,0,0,11513,0,0,0,15998,0,0,3000,0,9780,2327,1611,193,0,0,0,0,32,35,572,198,105,1065,10632,9181,4189,23816,63,12291,16229,8329,2201,0,13055,11822,22743,0,0,2108,0,8226,17759,0,4312,19882,127,0,8146,13351,1230,18547,0,0,19115,10570,158,0,0,0,0,107,0,0,3403,16594,0,0,72,288,45,0,0,201,0,8670,3682,0,0,0,3723,12360,3394,5283,0,8466,20398,17184,0,14336,0,0,2189,0,0,49,0,0,0,17874,0,0,0,73,11765,10531,6218,7618,16924,3610,31,0,4282,19985,10567,19083,0,0,1168,0,0,0,7529,276,0,9764,0,0,21402,7473,0,0,6318,4289,13477,545,13189,0,4586,122,21047,13898,9990,71,18161,733,859,20679,1167,21502,0,40,0,0,3324,0,14528,11251,111,14434,3352,172,0,6621,10862,16590,1418,0,3647,171,193,4190,0,42,4148,9272,728,0,8279,2546,0,0,13694,0,17787,0,0,0,0,14315,100,178,11917,19430,11724,0,14783,9222,9289,4348,0,0,9578,0,10837,0,0,215,21212,284,0,18371,3271,0,98,0,0,0,7856,17989,698,1008,2894,0,17562,0,11333,8251,0,0,14186,11590,5387,65,36,1217,12843,20236,2243,0,1042,0,15025,13585,774,8706,70,6213,4189,1777,13790,3187,33,2537,6493,5362,295,4513,268,0,1927,0,881,0,18201,0,2638,12416,1154,0,1001,8220,41,44,4104,262,21725,203,3330,0,7919,0,379,561,0,48,0,604,1031,207,8340,16689,20236,2158,17618,4552,0,18019,3702,45,12385,1415,16379,21727,749,0,0,0,0,2237,10105,22198,0,0,8319,0,8053,84,0,18841,29,0,0,0,2933,0,0,16257,5465,0,19960,0,0,0,75,0,0,13657,0,1406,0,0,4461,0,0,1025,0,13298,2108,16925,15684,0,18230,23874,2179,2603,2542,17370,6002,37,0,6299,19141,3328,8193,18697,0,99,7790,198,3413,0,8145,20180,4627,13136,0,0,0,0,98,762,0,13004,0,1409,4573,7370,15637,8858,14211,0,6303,2136,2855
"B2_TF2",70,37123,86,329,43714,0,0,47476,0,0,22001,1515,0,0,0,27146,3180,41441,0,0,32231,3930,0,8759,43584,0,29307,6007,0,23792,15291,0,26816,0,28873,17459,48454,19479,29523,0,0,40313,31930,34733,2720,0,661,0,31910,0,0,28107,28867,3236,0,0,0,6200,0,0,32520,0,0,0,42720,81,88,47243,0,30572,10521,3019,104,0,0,0,0,72,28,4696,324,3215,5813,37953,28628,26971,32398,166,33476,42601,30329,24159,114,42759,35908,38578,0,0,22864,0,25847,46938,0,27111,27436,34,0,19605,36677,6567,35691,31,0,43423,32165,326,0,28,0,0,220,83,0,15509,38837,0,0,177,1212,69,0,0,95,0,29318,26180,0,0,0,26164,38201,13554,13494,0,30957,39287,42965,0,39469,85,0,2669,0,62,158,0,0,0,33668,0,0,0,164,44780,37348,21010,33021,34849,26112,40,0,26917,30178,26027,39123,0,87,6609,96,0,90,42706,554,0,29490,0,0,40018,33107,28,0,29271,26677,43586,2606,41123,0,29365,422,32112,35622,28679,0,44882,2225,13852,35213,18926,44176,0,33,0,88,8953,0,37784,37577,69,44311,27370,102,99,16415,31967,39619,14436,0,26151,327,117,26811,93,80,35638,30082,2350,0,27387,22042,0,0,21705,0,37038,0,34,0,107,33948,98,318,33152,39489,26786,0,40225,30392,31881,26960,0,0,28428,0,27430,0,0,373,37243,456,0,45142,15406,0,208,0,0,0,33427,41529,2277,8673,15729,0,39892,89,14772,25628,0,0,44197,43259,32602,1455,0,6483,33968,37353,17737,102,6009,91,33909,21326,20349,23312,151,29198,34214,19539,28015,27278,0,22232,24887,7452,280,29592,3295,0,25699,115,13926,0,36156,0,22016,28510,6673,0,6029,40275,49,34,34364,287,50667,139,27385,0,31572,0,714,4870,0,157,0,2538,7233,999,36262,42526,37206,7320,46819,24532,0,44398,26027,0,40661,14420,44890,32524,6903,0,0,0,78,7257,43971,39326,0,0,29449,0,46551,146,0,39590,98,0,0,0,30153,0,1444,49397,32486,0,53916,0,0,0,5283,0,0,32603,0,14441,0,108,26975,0,0,1573,0,47977,17774,27059,56734,0,44472,42994,17715,21929,11918,45320,29838,0,0,17211,44171,27741,27115,39353,0,401,61048,105,15483,0,26993,37186,14604,39862,0,0,0,0,192,6893,105,39374,98,14580,24544,28415,46898,27183,39299,0,35143,24693,16076
"B2_TF3",128,35351,36,205,33392,0,0,30148,0,0,29147,592,0,0,0,16543,203,19864,0,0,32200,1076,0,4889,40835,0,27746,7113,0,30649,18216,0,29499,0,34940,17989,35655,12095,35651,0,0,38868,22313,30484,4053,0,965,0,34843,0,0,24500,25221,1519,0,38,0,1368,0,0,32518,0,0,33,40621,52,47,20886,0,27655,8199,4379,88,0,0,0,0,108,60,5749,236,2614,12139,27455,24955,29628,45792,160,29604,31528,35739,18637,34,36809,29228,42698,0,0,18947,0,21305,35644,0,29693,34080,147,0,10229,38026,4565,31380,0,0,35804,39524,392,0,0,0,0,119,43,0,22765,52595,0,0,173,236,897,0,0,85,0,24835,27101,0,0,0,27316,27497,12113,24845,0,43248,40233,37762,0,26820,42,0,5818,0,0,164,0,43,0,28428,47,0,0,153,25446,29607,19912,35590,40884,27044,31,0,29480,30485,22511,37794,0,41,4602,41,0,42,44538,364,0,22595,0,0,38718,35994,0,0,26539,29793,40255,1681,29729,0,23965,362,33746,43874,27658,70,37145,3269,3796,37745,16416,38566,0,119,0,34,12335,0,36784,29737,34,40645,16563,84,42,9165,34991,45020,5672,0,27091,402,94,29714,41,148,28665,21876,3256,0,27828,28721,0,0,30946,0,36693,0,113,0,35,30675,171,348,28859,39156,24244,0,44403,22846,31099,29742,0,0,32856,0,34389,0,0,499,38322,2421,0,44596,23184,0,103,0,0,0,36504,44023,3305,5983,8951,0,26244,40,22472,21070,0,0,38840,34402,26253,86,156,4638,37161,35901,17933,49,12330,47,40273,15919,18910,28228,888,26914,27587,10333,21666,16918,0,28607,17048,10140,335,24330,623,0,22125,0,4011,0,40022,0,28773,46948,4575,0,12413,30876,33,126,31904,337,36786,104,17022,0,32750,0,1585,5642,0,182,0,1639,6570,5181,38582,43715,35974,6403,34031,29576,0,43261,27040,0,40743,5737,46648,33970,7700,0,0,0,44,6507,35518,38681,0,0,21641,32,47257,176,0,35965,0,0,0,0,24785,31,951,49133,26243,0,47172,0,0,0,912,0,0,30048,0,5788,0,46,29593,0,0,581,0,44798,18137,38516,56446,0,43272,28919,18226,28875,2576,38118,30455,0,0,13303,44430,17029,28309,36196,0,777,35922,114,23048,0,28196,35850,18095,50278,0,0,0,52,98,2781,39,32483,47,5842,29709,25698,35655,27929,32043,0,35180,18572,9216
"B2_TF4",0,15910,70,253,18636,0,0,11369,0,0,15059,42,0,0,0,5877,70,15260,0,0,11593,109,0,6005,26433,0,17507,4506,0,14463,3036,0,7968,0,13178,10042,23472,9795,16780,0,0,19163,15173,17548,2109,0,197,0,14875,0,0,21675,13545,300,0,0,0,363,0,0,16400,0,0,0,19991,37,36,9327,0,24850,4907,2570,150,0,0,33,0,198,61,1341,259,39,2091,20515,6519,8167,18263,112,18501,12404,16838,3775,0,30428,16030,22346,0,0,9041,0,18696,22712,0,7914,26885,78,0,3744,15682,3438,18142,69,0,23139,20237,199,0,0,0,0,126,41,0,7056,20918,0,0,116,106,31,0,0,157,0,13586,12791,0,0,0,12857,15119,7598,10329,0,13480,23867,21885,0,7632,46,32,2207,0,0,122,0,0,0,12334,0,0,0,109,15374,24545,4232,14053,17920,12794,0,0,7865,18108,14186,23642,0,36,3449,35,0,39,12911,501,0,8344,0,0,13648,14017,0,0,6903,7935,19983,1807,27198,0,14080,264,23147,11019,13195,0,25813,2462,572,15866,6910,21269,38,140,0,52,4061,0,9437,12572,106,19642,5877,122,45,7329,14782,19446,2153,0,12697,183,124,7861,39,62,9708,21328,2461,0,16808,15011,0,0,9746,0,15502,0,0,0,0,17797,134,194,11998,25649,10383,0,24986,7460,11648,7882,0,0,12208,0,19569,0,0,158,19282,205,0,31650,7276,0,129,0,0,0,14194,32492,2469,2206,5865,0,15809,50,7816,18534,0,0,26321,14645,4426,280,0,3324,18489,26504,10183,48,2211,56,21283,9020,7687,4569,282,6839,12108,9052,13034,5930,0,14965,7380,3283,455,14000,167,0,9716,0,564,0,27003,0,14910,13169,3452,0,2187,17473,0,59,10117,347,18866,146,5918,0,12156,0,485,1385,0,141,0,1791,3357,3320,12936,21451,18703,3542,20843,11806,0,35379,12637,0,25586,2252,7744,24717,137,0,0,0,30,3584,11634,23255,0,0,13754,33,13445,124,0,23356,128,0,0,0,8423,0,65,20688,4554,0,22550,0,0,0,232,0,0,15153,0,2174,0,42,8026,0,0,30,0,15356,10147,22350,28365,32,34780,24066,10122,14801,1103,27520,18281,0,0,1895,24310,6052,16666,23382,0,268,20030,183,7120,0,16728,18864,16410,18467,0,0,0,0,134,345,56,26726,37,2174,11759,12727,16408,11126,27910,0,11087,3784,6083
"B2_TF5",132,32921,29,402,39205,0,0,44201,0,0,35883,54,0,0,0,41416,806,36964,0,0,28827,1618,0,11983,33067,31,31319,7793,0,28603,15055,0,26162,0,30073,27215,46294,15524,36638,0,0,33982,35167,33252,4067,0,226,0,35694,0,0,27581,36337,1015,0,33,0,10515,0,0,25953,0,0,0,35273,0,0,26860,0,30502,11502,3281,185,0,0,29,0,117,0,7274,414,1447,6621,35175,22465,26114,47981,128,34104,33158,37055,15776,37,41317,29225,36040,0,0,28999,0,23784,39252,0,26241,39162,35,0,12345,35619,4348,36434,0,0,42167,36448,325,0,0,0,26,84,0,0,23534,41104,0,0,142,257,262,0,0,176,0,31648,39660,0,0,0,39487,33100,11663,24161,0,42987,32949,42150,39,29802,0,36,1573,0,31,149,0,47,0,37447,33,0,0,129,37601,41422,22032,35073,44330,39588,81,0,26070,37052,34204,42166,0,0,4305,0,0,0,37200,162,0,43632,0,0,30853,35695,30,0,31196,26316,38982,1709,25712,0,42177,511,37233,50722,17486,57,41033,3746,9263,38549,17297,45215,0,64,0,0,9859,0,38417,23278,0,37987,41673,148,0,11790,35731,42259,9001,0,39439,346,178,26115,0,247,33194,28751,3921,0,29008,36269,0,0,23982,0,37256,0,113,0,0,35488,129,361,33690,49118,32036,0,46956,21124,42441,26291,0,0,32897,0,35947,0,0,212,38778,1023,0,42761,23327,0,85,0,0,0,35774,43805,3925,3951,15058,0,42963,0,13904,23649,0,0,32697,27391,17573,73,43,4411,31465,46278,27130,0,6689,0,42249,21596,11756,20946,458,31242,38983,12232,19833,42181,0,36256,23295,7518,191,42182,1996,0,28118,0,9080,0,44166,0,35934,36170,4508,0,6659,39837,43,64,29309,879,44767,169,42653,0,39600,0,1084,7256,0,143,0,1652,5355,2627,35904,35183,35279,12073,43315,25643,0,46986,39887,0,39885,9326,41584,38481,7411,0,0,0,0,12170,32991,35559,0,0,43577,38,46968,129,0,42371,68,0,0,0,23795,24,281,52635,17284,0,43550,0,0,0,938,0,0,25085,0,9092,0,0,26705,0,0,72,0,29424,27323,46923,40752,0,47374,34829,27275,35894,4046,37210,37345,0,0,16727,36574,42955,28995,42686,0,724,50863,159,23416,0,29049,35490,28208,44190,0,0,0,0,103,1540,0,37822,0,9204,25614,35616,37549,36643,50944,0,31790,16245,15389
"B2_TF6",118,22517,62,169,20550,0,0,9856,0,0,10552,70,0,0,0,6288,35,7105,0,0,12433,661,0,5426,17240,0,10997,8460,0,22983,8014,0,9755,0,5761,3423,19641,5998,10400,0,0,20259,13455,12938,329,0,191,0,4716,0,0,16862,18689,1493,0,32,0,1613,0,0,12725,0,0,33,19760,0,0,6512,0,12066,6446,616,169,0,0,0,0,82,81,414,152,76,2220,12513,10462,9657,26084,0,15956,20356,10418,4574,310,27539,18051,23884,0,0,13884,0,11699,19927,0,9682,22422,81,0,5627,24533,1026,10829,0,0,21484,18805,53,0,0,0,45,43,0,0,9517,19225,0,0,0,160,78,0,0,153,0,13048,12096,0,0,0,12155,12783,5439,7916,0,7892,27230,17284,0,11083,0,0,2321,0,33,0,0,0,0,6161,0,0,0,0,15083,12878,8262,8314,12724,12182,49,0,9719,20934,8298,17412,0,0,955,0,0,0,16585,226,0,14711,0,0,9793,8425,0,0,8822,9798,16851,1179,22377,0,14604,253,26456,14141,14024,0,21238,941,1515,16499,6726,23528,0,45,0,0,1037,0,16752,15898,29,14928,6398,163,0,10904,4707,24694,797,0,12232,51,161,9763,0,0,9689,10064,946,0,9420,10666,0,0,12327,0,19591,0,46,0,36,21691,0,48,11010,23007,12241,0,26919,10721,16219,9602,0,0,14899,0,19448,0,0,251,18038,660,0,16971,9693,0,47,0,0,0,8440,27588,941,2189,7147,0,19651,0,10582,11719,0,0,24800,22431,2212,39,227,965,19305,19682,3435,0,2290,0,13749,14502,5492,12036,496,8894,8099,7144,17569,6374,23,10800,6153,3363,203,14648,39,0,7180,0,1567,0,24265,0,10751,12098,986,0,2314,18330,0,46,11109,162,20590,167,6297,0,7135,0,681,469,0,0,0,1216,4662,133,10300,24053,9550,7260,21105,6837,0,23879,12101,0,15114,771,20077,20288,1500,0,0,0,0,7292,15759,21119,0,0,7943,0,3041,0,0,21660,64,0,0,0,11419,0,59,14303,2354,0,21044,0,0,0,505,0,0,10281,0,859,0,0,9866,0,0,78,0,7263,3380,15788,16466,0,23895,16827,3507,10506,2769,20907,15898,0,0,4920,18081,6368,9390,21655,0,271,4520,185,9678,0,9368,9704,3323,23315,0,0,0,0,47,991,0,18167,0,795,6741,12336,19919,8980,19907,0,12010,4518,7354
"B3_TF1",74,12429,79,2496,16819,0,0,0,28,0,78,33,0,4227,4247,41,181,0,0,0,0,64,0,4658,18291,0,0,615,0,6227,992,3065,0,0,0,468,9728,4203,0,0,75,10024,0,16835,262,0,151,0,0,0,0,6732,3249,80,0,9864,0,547,0,0,0,0,0,0,19126,3791,3594,0,0,5322,3145,571,2508,0,0,0,0,0,0,1028,2501,46,557,2679,8043,0,14590,8842,6215,8157,0,125,45,9718,0,13002,1251,672,0,0,6501,12824,0,0,22666,0,0,2897,16191,661,11526,0,8422,13223,8370,7257,5697,0,312,0,5386,3771,0,256,11898,0,0,8889,365,0,0,4747,2546,0,6640,45,0,0,0,39,0,2721,1037,0,0,16660,9023,0,0,3647,0,504,8058,0,8769,5577,0,0,0,0,0,0,8948,0,9340,2404,90,18684,50,0,0,0,16919,6663,12941,0,3763,687,3664,0,3852,0,252,0,0,8665,0,12322,80,0,0,0,0,11644,3260,10305,0,0,135,15472,0,6339,38,19620,1943,282,12731,5405,18795,6567,116,911,3779,3118,0,8348,0,27,6452,49,2515,3689,1342,0,13161,1941,0,56,7259,2517,0,3742,0,0,13622,1949,0,0,83,0,13263,1240,0,4828,0,0,0,0,7963,69,7310,0,14982,6382,0,9474,7680,0,0,0,0,0,0,10255,0,0,34,15972,510,7964,13727,269,0,5432,0,0,0,94,18347,1984,1240,342,0,16216,3805,3679,6358,0,163,20001,0,83,0,0,609,17119,16773,443,3776,539,3739,9431,3704,4002,1684,0,0,0,3805,4078,50,0,86,4529,554,153,0,100,0,1832,0,242,0,14587,0,81,0,604,0,528,16887,0,7885,0,7715,8383,2399,50,333,0,0,1090,1089,0,9175,0,3143,592,175,0,13708,6163,1074,23044,6272,0,12505,52,99,15280,1963,0,12567,535,0,599,0,3945,1137,0,13638,0,0,0,0,0,9070,0,16098,64,0,0,5836,0,0,31,0,71,0,15753,0,0,0,104,0,0,4511,0,1877,0,3825,0,72,0,36,0,0,428,8568,0,0,12628,10866,413,84,347,19171,9695,0,0,1684,13886,49,0,15707,0,223,0,2540,259,0,0,6264,215,0,0,0,0,8901,5478,496,3713,14239,3816,1938,6361,5422,0,0,17924,0,0,103,354
"B3_TF2",0,30444,116,20816,30997,0,0,107,0,0,332,76,0,8773,8640,162,92,0,0,69,0,1603,0,1580,21107,0,0,4235,0,14043,11764,15176,104,0,0,2287,29746,10155,0,0,182,18710,0,24696,1578,0,221,0,80,0,0,20621,15770,311,0,25058,0,3261,0,0,0,0,0,0,24331,15475,15519,0,0,29076,5938,1152,21174,0,0,0,0,34,70,4158,20764,1453,5049,28366,11375,95,19932,15943,25298,26872,0,853,455,28704,0,28493,20425,2625,149,0,22164,31975,0,89,25891,0,0,16181,22930,14115,25983,0,17728,33329,26584,14480,20318,0,1411,0,28016,15401,0,467,23977,0,0,16059,470,39,0,23241,21228,0,29736,175,0,0,0,181,0,11336,8768,0,0,29219,23230,0,0,15427,0,1535,14452,0,16184,7865,0,0,0,31,0,0,16284,0,24245,12520,168,27575,173,104,0,104,25961,17060,34133,0,15675,14130,15572,0,15620,0,443,0,0,11352,0,21657,162,0,0,99,95,22150,7170,25098,0,0,356,30242,0,12619,38,30728,5627,4015,27652,6898,31115,19672,74,5930,15522,10492,0,30483,0,66,30964,159,21000,15692,11833,73,34766,8094,0,176,14600,21173,101,15621,35,0,20198,5667,0,46,320,0,14677,22964,0,20345,0,22,0,0,27087,181,14397,0,31277,24793,0,26245,17939,0,96,0,0,0,0,20299,0,0,103,34045,421,15527,23148,441,0,27509,0,0,0,166,32098,5788,2155,1768,0,27735,15546,10373,22004,0,252,29612,0,310,64,0,14114,21834,22677,2360,15634,5032,15553,31912,13988,6920,11852,279,96,0,12305,16737,165,123,329,17779,7320,169,0,2080,0,11920,0,4110,0,33489,0,316,0,14259,0,5126,27540,30,16882,0,23939,32020,21272,174,1412,0,0,12922,4247,0,16281,0,7326,4160,258,0,32572,24923,7243,30382,9630,0,22176,175,0,38415,8153,0,30956,3448,0,2565,34,15719,7341,0,30305,0,0,54,0,0,16291,0,33205,127,0,0,20227,0,0,62,0,289,0,32085,0,0,0,950,0,0,19995,0,8141,0,15766,100,14,0,79,0,0,2315,27912,0,0,22130,35897,2368,343,4379,33894,10390,0,0,3317,29786,181,55,33515,0,465,0,21282,416,0,43,24921,467,0,0,0,0,19107,28067,279,15750,26863,15964,8182,9647,23760,0,92,31315,0,0,921,1815
"B3_TF3",72,48577,122,20711,33698,0,0,103,44,0,509,1983,0,13619,13792,260,778,50,0,0,59,1014,0,8599,48031,110,0,7711,0,21722,17680,27087,259,0,0,4739,46244,15644,0,0,379,38852,0,31182,5059,0,512,0,155,0,0,28469,34683,606,0,30807,0,4600,0,0,0,0,0,0,44603,35930,35554,41,0,29791,11431,2656,32236,0,0,42,0,0,154,22007,20697,3283,5473,42997,24907,243,43759,28871,34945,33026,0,2051,372,38742,0,36628,18493,5591,197,0,26581,39333,0,246,37949,73,0,16574,42158,18320,37714,22,19840,40917,36727,33178,30331,35,1513,0,33924,35852,0,1029,50605,0,0,28684,1533,43,0,29956,32118,0,33428,384,0,0,0,323,0,10413,22868,0,0,43752,35644,0,0,35764,59,3493,30814,0,28718,24179,0,0,0,0,0,0,28982,0,36555,24730,89,46963,334,33,0,246,34262,36684,34237,0,36014,18493,36106,0,35981,0,1468,0,0,28047,0,29862,83,0,0,60,230,43274,25570,36908,0,40,278,35246,0,32070,29,46251,16696,10978,37195,18973,41064,29050,1433,11143,36230,12048,0,40366,0,21,34772,251,32207,36016,11864,143,53526,19423,0,324,33212,32218,246,36260,75,0,31772,16533,0,26,504,0,27924,28443,0,35114,0,0,0,39,35497,96,32797,0,45446,28692,0,35759,24821,0,249,0,0,0,0,40144,0,0,294,31871,702,26636,41554,1040,0,33890,0,0,0,107,46821,16807,5958,1315,0,35537,36391,24100,26643,0,395,35978,0,499,419,0,18474,29818,40640,4825,36526,5558,36461,34980,24397,15328,19696,817,62,0,17845,26580,279,0,518,26979,6050,215,49,1468,0,21533,0,10898,0,52838,0,570,0,18635,0,5572,33773,0,31686,0,32707,36078,32114,243,1464,49,0,22735,22789,0,29231,0,25642,5187,2504,0,38978,37117,5341,53935,23182,0,44070,360,37,39988,19224,0,22994,12151,0,5545,0,36817,5337,0,36535,0,0,75,0,103,29304,0,45336,273,0,0,30489,0,29,167,0,463,0,30886,0,0,0,5263,0,0,30979,0,19414,0,36577,259,0,0,2129,0,0,4916,35656,0,0,43805,34401,4859,573,5497,44005,32279,0,0,10278,32828,258,38,45372,0,338,0,32142,1028,0,42,36796,3437,0,0,0,0,29794,34483,5535,36980,44888,37393,19176,23274,28965,0,81,40080,0,0,2036,1321
"B3_TF4",0,29835,66,10774,26471,0,0,98,0,0,216,1023,0,4303,4391,88,475,0,0,0,0,254,0,7342,30493,0,0,3431,0,19713,7291,19368,84,0,0,2117,30651,15640,0,0,297,18685,0,21308,644,0,507,0,150,0,0,24589,18400,579,0,20027,0,5403,0,0,0,0,0,0,23887,16492,16498,0,0,20879,6844,2251,15890,0,0,0,0,0,0,6368,10830,484,6667,23052,14155,94,28719,24799,22318,30156,0,611,77,21417,0,19946,13465,1921,64,0,17931,30086,0,93,27155,36,0,7906,21665,8460,24342,43,8282,34104,31963,17254,15073,0,1360,42,22860,16517,0,433,25348,0,0,25278,253,65,0,22696,15864,0,14533,75,0,0,0,103,0,5033,11128,0,0,26120,29099,0,0,16343,0,2790,19530,0,25288,13128,0,0,0,0,0,0,25191,0,18680,12892,143,30390,79,36,0,80,32584,18072,34445,0,16515,8409,16517,0,16622,0,78,0,0,11916,0,21256,151,0,0,103,103,23482,9539,23003,0,0,289,24940,0,22292,0,29509,7548,5172,26072,5196,35081,16469,69,4520,16678,9856,0,18326,0,0,28643,85,15977,16678,6631,146,37439,5564,0,84,17169,15913,91,16513,77,0,20768,7869,0,77,249,0,10063,15451,0,27232,0,45,0,0,20154,95,17136,0,23985,29848,0,18261,16142,0,89,0,0,0,0,20140,0,0,380,25844,823,11457,24785,437,0,22993,0,0,0,134,29316,7703,6531,436,0,29562,16594,6641,17917,0,504,38389,0,308,43,69,8682,32294,26585,2086,16695,6637,16656,29222,12586,8071,13086,166,101,0,12002,22753,79,0,201,13779,7063,236,0,1560,0,8948,68,5294,0,34210,0,226,0,8639,0,6654,22194,40,24134,0,16858,29505,15779,69,1346,0,0,14217,6389,0,25648,0,9419,574,1621,0,26810,28524,5224,24567,18400,0,23984,65,0,26680,5535,0,26584,6888,0,1843,0,16733,5345,0,28448,0,0,0,0,46,25835,0,30653,179,0,0,15155,0,0,110,0,305,0,22461,0,0,0,299,0,0,16578,0,5534,0,16924,94,0,0,1018,0,0,2133,25052,0,0,24217,24505,2120,247,1158,26837,15807,0,0,13282,42809,74,95,30387,0,419,0,15720,408,0,72,28537,622,0,0,0,0,14280,23311,4661,16896,25345,17152,5601,18285,12594,0,0,26120,0,0,636,483
"B3_TF5",27,14104,0,9920,16778,0,0,0,0,0,46,150,0,4048,4083,0,29,0,0,0,0,59,0,4449,16543,0,0,3617,0,13733,3064,9817,73,0,0,423,18406,3733,0,0,250,20064,0,21314,70,0,261,0,0,0,0,16804,11637,66,0,5222,0,1948,0,0,0,0,0,0,14932,8405,8444,0,0,8790,4218,774,13520,0,0,0,0,31,0,2869,9840,115,818,15614,8555,74,12357,7681,13938,15050,0,434,35,19677,0,19072,4309,3419,51,0,9399,18774,0,82,25418,0,0,1375,22961,1217,23194,0,10525,27278,21749,5117,14022,0,875,0,8055,8525,0,136,15603,0,0,7646,213,68,0,6994,13382,0,5708,53,0,0,0,72,0,460,2365,0,0,15898,17918,0,0,8561,0,158,7967,0,7741,7118,0,0,0,34,0,0,7568,0,19679,4736,0,19860,53,0,0,90,12820,16551,17699,0,8445,1263,8542,0,8355,0,0,0,0,10798,0,13835,0,0,0,0,70,14062,5079,19312,0,0,520,17494,0,11466,0,12661,1349,631,13883,6221,21653,17437,33,4171,8508,3715,0,17590,0,0,23386,0,13330,8512,1947,0,19748,966,0,61,4933,13519,79,8435,24,0,17190,1315,0,0,51,0,11607,12388,0,15806,0,0,0,0,15169,143,4922,0,11032,9833,0,20075,12432,0,83,0,0,0,0,13364,0,0,219,22752,1634,9288,18793,130,0,8125,0,0,0,0,23586,1365,300,263,0,18840,8745,3982,9492,0,126,28637,0,163,71,0,1240,20933,22416,429,8582,787,8661,15186,6092,5946,12332,80,0,0,2014,10958,0,0,50,9885,3206,207,0,171,0,15650,0,633,0,20311,0,61,0,1290,0,779,15300,0,8852,0,3113,24722,13679,0,823,0,0,9540,2846,0,7701,0,5097,375,119,0,13616,11230,584,27021,6483,0,18393,58,28,17320,974,0,22423,763,0,3424,0,8692,585,0,24415,0,0,0,0,0,7868,0,28787,151,0,0,13882,0,0,0,0,177,0,22626,0,0,0,61,0,0,16904,0,932,0,8526,85,0,0,157,0,0,418,23837,0,0,18328,30103,438,54,1779,15154,13644,0,0,2202,16909,0,0,29073,0,201,0,13636,159,0,0,11462,381,0,0,0,0,9923,8199,157,8606,13534,8834,971,6472,25840,0,52,14446,0,0,498,284
"B3_TF6",57,6920,0,2034,8107,0,0,0,0,20,0,39,0,849,916,115,69,0,0,23,0,33,0,106,15888,0,0,79,0,3821,801,2395,130,0,0,196,17279,209,0,0,102,8341,0,8361,134,0,174,0,41,0,0,8736,6481,56,0,2957,0,511,0,0,0,0,0,0,7942,3105,3118,0,0,4483,1352,408,5816,0,0,0,0,0,0,866,2002,0,435,7001,2032,140,12439,1130,2470,15486,0,188,78,9763,0,13577,814,577,0,0,3580,8537,0,138,9941,0,0,1243,14148,954,11768,0,5998,12043,4462,5986,2317,0,305,0,1339,3159,0,163,7158,0,0,1078,147,35,0,1317,5709,0,6621,0,0,0,0,0,0,686,2014,0,0,13888,10462,0,0,3153,0,81,5413,0,1089,1187,0,0,0,0,0,0,1102,0,6848,3207,0,6197,0,0,0,126,5808,6400,9271,0,3163,987,3210,0,3182,0,70,0,0,6949,0,7334,0,0,0,0,135,8238,1354,7626,0,0,105,17777,0,5096,0,11556,1134,409,2369,2149,6597,5978,33,1791,3041,574,0,5365,0,0,9787,133,5809,3272,1075,50,13192,468,0,0,5962,5737,125,3145,0,0,5307,1063,0,0,0,0,4307,3782,0,8624,0,0,0,0,9076,32,5855,0,11119,8224,0,7700,1422,0,143,0,0,0,0,3068,0,0,95,10084,188,1596,5447,152,0,1393,0,0,0,0,9340,1148,264,396,0,7725,3082,473,3544,0,140,6217,0,108,0,43,1006,8452,15317,195,3102,431,3052,10530,5562,2305,1204,117,0,0,2951,7307,137,0,0,2309,2768,63,0,94,0,1934,0,430,0,11794,0,0,0,987,0,429,6606,0,1054,0,829,11008,5610,130,332,0,0,578,885,0,1137,0,1252,146,131,0,11348,2060,1070,10524,3395,0,8314,0,0,7545,482,0,11298,128,0,552,0,3104,1065,0,13137,0,0,36,0,41,1119,0,4893,30,0,0,2394,0,0,0,0,111,0,10130,0,0,0,0,0,0,5245,0,471,0,3174,131,26,0,34,0,0,175,5673,0,0,8566,6490,182,0,640,6760,1772,0,0,1133,10142,127,0,5031,0,107,0,5803,131,0,0,2155,164,0,0,0,0,1470,1363,156,3233,14151,3243,473,3309,6013,0,0,10262,0,0,194,447
"B4_TF1",0,33,22991,0,16672,20,0,0,0,25891,0,0,12481,0,0,0,0,0,22116,0,0,0,110,0,361,0,0,0,25456,0,29975,0,0,27703,0,0,69,36,0,0,0,24154,0,25879,0,13219,35624,0,0,0,0,29930,29363,0,0,0,0,36321,20098,0,0,18126,0,0,24499,0,0,0,8432,27828,29389,37248,0,0,39,168,33,0,0,0,0,0,0,35588,29396,0,9145,0,28142,24816,0,0,0,26469,0,11731,0,0,0,1610,33389,3887,0,0,100,0,0,32154,102,0,218,0,0,1123,21826,0,0,0,0,0,0,0,0,0,77,21690,114,0,21670,0,0,0,0,25935,31148,0,96,102,15578,0,0,0,30403,58,0,4536,19493,74,0,0,0,0,0,29492,0,0,338,0,0,43,0,0,0,0,22152,35268,0,66,0,0,167,0,32077,20776,987,0,0,0,0,0,0,0,0,0,0,0,0,33247,0,233,0,0,0,22770,0,29049,0,0,29182,125,0,98,0,3561,0,0,29970,23191,101,0,0,0,0,31568,92,23257,0,0,2695,0,0,0,0,0,1563,0,73,0,0,0,0,0,0,0,31817,0,0,0,0,0,0,31755,0,33582,0,0,0,0,30331,27401,0,0,4152,37595,12959,7929,25538,0,0,39,10732,0,0,38,22546,19,31769,19085,29661,0,11847,0,33,0,16237,0,0,0,122,0,0,0,0,14842,0,0,33903,0,0,8069,0,0,0,0,0,251,128,0,0,0,0,24649,89,29600,32200,0,0,0,23882,41,0,0,0,31059,0,35494,0,0,0,37917,44,0,135,183,0,0,0,0,0,0,23604,0,0,0,0,457,0,0,0,0,14695,0,0,180,0,0,0,0,0,0,142,33027,0,0,32517,8346,125,0,70,13375,0,0,33951,0,0,0,24,0,0,0,9136,0,12597,0,0,0,0,0,234,23555,3806,0,0,0,0,0,0,0,0,94,0,12755,0,0,0,23369,0,22610,0,0,0,0,0,205,0,12039,0,0,29951,0,714,136,1961,0,0,34142,137,27829,0,1956,36415,2708,0,0,218,0,35866,0,0,0,0,0,33212,0,0,0,4709,654,0,0,0,0,313,0,0,32719,22235,0,0,123,40,0,0,0
"B5_TF1",0,0,14150,0,135,0,0,0,2202,13357,0,0,6806,0,0,0,0,0,19619,0,0,0,40,0,0,159,0,0,15059,0,14867,0,0,13313,0,0,0,0,0,0,0,69,0,6405,0,14004,17157,0,0,0,0,2613,5700,0,0,0,0,10376,8350,0,0,15284,266,1856,66,0,0,0,17218,6452,14781,13619,0,0,40,5734,37,44,0,0,0,0,0,2976,10121,0,0,0,7811,1395,0,0,0,507,0,78,0,0,0,8386,11212,0,0,0,0,29,0,7824,0,0,0,33,0,34,170,0,0,93,0,52,0,0,0,0,0,9304,325,0,12800,0,0,0,0,13432,6685,0,36,31,13312,0,0,0,9093,6485,0,111,205,1093,0,0,928,0,0,11021,0,0,4634,0,0,853,0,0,0,0,1200,7224,0,0,0,0,9308,0,369,3611,36,0,0,0,0,0,0,0,0,6417,0,0,402,316,0,7115,0,0,0,565,0,160,76,0,18835,0,0,0,171,0,0,0,1466,14726,0,0,40,0,0,12767,34,629,0,0,0,0,0,0,0,0,0,0,34,0,0,0,0,0,0,0,3345,0,0,0,0,0,0,9355,0,1153,0,209,0,349,149,10266,0,0,0,9584,12141,35,11603,0,0,0,13461,0,0,0,11167,0,20314,107,16439,0,57,0,33,0,12428,0,0,0,0,0,0,0,0,173,0,0,11236,0,0,81,0,0,0,0,0,0,0,0,0,0,0,986,0,12329,8579,0,0,0,10769,0,0,38,0,5707,0,17618,0,0,0,7357,10068,0,43,0,0,0,0,0,899,0,991,82,0,0,0,0,0,0,0,0,12936,0,0,3010,0,0,0,0,0,0,0,3736,0,0,19277,16899,0,0,3611,71,0,0,278,0,0,0,5407,0,0,0,0,0,13123,0,100,0,0,0,37,22783,11559,0,0,0,0,38,0,0,321,0,0,9342,0,0,0,18792,0,11062,0,299,0,0,0,170,0,13543,0,0,2663,0,11257,0,44,0,0,21975,0,5367,352,8329,15156,27,0,0,24,0,19993,0,0,0,0,0,3841,0,0,0,19776,10393,0,0,0,0,0,0,0,19091,6787,0,0,40,37,0,0,0
"B5_TF2",0,0,15513,0,71,0,32,0,2650,19565,0,0,9518,0,0,0,0,0,12166,0,0,0,25,0,0,158,0,0,9713,0,12968,0,0,12366,0,0,0,0,0,0,0,330,0,1371,0,12356,18414,0,0,0,0,7770,7050,0,67,0,0,15476,14312,0,0,11248,258,3240,167,0,0,0,14301,8158,16550,11731,0,0,57,6719,49,0,39,0,0,0,0,1662,13652,0,0,0,10003,568,0,0,0,965,0,96,0,0,0,7859,9018,0,0,0,33,0,0,6989,0,0,0,0,0,0,158,0,0,1040,0,120,0,0,0,0,0,12573,0,0,19041,0,0,0,0,8292,14018,0,64,25,13559,0,0,0,16269,3943,0,0,122,571,0,0,2908,0,0,19544,0,0,5868,0,0,2725,0,38,0,0,358,10730,0,0,0,0,8599,0,1373,7823,0,0,0,0,0,37,0,0,0,5228,0,0,301,898,0,9575,0,0,0,374,0,1329,250,0,15593,0,0,0,70,0,0,0,434,23805,30,0,0,0,0,17482,25,210,0,0,0,0,0,0,0,0,0,0,0,0,0,0,0,0,0,0,3344,0,0,0,0,0,0,9609,0,3338,0,167,0,1040,626,18094,0,0,69,6494,8935,0,8987,0,0,39,13618,0,0,0,16738,0,17019,849,18930,0,62,0,36,0,9302,0,0,0,0,0,0,0,0,60,0,0,9145,0,0,54,0,0,0,0,0,0,0,0,0,0,0,90,0,13210,10065,0,0,0,12498,0,0,0,0,10494,0,16897,0,0,0,16256,811,0,0,0,0,0,0,0,197,0,478,39,0,0,0,0,0,0,0,0,7454,0,0,4967,0,0,0,0,0,0,0,4805,0,0,11092,14513,0,0,2851,170,0,0,351,0,0,0,7130,0,0,0,0,0,14030,0,31,0,0,0,0,20484,11208,0,0,0,124,0,0,0,704,0,0,12366,0,0,0,11188,0,16731,0,700,0,0,0,72,0,22389,0,0,377,0,4824,0,42,0,0,12871,0,10515,565,8379,13205,0,0,0,0,0,10876,0,0,0,0,0,4814,0,0,30,11022,12324,0,0,0,0,0,0,0,11221,16048,0,0,0,37,0,0,0
"B5_TF3",0,0,7665,0,227,0,32,0,358,10675,0,0,7182,0,0,0,0,0,11649,0,0,0,0,0,0,103,0,0,10387,0,3009,0,0,9797,0,0,0,0,0,0,0,228,0,1403,0,6943,11969,0,0,0,0,2965,2527,0,0,0,0,9216,9354,0,0,6451,190,1168,168,0,0,0,11313,2970,7228,10541,0,0,0,7413,0,0,0,0,0,0,0,331,9675,0,0,0,2457,579,0,0,0,227,0,60,0,0,0,7766,6981,0,0,0,0,0,0,6668,0,0,0,70,0,0,206,0,0,416,0,23,0,0,0,0,0,10416,96,0,10745,0,0,0,0,7581,2826,0,98,0,3479,0,0,0,10961,4552,0,0,108,521,0,0,1308,0,0,12367,0,0,7490,0,0,5504,0,42,0,0,170,9385,0,0,0,0,1883,0,300,3570,0,0,0,0,0,42,0,0,0,8149,0,0,824,196,0,6473,0,0,0,153,0,175,252,0,13063,0,0,0,572,0,0,0,256,7337,0,0,0,0,0,7789,0,668,0,75,0,0,0,0,0,0,29,0,0,0,0,0,0,0,0,0,4137,0,0,0,0,0,0,6766,0,1569,0,155,0,695,128,12108,0,0,0,7072,8585,0,5548,0,0,36,6321,0,0,0,4327,0,17585,99,14217,0,27,0,0,0,8698,0,0,0,0,0,0,0,0,71,0,0,6815,0,0,0,0,0,0,0,0,0,0,0,0,0,0,28,0,18292,4751,0,0,0,4907,0,0,0,0,6069,0,11996,0,0,0,5423,1919,0,0,0,0,0,0,0,284,0,674,77,0,0,0,43,0,0,0,0,15049,0,0,3463,0,0,0,0,0,0,0,1828,0,36,8833,11182,0,0,2967,26,0,0,189,0,0,0,1395,0,0,0,0,0,10824,0,26,0,0,0,30,5966,8311,0,0,0,28,0,0,0,71,0,0,9748,0,0,0,6229,0,4241,0,64,0,0,0,109,0,6957,0,0,438,0,8969,0,0,0,0,8672,0,4369,62,7008,14777,0,0,0,30,0,16731,0,0,0,0,0,1830,0,0,30,6828,3481,0,0,0,0,0,0,0,8909,12579,0,0,0,0,0,0,0
"B6_TF1",28379,4350,36,17737,0,23729,23676,7157,21749,61,2816,27788,10481,16202,16561,7414,39042,7046,145,18056,5445,25560,19943,25970,148,29314,11900,25694,934,7274,0,16889,7123,6374,4592,12805,144,12639,11648,0,18644,0,6044,0,28972,19713,0,1754,6395,24953,2426,0,0,28684,22561,10222,0,0,554,0,11548,5263,21135,33571,0,11607,11761,7694,16026,0,0,0,16526,412,23223,16394,38841,27761,32311,18661,17563,29342,16336,0,0,7125,0,14881,0,0,11836,14333,32831,0,5857,0,27951,29008,8161,20199,0,0,20493,7131,44,29183,22256,0,448,14939,193,31814,15670,0,0,18954,17692,28181,17595,28575,16050,11623,0,21656,1642,389,22962,15099,104,30809,15547,17638,16525,338,0,11213,27838,20057,10251,11482,13802,28348,0,24669,14434,0,0,32412,10300,11623,27450,25490,21013,107,14974,24844,18523,2237,10894,31568,30448,23395,15212,8883,0,0,10334,293,11454,37082,24485,7154,0,0,54,21433,11511,14871,11546,27961,11600,10842,33420,27043,8426,15304,30676,0,10204,22121,24108,14287,6984,0,19390,0,22757,11350,0,935,12270,15905,29081,0,18780,28154,0,46,41,20948,23980,12220,11823,0,20211,0,10506,33337,0,7124,16557,11666,31502,6415,0,19333,25820,11234,18784,16912,7059,11552,33726,13075,0,19006,445,7591,2852,436,20216,0,0,0,29214,32399,22811,34083,0,38,19110,5511,0,0,6449,0,0,7543,7019,23292,1315,5534,1773,6316,73,23988,39,0,0,16240,0,21881,39004,16264,10880,0,26533,10450,54,18622,25430,10612,0,0,11754,18459,0,0,29440,0,12918,10861,30634,31729,15100,170,250,12824,11801,16143,11871,0,12100,0,0,28234,14230,14565,0,18400,7422,30351,2935,0,25898,0,11287,23785,20714,0,34871,28472,26987,71,0,2897,12580,15291,22504,16258,0,24533,26588,11229,16247,0,16621,7623,17869,5262,744,14384,19191,18173,15434,23991,19464,24946,29431,6821,469,0,28477,0,0,15654,2509,11474,28738,0,19268,3784,0,28208,29377,28973,30139,11937,28780,7254,0,20436,4745,8667,24902,13427,15362,17957,67,0,30353,0,17954,7566,27095,30767,16319,11026,29920,44,26315,2550,23925,34044,20773,235,11080,62,19335,30285,11733,7143,20672,22500,28915,1191,11721,12905,0,7366,18520,2539,0,13003,2793,0,0,0,27391,26086,0,0,7635,7494,77,0,0,7788,16764,21739,0,7395,0,16226,10483,28744,22418,19514,24692,16150,31800,11920,0,12004,19161,0,0,6644,11814,0,39134,6366,14489,10850
"B6_TF2",29219,1021,40,21562,0,25833,35365,14945,33370,129,18016,25602,17331,22296,22144,14077,36372,12318,138,27137,12959,28478,33982,21023,47,26289,10914,18805,381,6782,0,12046,10394,5473,12731,19464,59,10812,13670,0,22572,0,8716,0,33594,18689,0,466,9902,29581,3675,0,0,27028,19936,32919,0,0,4733,0,14789,5956,17970,38266,0,19934,19953,14927,26849,0,0,0,21383,1918,30061,21778,26279,31215,34008,30512,21556,35630,22566,0,0,10476,0,23095,0,0,13866,14947,31443,0,14547,0,17893,24694,19105,25344,0,0,30765,10533,0,33055,19021,0,267,25861,71,28546,26285,0,0,21111,35629,38005,34381,27733,21694,19824,0,14858,5892,401,28777,23308,72,25402,20311,25044,21439,518,0,13464,36088,34121,4044,13318,18553,28688,0,25455,12409,0,0,40029,18706,19684,30566,27108,20911,222,23065,29777,28812,1681,24678,40322,29405,35253,23270,18706,0,0,10653,118,13317,38660,30725,10343,0,0,0,30364,19911,25881,19962,34886,20035,14629,29995,34878,9644,29254,27658,0,10518,35143,22300,14143,10517,0,24249,0,25655,12242,27,111,18388,11493,39754,0,23714,18773,0,23,0,10797,35621,13033,20205,0,34257,0,16809,27428,0,14125,21760,19996,23873,10023,0,20157,34718,13528,21520,21219,10379,20327,33276,17252,0,24008,2011,16110,17994,2174,17642,0,0,0,28938,35667,31437,32869,0,53,21479,11303,0,0,11621,0,0,13424,10354,31310,6486,5591,491,11905,139,25907,55,0,0,27489,0,14802,26741,21852,8635,0,30596,10821,26,23923,26275,12687,0,0,20288,20283,0,0,31603,0,15199,13613,27076,31812,25891,109,122,19380,20129,22669,20355,0,9615,0,0,35423,14185,14608,0,13325,14222,37053,18352,0,28375,31,12373,40264,31507,0,43632,19242,30967,39,0,18275,15614,26276,32963,22804,0,25356,18668,13584,24074,0,21395,14386,34745,18495,5764,21696,31069,27968,23623,25673,24334,26748,31000,22662,37,0,21456,0,0,26822,535,13490,40732,0,20288,11647,0,24109,28725,24669,32374,20259,21479,8824,0,21345,8472,15024,40108,15197,23665,20994,0,87,23627,0,35660,20064,25947,37559,9243,13552,25836,29,25386,10228,25521,33061,30869,496,6388,127,20364,25809,20377,10440,25224,35361,26517,1193,20279,19733,0,9300,27382,498,0,19771,18198,0,0,0,31044,26507,0,0,14582,16131,0,0,97,12294,21465,14940,0,15981,0,15927,26851,35385,19976,28934,10845,21755,32980,20361,0,20795,19972,0,0,6443,17107,0,26547,10723,15053,13081
"B6_TF3",46212,765,137,42484,0,32190,45929,23885,46304,307,25838,42271,32709,34990,35498,22890,38574,16445,1587,37934,28639,41279,41840,33228,73,51448,29541,28677,305,6235,0,38179,21826,19659,18626,23109,55,16242,26950,0,37933,0,13114,0,45598,24141,30,53,37719,41071,5799,0,0,35898,46713,29256,0,0,9129,0,23237,11112,29724,43672,0,34352,34454,21843,29831,0,0,50,35989,4738,39595,39928,34624,63738,51555,35829,42239,48982,26129,0,0,21945,0,32789,0,0,27282,23626,48343,0,22290,0,35662,31979,24175,35850,0,0,35682,21838,29,55546,38830,0,239,31504,0,45052,38743,0,0,33972,29162,46948,33927,50230,37846,34885,0,26742,1318,5585,43158,32777,56,47969,24978,30705,35664,5517,36,20940,35552,42356,12212,21026,27053,32947,0,40559,23445,0,0,51144,29950,34629,50759,40423,28815,87,32865,31595,36669,5357,26782,43193,39271,46217,32719,21058,0,0,22392,162,21207,46934,38265,21779,0,0,0,32678,34653,31647,34555,36416,34849,25911,43459,38945,28312,32868,43675,0,22641,41378,27755,25739,21935,0,38809,0,33031,9809,0,404,21024,18455,42402,0,28214,35689,0,0,113,41782,44253,38619,34872,45,42061,0,21400,43520,0,23310,35492,35027,33054,37803,0,29247,33043,21102,34007,36056,21900,35074,46284,20555,0,28182,4911,24324,25607,5299,25362,0,0,0,35746,48805,45681,39030,0,138,33740,15402,0,0,18390,0,0,24562,22019,36519,8067,25991,61,16781,967,31806,27,0,0,33862,0,26603,35064,38153,14771,0,36981,22860,0,28098,40411,22185,0,0,34560,26219,0,0,39962,0,41708,29393,48961,42077,31712,73,93,23563,34990,26556,35006,0,18961,0,0,44092,25884,22171,0,11018,23355,36346,25948,0,25841,0,9854,43075,40613,0,43684,35834,48403,37,0,26003,26019,32243,50053,26672,0,39018,30896,24139,44625,44,35869,23569,34388,23307,13590,40031,36276,44160,33339,29789,38837,29020,36268,30344,98,0,30006,68,49,29977,523,21059,39634,0,29360,22116,0,33654,35884,31990,44569,35419,30130,21825,0,23285,13341,25270,43575,35351,33472,36856,109,103,36058,0,29254,20869,52939,45072,23582,29539,36949,37,32436,10453,30151,43054,35901,3848,4668,947,28820,36899,35454,22008,29220,35340,44333,7822,20494,23430,0,35107,29192,498,0,23033,25599,0,0,0,52678,27763,34,0,23608,24190,117,0,230,21176,36031,26867,0,24661,0,22394,37037,36670,26818,41481,37173,38239,35808,35765,0,35900,29235,49,0,29528,41014,0,35060,19946,24011,22569
"B7_TF1",1384,29137,72,33692,29626,14416,66,311,0,0,942,521,0,24412,24703,673,798,0,0,31881,88,160,199,4142,29510,38,0,2716,0,14442,13055,35580,307,0,0,7944,28696,7846,0,0,26183,29758,0,18516,2162,0,334,0,437,12999,0,23992,18273,90,15425,32727,0,3891,0,0,0,0,0,0,25257,25716,25881,49,0,20152,3616,2119,36059,0,0,0,773,0,0,23754,33915,614,31283,23870,17435,319,34763,31296,25579,27973,0,6649,77,25061,0,27861,37092,24630,587,0,26176,34802,0,325,27238,0,0,15778,30381,15890,24615,0,32157,35509,16034,25423,28848,0,29271,0,22320,25507,0,8642,20974,0,34,31371,319,30,0,27795,36505,0,17774,1568,937,210,0,1545,0,4179,14494,0,0,30478,24471,0,0,26032,0,2313,28817,67,31612,40803,0,0,0,0,17758,72,31873,0,21873,18465,445,32669,1546,0,0,330,28784,14749,36360,0,25937,15580,26233,2303,26135,0,32,0,0,33658,0,20876,442,0,0,339,278,35974,15547,30077,0,0,168,22770,0,16018,0,21407,29424,25990,22849,15892,33811,29975,0,39300,25959,4063,217,21373,0,107,29846,663,36450,26291,4569,450,31504,11062,3082,1566,25440,36525,345,26235,35,0,24786,29139,0,226,925,0,34450,12366,0,20107,0,35,348,87,28000,39,25651,0,28272,20680,0,25556,15725,0,334,42,0,0,0,32192,0,14417,238,27120,759,34836,25975,8611,742,22404,0,0,22356,408,30849,29415,2172,10458,0,32111,26199,13751,25874,0,39913,27093,0,2259,0,0,15723,24224,24547,8257,26130,31547,26324,20140,13834,12843,13754,39,335,0,13418,14397,687,0,906,15795,8175,848,0,126,16098,18236,0,25992,754,31579,0,919,0,15911,0,31615,24124,0,19614,0,33795,28954,36561,699,29339,0,0,30251,24183,0,32351,0,15407,1122,3373,0,33402,26981,4647,27552,12365,0,23784,1485,0,31835,10837,0,29031,3819,0,24464,0,26796,4595,0,29269,0,0,81,0,262,31965,10398,36023,125,0,0,29265,0,0,566,0,2337,0,30017,19156,0,0,262,0,0,10761,0,10978,0,26411,335,30904,261,584,0,0,8184,21952,0,0,23436,39895,8279,908,792,35285,21871,0,0,9801,40165,673,241,35899,0,759,0,36673,8629,0,261,26771,6341,0,2240,39,0,26131,22430,6129,26902,33982,26644,10977,12315,20130,0,197,22638,753,0,6908,10588
"B8_TF1",167,0,19644,8778,0,7378,65,0,18677,23174,324,35,15060,19301,19181,561,238,0,18409,18281,80,65,64,0,0,16668,0,0,15780,0,16068,18719,290,29085,0,2135,0,0,0,0,16123,0,0,61,35,22760,21463,0,560,12662,0,184,321,0,9594,24798,0,20933,21695,0,0,16112,25161,27630,0,19381,19690,41,14724,149,13579,17713,17489,0,0,21161,236,1539,4353,9634,8704,0,12416,0,1536,247,0,17156,625,38,0,790,246,88,0,0,13319,16503,328,22748,480,0,74,255,0,518,0,7830,0,8065,0,1819,21737,0,52,22883,13387,13372,16910,9691,11027,19523,0,1841,0,17087,68,16989,23214,1886,0,22747,17215,25274,238,351,529,71,16238,377,0,37,2891,16644,0,0,0,17786,0,19621,20706,0,17113,15396,16972,10722,12454,0,0,20212,12242,57,17174,0,36,4389,420,0,338,3904,14061,258,36,362,0,0,19774,8043,19398,423,19505,0,47,18781,0,17622,15010,32,399,18172,0,316,269,0,13936,63,14731,80,17885,0,0,0,7268,0,9672,11147,40,9167,0,16034,185,22043,19796,16949,67,0,0,1957,0,603,17409,19829,0,512,0,11449,344,361,23216,17244,250,19834,189,0,77,9638,0,257,342,0,25886,321,0,86,23,7663,113,15133,0,20344,23477,0,0,1711,15433,0,356,0,249,35,18908,0,0,0,12658,7307,15990,0,21576,18280,0,1825,227,11222,22951,0,17440,400,0,9605,49,7336,0,0,19993,0,530,0,13560,0,0,910,144,6423,8072,0,0,2129,19881,12393,20268,35,0,2092,1106,69,336,0,9938,0,577,237,307,4107,0,15600,71,71,2882,1467,18504,11292,172,0,0,356,0,8255,19064,12567,112,2606,23477,0,18159,0,17706,593,17213,0,18155,10788,9704,23206,17290,0,13995,0,28,0,0,38,0,0,1479,14773,0,404,19224,0,11653,0,57,0,34,16179,19330,20135,0,0,0,0,16208,77,10362,225,17402,1093,0,16910,22411,0,13479,0,7953,172,0,978,20594,0,8075,22507,0,34,77,20954,0,12800,11562,20342,19857,269,18114,83,37,17122,0,2166,28,0,19735,0,0,2166,366,13946,0,85,15277,23297,6110,0,551,227,0,0,13813,0,17502,1816,0,251,33,2031,0,481,18886,27874,21613,11341,32,20169,0,20267,11784,1529,1863,0,92,0,198,0,823,7842
"B9_TF1",0,36,22523,15623,8241,7115,0,153,0,18909,408,0,6407,21675,21652,1107,0,0,22954,20736,0,0,62,0,38,0,0,0,24636,0,16967,24743,479,14737,0,3279,68,0,0,0,17825,13367,0,13224,0,6454,23119,0,283,5112,0,20585,12565,0,12179,15391,0,31267,23201,0,0,16182,0,72,12083,13017,13030,46,3094,18960,20429,28145,17425,0,0,2027,266,0,0,14598,15721,0,9032,16910,21472,517,742,13579,16012,24340,0,1381,0,10449,0,9096,22919,20385,267,3873,18860,985,0,451,33,0,0,25585,0,4613,0,0,11135,1116,17176,23012,13039,0,20939,0,17998,12945,0,1714,38,15873,112,13615,23818,0,0,22155,17558,21957,14591,207,581,75,7901,214,0,0,28064,30,0,636,9265,0,0,13026,236,0,24797,16972,13815,22926,78,0,0,27,9474,0,13580,0,18082,17589,575,32,214,0,917,503,15807,16630,1916,0,12950,4561,13202,4085,13138,0,0,273,0,14495,0,6308,591,101,0,467,418,19086,10814,15756,0,0,25068,61,0,0,0,148,5342,16452,14503,23779,34,23293,0,16032,13194,16814,63,15123,0,0,780,1096,17271,13093,0,283,222,7058,1651,206,23011,17164,482,13049,0,0,12526,5389,0,204,435,0,13308,25517,0,19860,0,0,304,0,17457,18078,22934,0,594,17567,6916,2417,14619,0,485,0,18912,0,0,0,19840,7082,23701,4242,21843,23222,3662,1718,266,18215,10331,0,21129,584,193,5272,0,6968,0,10917,13071,0,18969,0,13118,978,0,1090,0,0,4560,0,0,3374,13121,8895,13046,7216,0,22955,13694,0,443,0,16906,0,1068,0,400,24517,0,19868,0,0,3990,16122,39,16486,653,113,0,417,0,4794,0,8758,15813,0,8024,0,14692,26,17302,1120,21381,0,16296,11874,14920,387,14005,0,10978,0,0,0,28,27727,0,0,27906,3095,0,244,143,9129,6963,0,17653,0,0,20531,72,13395,0,0,2865,27,8324,74,0,92,13988,2423,66,8283,4288,0,13060,0,0,0,0,990,0,0,4606,11078,0,0,0,14250,0,20253,6903,0,13418,518,13269,1060,0,10913,0,3289,14625,0,1771,0,100,3314,417,28184,136,27597,0,7501,26826,744,1085,228,69,0,25858,0,17331,1702,0,214,27378,2109,0,4342,6511,776,16300,18475,0,13395,41,13531,7075,28172,16272,0,83,269,272,0,1411,7002
"B9_TF2",0,37,26036,32728,19650,18691,0,285,0,32499,618,0,4710,19771,19984,1162,0,0,18527,18184,86,0,170,0,68,0,0,0,31563,66,26821,21531,492,19018,0,5481,304,0,0,0,26853,25047,0,25042,0,11197,24598,0,651,9540,0,29091,33350,0,9817,19084,0,30870,18883,0,0,20138,0,77,14966,27991,27902,0,1867,26020,23282,31888,33456,0,0,465,299,0,0,15026,32273,32,17399,23698,31286,497,7703,30269,32928,26503,0,3907,0,24743,0,9210,29572,26638,398,568,31333,2766,59,491,86,0,0,38980,37,19225,81,0,25211,6670,27205,22066,26651,0,22667,0,28242,28105,0,5414,151,14505,64,30065,34276,0,0,33734,33192,19292,30266,364,80,150,17192,331,0,29,29572,41,0,6974,23312,41,0,27924,0,0,23202,33560,30503,26052,460,0,0,36,21441,0,30427,0,27891,33337,871,42,326,0,249,498,21471,37686,1151,0,27913,19329,28120,923,28066,0,0,56,0,24654,0,35216,811,313,0,341,506,17950,13340,29651,0,91,35598,57,0,30,0,2790,20263,28593,30388,24463,217,21820,0,32430,28019,33482,167,24828,0,0,6667,1215,33562,28298,38,639,5091,18396,480,356,22261,33515,480,28379,0,0,27813,20469,0,306,566,0,28448,29131,0,28599,0,0,506,0,22122,25567,22280,0,6259,22616,10555,9702,27826,0,509,0,14442,0,0,0,16095,18716,30995,14636,35638,29655,13061,5520,327,28322,9600,0,21218,823,37,20191,0,11049,0,18422,28448,0,31711,0,27939,5806,0,935,0,0,19506,67,70,5359,28333,17535,28789,19557,0,30904,24712,0,337,0,34641,99,1247,0,647,32907,0,31438,90,0,14584,27467,0,28466,170,92,0,607,0,19696,0,17473,29533,0,29499,0,28123,1439,33229,1182,23022,0,19747,24591,15331,68,31098,0,13341,0,0,0,157,20913,102,545,22878,1789,0,389,0,13328,18097,0,16922,0,0,26622,0,28455,110,0,10201,0,14700,84,0,289,30935,5678,90,26713,604,0,26560,0,0,0,0,967,0,120,15976,7125,0,0,71,18802,25,16176,18073,0,28853,454,24685,218,0,14828,0,5320,24305,0,201,0,1810,5309,604,25350,140,25594,0,5000,23349,8066,1209,317,93,0,27011,0,33711,5469,0,317,20930,2684,0,902,3708,244,26803,27962,0,28749,1184,28988,18340,23143,18091,0,160,100,302,0,4016,11452
"B9_TF3",0,36,26655,25703,15347,14017,0,150,0,23008,680,0,4567,19875,20075,1008,0,0,17302,21643,128,0,37,47,143,0,0,0,21680,34,27129,24512,515,13521,0,5210,70,53,0,0,26669,23964,0,26394,0,9692,22645,0,442,10574,0,25132,26064,0,11303,24189,0,22601,19901,0,0,18833,0,0,11994,28562,28741,42,755,21050,32023,28379,26774,0,30,706,570,0,0,11042,25916,0,22193,29137,25385,486,4861,24116,24010,20361,0,2348,0,17925,0,9460,17598,27509,597,587,21875,4524,0,476,80,0,0,20475,27,16243,491,0,21527,8248,22209,25390,21834,0,15232,0,22776,28721,0,7749,138,14783,173,24022,26104,0,0,19481,26792,15687,23250,403,170,36,8138,403,0,0,23625,197,0,8026,26902,0,0,28788,0,0,18172,19975,24101,30897,232,0,0,37,13823,0,23979,0,25819,23857,686,97,402,0,243,506,23992,28540,4964,0,28567,16198,28571,1757,28730,0,0,28,0,22818,0,28727,657,160,0,291,519,15269,19830,20874,0,88,26891,27,0,36,0,7570,21393,14474,23948,30122,109,24798,0,30936,28673,19985,29,22625,0,0,5293,1055,27137,29325,0,405,5218,15765,1125,407,25223,26763,490,29079,0,0,24763,21412,0,179,627,0,26446,16350,0,21038,0,0,339,0,21189,26132,25343,0,2308,24488,9095,7484,26134,0,485,35,16092,0,0,0,21823,14219,22768,17228,23771,25232,14739,7851,602,22677,9801,0,23412,641,738,21575,0,4148,0,13378,29228,0,21818,0,21885,4952,0,1038,0,0,16305,238,65,5279,29202,22348,28658,8951,61,23439,16945,0,263,0,21609,0,1023,0,614,20583,0,29785,91,0,10631,23042,0,14429,306,227,0,648,0,16370,0,22456,24346,0,26964,0,27465,488,26516,1085,15233,0,19667,24126,11371,0,24554,0,19990,0,0,0,122,19322,0,94,23716,762,101,423,0,14961,15763,0,21071,28,0,27510,80,29340,0,0,8183,0,9348,87,0,101,24687,4439,703,19113,346,0,21935,0,0,0,0,1005,0,96,11882,2787,0,0,0,10974,66,21737,16007,0,29409,481,24124,286,0,15238,0,5112,24954,0,679,91,6420,5103,630,35453,102,28238,0,1943,24840,3455,1053,178,649,0,24822,0,27416,7842,0,178,19132,2732,0,1763,6338,125,15677,22516,0,29686,5603,29767,15932,23620,28125,0,195,211,580,0,2478,4449
"B10_TF1",0,0,13857,103,484,0,0,7960,307,12072,3729,0,10202,0,0,2705,0,6151,15755,0,4783,0,0,0,0,359,3697,0,6975,0,9475,0,5734,10476,11757,2246,0,0,5277,0,0,242,10509,1780,0,6069,15169,0,6235,0,0,1692,5725,0,0,0,0,8587,18164,0,7190,10719,177,813,112,41,47,12051,4176,5122,11223,14602,108,0,0,3679,0,26,57,529,100,0,827,2430,10005,5666,40,0,7873,1418,5348,1018,0,598,5333,55,0,0,2681,11771,8351,0,0,5667,0,0,0,15738,0,397,0,0,0,0,315,151,0,424,0,95,40,52,0,3960,0,7676,0,0,13675,0,0,0,118,8378,13982,2735,0,0,5187,2698,4372,0,16412,3498,15618,0,393,262,8552,57,393,0,0,12348,0,0,6270,0,7429,2638,0,0,0,13311,1648,7554,8343,0,2741,0,3690,5773,949,8469,0,0,48,355,48,0,51,2401,0,4530,5864,0,138,153,8425,5282,0,7936,5668,160,1524,233,189,2458,14224,0,4499,0,119,0,1103,756,603,18552,0,0,0,0,47,12495,0,1275,6754,0,0,2677,116,42,0,6303,0,891,0,2773,149,109,5621,43,0,4851,776,1090,0,2490,3765,0,0,9452,0,4109,0,110,0,207,769,15600,160,13120,62,3707,8250,0,7054,9051,5763,0,12796,10036,0,0,11223,0,9962,476,16582,0,64,3907,0,51,9039,0,0,8551,0,1071,0,1466,0,154,43,0,8336,0,0,51,6768,3056,0,0,393,39,0,2302,56,784,54,143,0,6538,8892,0,7986,9241,15521,0,2704,0,3716,9055,0,14096,2314,0,0,14799,1434,822,0,0,0,3816,10043,418,309,842,4342,0,49,8614,155,0,130,2840,0,6753,6715,386,477,9468,0,0,1444,0,0,9044,0,4253,0,0,12395,4208,0,2651,3706,135,926,8131,762,38,0,0,2242,38,0,2429,32,0,7547,4850,61,3363,0,0,0,16700,7408,0,0,4231,0,0,17827,3105,161,0,0,7651,0,0,0,14494,0,11483,929,142,47,5662,0,0,0,11063,10027,2328,3250,9705,5752,0,0,2431,3743,10250,0,9926,452,11423,10325,28,2856,2543,0,0,16922,5351,95,3868,0,2542,4313,3156,14673,0,12650,3460,0,37,0,44,0,42,958,12353,4814,7032,2586,0,0,11795,1028,1525
"B10_TF2",0,0,12131,216,84,0,0,4925,1461,18617,2451,0,11699,0,0,5364,0,11533,15813,0,5385,0,0,0,0,0,17005,0,18876,0,19952,0,5480,17091,15928,2703,0,0,11582,0,0,342,10617,4000,0,17068,19784,0,5419,0,0,11762,5409,0,0,0,0,20760,21753,0,10424,16763,221,1006,123,0,0,15658,16022,10910,13060,20187,106,0,0,7295,0,0,0,859,203,0,2414,3407,13699,5465,30,216,15118,1945,11815,11624,0,3826,18095,426,0,0,15725,6340,10566,71,0,5499,0,32,0,14002,0,1678,0,73,0,0,370,166,0,419,0,238,167,0,0,5476,0,27637,0,178,19321,42,0,0,112,18422,14535,8815,0,0,19108,8782,21895,0,16596,9069,14358,0,204,1534,16603,0,4254,0,0,10742,208,0,9211,0,18898,7999,0,0,177,10805,4204,16136,5105,0,8884,0,13804,5507,3095,9825,0,0,0,1580,0,0,0,4829,0,7138,12269,0,440,586,5203,7065,0,12280,5499,944,1256,1459,184,12154,17096,0,23833,0,363,42,1668,9516,424,12016,0,0,0,0,0,14861,0,2676,8717,26,0,5398,115,0,0,5571,20,2013,0,8830,156,132,5432,0,0,13701,4488,1667,0,14812,2472,0,0,12351,0,5244,0,109,0,548,1177,16057,171,5780,0,10178,18836,29,11667,15681,5555,0,17367,16771,0,0,21446,0,17167,149,19875,0,23,5484,0,181,12266,0,0,5218,0,1703,0,4062,0,138,0,0,10600,0,0,0,11126,14712,0,0,1676,0,43,2710,0,2421,0,100,0,18691,6488,0,12352,12890,20069,0,5436,0,2431,24207,0,24046,12152,0,0,16088,3192,9648,0,0,0,2481,12777,1646,205,2533,768,0,0,14838,689,0,98,5545,0,6214,16826,821,820,9604,199,0,1312,0,0,11235,0,4642,0,0,15426,15885,0,8786,3317,36,2008,12526,2056,0,0,0,6766,0,0,11380,0,0,13194,11362,102,7159,202,0,0,25383,4902,0,0,13640,31,0,11945,14809,452,0,0,14783,0,0,0,15352,0,21208,1989,484,0,5497,0,0,0,32231,13112,2711,3343,13924,14893,0,0,2734,2489,18394,0,10623,45,17888,11552,0,5537,14891,0,0,23112,16774,98,5387,0,14675,4590,7309,19375,0,22229,10259,0,178,0,0,32,0,1941,15281,11175,16114,8776,0,0,8577,11859,4362
"B10_TF3",0,0,24237,186,350,0,0,9334,572,19520,21770,0,15919,0,0,19146,0,17811,21677,0,11725,0,0,0,0,518,17321,0,27057,0,18635,0,13365,24071,21089,14965,0,0,15602,0,0,1238,10316,6553,0,16214,26543,0,17453,0,0,7416,9709,0,0,68,0,14943,19691,0,18363,20913,318,1984,161,43,46,16802,20367,6886,31743,30222,74,0,0,18992,0,0,0,4047,222,0,2597,6991,19052,13406,0,88,10522,3130,15691,10069,0,2783,18883,88,0,0,14358,13484,27010,0,0,13501,0,0,0,15937,0,4038,0,78,0,0,1070,397,0,1480,0,109,289,43,0,11492,0,18623,0,85,17809,0,0,0,76,22158,23442,13714,0,0,13074,13738,12394,0,11416,10981,17502,37,299,375,22840,52,5813,0,0,27919,79,0,20166,0,26129,7646,0,0,83,16056,3049,19760,20208,0,13680,0,13583,13366,5110,18495,0,0,49,3985,40,0,53,27851,0,9819,15920,0,616,941,20247,10619,0,17005,13410,779,11028,203,141,17166,33104,0,17537,0,273,56,3811,8461,742,25296,0,51,0,0,49,17455,0,570,15725,0,40,19466,68,51,0,17122,0,5232,0,13615,421,73,13596,35,0,17849,5991,3897,0,15615,21994,0,0,17648,0,6399,0,713,0,3981,3143,22861,425,16585,38,15274,19458,32,16212,16166,13613,0,19935,18640,0,0,20639,0,19817,62,29061,0,78,11560,0,281,22124,0,0,20389,0,3800,0,6638,0,151,56,0,27051,0,0,0,19613,14782,0,74,3997,0,0,15339,37,2608,45,113,0,37087,10676,0,16704,22315,22962,0,19773,0,21926,20037,0,23218,17096,36,0,19220,8164,8493,0,0,0,22056,13690,4066,752,2612,1411,0,48,21347,283,0,70,19449,0,15947,15908,1306,3955,9707,69,0,10861,0,0,25777,0,8063,0,0,18972,20521,0,13427,7209,108,5284,24555,1532,0,0,0,7399,46,0,10740,140,0,26093,13469,56,14612,85,0,0,36486,12583,0,0,14277,62,0,32413,14593,210,32,0,21775,0,0,0,27913,0,20576,5156,188,55,13479,0,0,0,22349,23416,15208,5954,18740,12368,0,41,15318,21954,26196,0,12865,1192,14266,31182,0,19986,15607,0,0,31934,18771,78,11571,0,15845,8279,14263,26443,0,24188,11673,0,293,0,36,45,37,5208,19081,14467,20541,20395,35,0,16683,10039,6950
"B10_TF4",0,0,24052,258,2190,0,0,35225,4372,31515,31440,0,24477,0,0,25500,0,25689,26899,0,26235,0,0,0,31,339,23868,0,32798,0,38581,0,22007,24702,28935,16378,0,0,29732,0,0,4535,36026,16567,0,23704,26300,0,21208,0,0,20707,23121,0,0,50,0,41307,22789,0,33391,29105,354,3662,521,99,98,30788,24604,21176,42467,44135,253,0,0,16335,0,0,0,8063,277,0,9498,10245,29954,21892,29,115,21287,5857,30492,17226,0,3228,42555,193,0,0,31096,17714,26574,109,0,21619,38,0,0,31883,0,1854,0,112,0,98,2068,364,0,2905,0,1007,107,127,0,24183,0,29747,0,97,39418,0,0,0,243,28558,18866,27195,0,0,30661,27571,43471,0,31845,8824,45300,37,894,1331,29652,100,8789,0,0,31398,103,0,12215,0,43730,8621,0,0,115,42739,2171,31192,36167,0,27424,0,13848,21735,8574,25389,44,0,114,1875,119,0,116,42550,0,19018,32746,0,1717,3874,36984,15046,0,19095,21968,6044,9704,4973,182,44446,30581,0,49947,0,443,32,9690,11500,6011,35199,0,0,0,0,124,45963,0,2799,29962,0,0,26191,245,113,0,21261,31,11933,0,27353,370,261,21765,116,0,26135,14040,9861,0,35759,31339,0,0,22029,0,16600,0,412,0,2179,7516,35538,397,29174,69,23177,29318,80,27296,38135,21644,0,28397,26807,0,0,27149,0,32428,847,42372,0,93,24273,0,104,24625,0,0,36591,0,9584,0,17096,0,389,103,0,26659,0,0,75,40636,22094,0,43,1817,0,0,16385,111,9621,104,1970,0,31356,16979,0,19050,30446,29484,0,26001,0,31522,33201,0,39844,44374,0,0,35069,7416,11383,0,0,0,31394,27450,1919,590,9643,10046,42,104,29556,452,59,251,26244,0,31594,30031,1091,8092,12275,98,0,9825,0,0,36981,0,11966,0,0,36148,24743,0,27311,11861,205,11924,37081,11074,0,0,0,18089,108,0,30775,228,0,29319,27968,128,39144,121,0,0,37328,21630,0,0,27484,0,0,40041,22147,140,33,0,25093,0,0,0,23305,0,27438,11856,157,120,21822,0,0,0,25061,38834,16488,14912,43863,24525,0,69,16396,31788,32913,26,25175,902,34307,33339,327,26590,35692,0,0,38995,46257,249,24059,0,35712,12072,12081,43133,0,24690,13045,0,99,0,110,0,97,11955,36295,31234,41741,32760,27,0,32342,17304,17967
"B10_TF5",0,0,35726,903,1372,0,0,40956,4858,33678,25385,0,29218,0,0,27489,0,52183,36221,0,30469,0,0,0,51,182,40825,0,33554,0,39226,0,30722,32888,47761,16312,0,0,44330,0,0,5073,39301,19387,0,34193,47726,0,38865,0,0,17652,25805,0,0,41,0,33570,35474,0,40232,33994,485,6906,574,41,40,39634,28981,29607,41439,45479,223,0,0,27085,0,80,0,6526,967,0,3416,13805,28805,30515,72,197,21128,22835,44845,20767,0,7414,34553,1032,0,0,27079,39061,32180,105,0,30542,0,77,0,37059,0,13057,37,38,0,0,11681,217,0,2091,0,296,235,45,0,20312,38,34925,0,205,38518,0,0,0,221,32447,53289,28149,0,0,30366,28156,37523,0,52564,26650,47750,102,4810,2232,35867,48,9282,0,0,42480,210,0,30669,0,49462,15599,0,0,217,56018,13198,41899,44728,0,28041,47,20135,30674,10542,30376,37,0,47,13489,41,0,44,53079,0,18134,53501,0,4998,6642,44750,27158,0,33760,30398,2946,6729,5541,374,46043,40722,0,36192,0,474,39,10938,8519,7663,39579,36,40,0,0,57,49154,0,10238,42441,56,37,27562,195,52,0,38977,0,5771,0,28376,228,217,30535,46,0,42875,15762,11056,0,38564,25281,0,0,56043,0,18206,0,432,0,1362,9002,42266,194,30773,107,21658,34630,74,28073,57911,30956,0,39060,54161,0,0,40151,0,52189,2272,49705,0,93,20473,0,208,37079,0,0,45708,35,11005,0,18213,0,333,41,0,32015,0,0,0,52721,27535,0,59,13060,0,0,16080,53,3323,55,1584,0,45338,34206,0,33397,44464,50868,0,28183,0,25524,37146,0,44478,46247,0,0,42242,5317,8567,0,32,0,25337,50571,13556,1524,3488,17996,0,55,39123,490,0,210,28246,0,30791,42634,1036,6460,21944,190,0,6719,0,0,57970,0,6250,0,0,41254,29172,0,27939,13272,323,5669,43573,8654,0,0,0,20898,36,0,34900,78,0,34209,33528,102,41202,202,0,0,47183,20807,0,0,42044,138,0,51224,27506,502,68,0,36820,0,0,0,38421,0,40461,5814,522,45,30742,0,0,0,35144,61372,16275,16353,63563,27242,0,0,16386,25728,42780,0,32503,113,28889,54174,58,28291,38179,0,0,44808,54416,221,20252,0,38458,6216,14685,63471,0,32235,19443,0,208,0,55,0,57,5698,40981,35710,50282,33647,76,0,53638,21119,19057
